"Champion Men's Powerblend Fleece Pullover Hoodie, up to Size 4XL",Cotton/polyester blend helps reduce pilling and shrinkage.,#cotton,112911,5,enable,1230,300,50,10,https://i5.walmartimages.com/asr/caad199b-81a7-4323-a25a-4fa64691e630_1.59dc710f33f31749e3992f1698cfd0ce.jpeg,champion,Jacket,winter,no,yes,Color,Blue,Material,Cotton
"Champion Men's Powerblend Fleece Pullover Hoodie, up to Size 4XL",Cotton/polyester blend helps reduce pilling and shrinkage.,#cotton,112912,5,enable,1230,300,50,10,https://i5.walmartimages.com/asr/caad199b-81a7-4323-a25a-4fa64691e630_1.59dc710f33f31749e3992f1698cfd0ce.jpeg,champion,Jacket,winter,no,yes,Color,Blue,Material,Cotton
"Champion Men's Powerblend Fleece Pullover Hoodie, up to Size 4XL",Cotton/polyester blend helps reduce pilling and shrinkage.,#cotton,112913,5,enable,1230,300,50,10,https://i5.walmartimages.com/asr/caad199b-81a7-4323-a25a-4fa64691e630_1.59dc710f33f31749e3992f1698cfd0ce.jpeg,champion,Jacket,winter,no,yes,Color,Blue,Material,Cotton
"Champion Men's Powerblend Fleece Pullover Hoodie, up to Size 4XL",Cotton/polyester blend helps reduce pilling and shrinkage.,#cotton,112914,5,enable,1230,300,50,10,https://i5.walmartimages.com/asr/caad199b-81a7-4323-a25a-4fa64691e630_1.59dc710f33f31749e3992f1698cfd0ce.jpeg,champion,Jacket,winter,no,yes,Color,Blue,Material,Cotton
"Champion Men's Powerblend Fleece Pullover Hoodie, up to Size 4XL",Cotton/polyester blend helps reduce pilling and shrinkage.,#cotton,112915,5,enable,1230,300,50,10,https://i5.walmartimages.com/asr/caad199b-81a7-4323-a25a-4fa64691e630_1.59dc710f33f31749e3992f1698cfd0ce.jpeg,champion,Jacket,winter,no,yes,Color,Blue,Material,Cotton
"Champion Men's Powerblend Fleece Pullover Hoodie, up to Size 4XL",Cotton/polyester blend helps reduce pilling and shrinkage.,#cotton,112916,5,enable,1230,300,50,10,https://i5.walmartimages.com/asr/caad199b-81a7-4323-a25a-4fa64691e630_1.59dc710f33f31749e3992f1698cfd0ce.jpeg,champion,Jacket,winter,no,yes,Color,Blue,Material,Cotton
"Champion Men's Powerblend Fleece Pullover Hoodie, up to Size 4XL",Cotton/polyester blend helps reduce pilling and shrinkage.,#cotton,112917,5,enable,1230,300,50,10,https://i5.walmartimages.com/asr/caad199b-81a7-4323-a25a-4fa64691e630_1.59dc710f33f31749e3992f1698cfd0ce.jpeg,champion,Jacket,winter,no,yes,Color,Blue,Material,Cotton
"Champion Men's Powerblend Fleece Pullover Hoodie, up to Size 4XL",Cotton/polyester blend helps reduce pilling and shrinkage.,#cotton,112918,5,enable,1230,300,50,10,https://i5.walmartimages.com/asr/caad199b-81a7-4323-a25a-4fa64691e630_1.59dc710f33f31749e3992f1698cfd0ce.jpeg,champion,Jacket,winter,no,yes,Color,Blue,Material,Cotton
"Champion Men's Powerblend Fleece Pullover Hoodie, up to Size 4XL",Cotton/polyester blend helps reduce pilling and shrinkage.,#cotton,112919,5,enable,1230,300,50,10,https://i5.walmartimages.com/asr/caad199b-81a7-4323-a25a-4fa64691e630_1.59dc710f33f31749e3992f1698cfd0ce.jpeg,champion,Jacket,winter,no,yes,Color,Blue,Material,Cotton
"Champion Men's Powerblend Fleece Pullover Hoodie, up to Size 4XL",Cotton/polyester blend helps reduce pilling and shrinkage.,#cotton,112920,5,enable,1230,300,50,10,https://i5.walmartimages.com/asr/caad199b-81a7-4323-a25a-4fa64691e630_1.59dc710f33f31749e3992f1698cfd0ce.jpeg,champion,Jacket,winter,no,yes,Color,Blue,Material,Cotton
"Champion Men's Powerblend Fleece Pullover Hoodie, up to Size 4XL",Cotton/polyester blend helps reduce pilling and shrinkage.,#cotton,112921,5,enable,1230,300,50,10,https://i5.walmartimages.com/asr/caad199b-81a7-4323-a25a-4fa64691e630_1.59dc710f33f31749e3992f1698cfd0ce.jpeg,champion,Jacket,winter,no,yes,Color,Blue,Material,Cotton
"Champion Men's Powerblend Fleece Pullover Hoodie, up to Size 4XL",Cotton/polyester blend helps reduce pilling and shrinkage.,#cotton,112922,5,enable,1230,300,50,10,https://i5.walmartimages.com/asr/caad199b-81a7-4323-a25a-4fa64691e630_1.59dc710f33f31749e3992f1698cfd0ce.jpeg,champion,Jacket,winter,no,yes,Color,Blue,Material,Cotton
"Champion Men's Powerblend Fleece Pullover Hoodie, up to Size 4XL",Cotton/polyester blend helps reduce pilling and shrinkage.,#cotton,112923,5,enable,1230,300,50,10,https://i5.walmartimages.com/asr/caad199b-81a7-4323-a25a-4fa64691e630_1.59dc710f33f31749e3992f1698cfd0ce.jpeg,champion,Jacket,winter,no,yes,Color,Blue,Material,Cotton
"Champion Men's Powerblend Fleece Pullover Hoodie, up to Size 4XL",Cotton/polyester blend helps reduce pilling and shrinkage.,#cotton,112924,5,enable,1230,300,50,10,https://i5.walmartimages.com/asr/caad199b-81a7-4323-a25a-4fa64691e630_1.59dc710f33f31749e3992f1698cfd0ce.jpeg,champion,Jacket,winter,no,yes,Color,Blue,Material,Cotton
"Champion Men's Powerblend Fleece Pullover Hoodie, up to Size 4XL",Cotton/polyester blend helps reduce pilling and shrinkage.,#cotton,112925,5,enable,1230,300,50,10,https://i5.walmartimages.com/asr/caad199b-81a7-4323-a25a-4fa64691e630_1.59dc710f33f31749e3992f1698cfd0ce.jpeg,champion,Jacket,winter,no,yes,Color,Blue,Material,Cotton
"Champion Men's Powerblend Fleece Pullover Hoodie, up to Size 4XL",Cotton/polyester blend helps reduce pilling and shrinkage.,#cotton,112926,5,enable,1230,300,50,10,https://i5.walmartimages.com/asr/caad199b-81a7-4323-a25a-4fa64691e630_1.59dc710f33f31749e3992f1698cfd0ce.jpeg,champion,Jacket,winter,no,yes,Color,Blue,Material,Cotton
"Champion Men's Powerblend Fleece Pullover Hoodie, up to Size 4XL",Cotton/polyester blend helps reduce pilling and shrinkage.,#cotton,112927,5,enable,1230,300,50,10,https://i5.walmartimages.com/asr/caad199b-81a7-4323-a25a-4fa64691e630_1.59dc710f33f31749e3992f1698cfd0ce.jpeg,champion,Jacket,winter,no,yes,Color,Blue,Material,Cotton
"Champion Men's Powerblend Fleece Pullover Hoodie, up to Size 4XL",Cotton/polyester blend helps reduce pilling and shrinkage.,#cotton,112928,5,enable,1230,300,50,10,https://i5.walmartimages.com/asr/caad199b-81a7-4323-a25a-4fa64691e630_1.59dc710f33f31749e3992f1698cfd0ce.jpeg,champion,Jacket,winter,no,yes,Color,Blue,Material,Cotton
"Champion Men's Powerblend Fleece Pullover Hoodie, up to Size 4XL",Cotton/polyester blend helps reduce pilling and shrinkage.,#cotton,112929,5,enable,1230,300,50,10,https://i5.walmartimages.com/asr/caad199b-81a7-4323-a25a-4fa64691e630_1.59dc710f33f31749e3992f1698cfd0ce.jpeg,champion,Jacket,winter,no,yes,Color,Blue,Material,Cotton
"Champion Men's Powerblend Fleece Pullover Hoodie, up to Size 4XL",Cotton/polyester blend helps reduce pilling and shrinkage.,#cotton,112930,5,enable,1230,300,50,10,https://i5.walmartimages.com/asr/caad199b-81a7-4323-a25a-4fa64691e630_1.59dc710f33f31749e3992f1698cfd0ce.jpeg,champion,Jacket,winter,no,yes,Color,Blue,Material,Cotton
"Champion Men's Powerblend Fleece Pullover Hoodie, up to Size 4XL",Cotton/polyester blend helps reduce pilling and shrinkage.,#cotton,112931,5,enable,1230,300,50,10,https://i5.walmartimages.com/asr/caad199b-81a7-4323-a25a-4fa64691e630_1.59dc710f33f31749e3992f1698cfd0ce.jpeg,champion,Jacket,winter,no,yes,Color,Blue,Material,Cotton
"Champion Men's Powerblend Fleece Pullover Hoodie, up to Size 4XL",Cotton/polyester blend helps reduce pilling and shrinkage.,#cotton,112932,5,enable,1230,300,50,10,https://i5.walmartimages.com/asr/caad199b-81a7-4323-a25a-4fa64691e630_1.59dc710f33f31749e3992f1698cfd0ce.jpeg,champion,Jacket,winter,no,yes,Color,Blue,Material,Cotton
"Champion Men's Powerblend Fleece Pullover Hoodie, up to Size 4XL",Cotton/polyester blend helps reduce pilling and shrinkage.,#cotton,112933,5,enable,1230,300,50,10,https://i5.walmartimages.com/asr/caad199b-81a7-4323-a25a-4fa64691e630_1.59dc710f33f31749e3992f1698cfd0ce.jpeg,champion,Jacket,winter,no,yes,Color,Blue,Material,Cotton
"Champion Men's Powerblend Fleece Pullover Hoodie, up to Size 4XL",Cotton/polyester blend helps reduce pilling and shrinkage.,#cotton,112934,5,enable,1230,300,50,10,https://i5.walmartimages.com/asr/caad199b-81a7-4323-a25a-4fa64691e630_1.59dc710f33f31749e3992f1698cfd0ce.jpeg,champion,Jacket,winter,no,yes,Color,Blue,Material,Cotton
"Champion Men's Powerblend Fleece Pullover Hoodie, up to Size 4XL",Cotton/polyester blend helps reduce pilling and shrinkage.,#cotton,112935,5,enable,1230,300,50,10,https://i5.walmartimages.com/asr/caad199b-81a7-4323-a25a-4fa64691e630_1.59dc710f33f31749e3992f1698cfd0ce.jpeg,champion,Jacket,winter,no,yes,Color,Blue,Material,Cotton
"Champion Men's Powerblend Fleece Pullover Hoodie, up to Size 4XL",Cotton/polyester blend helps reduce pilling and shrinkage.,#cotton,112936,5,enable,1230,300,50,10,https://i5.walmartimages.com/asr/caad199b-81a7-4323-a25a-4fa64691e630_1.59dc710f33f31749e3992f1698cfd0ce.jpeg,champion,Jacket,winter,no,yes,Color,Blue,Material,Cotton
"Champion Men's Powerblend Fleece Pullover Hoodie, up to Size 4XL",Cotton/polyester blend helps reduce pilling and shrinkage.,#cotton,112937,5,enable,1230,300,50,10,https://i5.walmartimages.com/asr/caad199b-81a7-4323-a25a-4fa64691e630_1.59dc710f33f31749e3992f1698cfd0ce.jpeg,champion,Jacket,winter,no,yes,Color,Blue,Material,Cotton
"Champion Men's Powerblend Fleece Pullover Hoodie, up to Size 4XL",Cotton/polyester blend helps reduce pilling and shrinkage.,#cotton,112938,5,enable,1230,300,50,10,https://i5.walmartimages.com/asr/caad199b-81a7-4323-a25a-4fa64691e630_1.59dc710f33f31749e3992f1698cfd0ce.jpeg,champion,Jacket,winter,no,yes,Color,Blue,Material,Cotton
"Champion Men's Powerblend Fleece Pullover Hoodie, up to Size 4XL",Cotton/polyester blend helps reduce pilling and shrinkage.,#cotton,112939,5,enable,1230,300,50,10,https://i5.walmartimages.com/asr/caad199b-81a7-4323-a25a-4fa64691e630_1.59dc710f33f31749e3992f1698cfd0ce.jpeg,champion,Jacket,winter,no,yes,Color,Blue,Material,Cotton
"Champion Men's Powerblend Fleece Pullover Hoodie, up to Size 4XL",Cotton/polyester blend helps reduce pilling and shrinkage.,#cotton,112940,5,enable,1230,300,50,10,https://i5.walmartimages.com/asr/caad199b-81a7-4323-a25a-4fa64691e630_1.59dc710f33f31749e3992f1698cfd0ce.jpeg,champion,Jacket,winter,no,yes,Color,Blue,Material,Cotton
"Champion Men's Powerblend Fleece Pullover Hoodie, up to Size 4XL",Cotton/polyester blend helps reduce pilling and shrinkage.,#cotton,112941,5,enable,1230,300,50,10,https://i5.walmartimages.com/asr/caad199b-81a7-4323-a25a-4fa64691e630_1.59dc710f33f31749e3992f1698cfd0ce.jpeg,champion,Jacket,winter,no,yes,Color,Blue,Material,Cotton
"Champion Men's Powerblend Fleece Pullover Hoodie, up to Size 4XL",Cotton/polyester blend helps reduce pilling and shrinkage.,#cotton,112942,5,enable,1230,300,50,10,https://i5.walmartimages.com/asr/caad199b-81a7-4323-a25a-4fa64691e630_1.59dc710f33f31749e3992f1698cfd0ce.jpeg,champion,Jacket,winter,no,yes,Color,Blue,Material,Cotton
"Champion Men's Powerblend Fleece Pullover Hoodie, up to Size 4XL",Cotton/polyester blend helps reduce pilling and shrinkage.,#cotton,112943,5,enable,1230,300,50,10,https://i5.walmartimages.com/asr/caad199b-81a7-4323-a25a-4fa64691e630_1.59dc710f33f31749e3992f1698cfd0ce.jpeg,champion,Jacket,winter,no,yes,Color,Blue,Material,Cotton
"Champion Men's Powerblend Fleece Pullover Hoodie, up to Size 4XL",Cotton/polyester blend helps reduce pilling and shrinkage.,#cotton,112944,5,enable,1230,300,50,10,https://i5.walmartimages.com/asr/caad199b-81a7-4323-a25a-4fa64691e630_1.59dc710f33f31749e3992f1698cfd0ce.jpeg,champion,Jacket,winter,no,yes,Color,Blue,Material,Cotton
"Champion Men's Powerblend Fleece Pullover Hoodie, up to Size 4XL",Cotton/polyester blend helps reduce pilling and shrinkage.,#cotton,112945,5,enable,1230,300,50,10,https://i5.walmartimages.com/asr/caad199b-81a7-4323-a25a-4fa64691e630_1.59dc710f33f31749e3992f1698cfd0ce.jpeg,champion,Jacket,winter,no,yes,Color,Blue,Material,Cotton
"Champion Men's Powerblend Fleece Pullover Hoodie, up to Size 4XL",Cotton/polyester blend helps reduce pilling and shrinkage.,#cotton,112946,5,enable,1230,300,50,10,https://i5.walmartimages.com/asr/caad199b-81a7-4323-a25a-4fa64691e630_1.59dc710f33f31749e3992f1698cfd0ce.jpeg,champion,Jacket,winter,no,yes,Color,Blue,Material,Cotton
"Champion Men's Powerblend Fleece Pullover Hoodie, up to Size 4XL",Cotton/polyester blend helps reduce pilling and shrinkage.,#cotton,112947,5,enable,1230,300,50,10,https://i5.walmartimages.com/asr/caad199b-81a7-4323-a25a-4fa64691e630_1.59dc710f33f31749e3992f1698cfd0ce.jpeg,champion,Jacket,winter,no,yes,Color,Blue,Material,Cotton
"Champion Men's Powerblend Fleece Pullover Hoodie, up to Size 4XL",Cotton/polyester blend helps reduce pilling and shrinkage.,#cotton,112948,5,enable,1230,300,50,10,https://i5.walmartimages.com/asr/caad199b-81a7-4323-a25a-4fa64691e630_1.59dc710f33f31749e3992f1698cfd0ce.jpeg,champion,Jacket,winter,no,yes,Color,Blue,Material,Cotton
"Champion Men's Powerblend Fleece Pullover Hoodie, up to Size 4XL",Cotton/polyester blend helps reduce pilling and shrinkage.,#cotton,112949,5,enable,1230,300,50,10,https://i5.walmartimages.com/asr/caad199b-81a7-4323-a25a-4fa64691e630_1.59dc710f33f31749e3992f1698cfd0ce.jpeg,champion,Jacket,winter,no,yes,Color,Blue,Material,Cotton
"Champion Men's Powerblend Fleece Pullover Hoodie, up to Size 4XL",Cotton/polyester blend helps reduce pilling and shrinkage.,#cotton,112950,5,enable,1230,300,50,10,https://i5.walmartimages.com/asr/caad199b-81a7-4323-a25a-4fa64691e630_1.59dc710f33f31749e3992f1698cfd0ce.jpeg,champion,Jacket,winter,no,yes,Color,Blue,Material,Cotton
"Champion Men's Powerblend Fleece Pullover Hoodie, up to Size 4XL",Cotton/polyester blend helps reduce pilling and shrinkage.,#cotton,112951,5,enable,1230,300,50,10,https://i5.walmartimages.com/asr/caad199b-81a7-4323-a25a-4fa64691e630_1.59dc710f33f31749e3992f1698cfd0ce.jpeg,champion,Jacket,winter,no,yes,Color,Blue,Material,Cotton
"Champion Men's Powerblend Fleece Pullover Hoodie, up to Size 4XL",Cotton/polyester blend helps reduce pilling and shrinkage.,#cotton,112952,5,enable,1230,300,50,10,https://i5.walmartimages.com/asr/caad199b-81a7-4323-a25a-4fa64691e630_1.59dc710f33f31749e3992f1698cfd0ce.jpeg,champion,Jacket,winter,no,yes,Color,Blue,Material,Cotton
"Champion Men's Powerblend Fleece Pullover Hoodie, up to Size 4XL",Cotton/polyester blend helps reduce pilling and shrinkage.,#cotton,112953,5,enable,1230,300,50,10,https://i5.walmartimages.com/asr/caad199b-81a7-4323-a25a-4fa64691e630_1.59dc710f33f31749e3992f1698cfd0ce.jpeg,champion,Jacket,winter,no,yes,Color,Blue,Material,Cotton
"Champion Men's Powerblend Fleece Pullover Hoodie, up to Size 4XL",Cotton/polyester blend helps reduce pilling and shrinkage.,#cotton,112954,5,enable,1230,300,50,10,https://i5.walmartimages.com/asr/caad199b-81a7-4323-a25a-4fa64691e630_1.59dc710f33f31749e3992f1698cfd0ce.jpeg,champion,Jacket,winter,no,yes,Color,Blue,Material,Cotton
"Champion Men's Powerblend Fleece Pullover Hoodie, up to Size 4XL",Cotton/polyester blend helps reduce pilling and shrinkage.,#cotton,112955,5,enable,1230,300,50,10,https://i5.walmartimages.com/asr/caad199b-81a7-4323-a25a-4fa64691e630_1.59dc710f33f31749e3992f1698cfd0ce.jpeg,champion,Jacket,winter,no,yes,Color,Blue,Material,Cotton
"Champion Men's Powerblend Fleece Pullover Hoodie, up to Size 4XL",Cotton/polyester blend helps reduce pilling and shrinkage.,#cotton,112956,5,enable,1230,300,50,10,https://i5.walmartimages.com/asr/caad199b-81a7-4323-a25a-4fa64691e630_1.59dc710f33f31749e3992f1698cfd0ce.jpeg,champion,Jacket,winter,no,yes,Color,Blue,Material,Cotton
"Champion Men's Powerblend Fleece Pullover Hoodie, up to Size 4XL",Cotton/polyester blend helps reduce pilling and shrinkage.,#cotton,112957,5,enable,1230,300,50,10,https://i5.walmartimages.com/asr/caad199b-81a7-4323-a25a-4fa64691e630_1.59dc710f33f31749e3992f1698cfd0ce.jpeg,champion,Jacket,winter,no,yes,Color,Blue,Material,Cotton
"Champion Men's Powerblend Fleece Pullover Hoodie, up to Size 4XL",Cotton/polyester blend helps reduce pilling and shrinkage.,#cotton,112958,5,enable,1230,300,50,10,https://i5.walmartimages.com/asr/caad199b-81a7-4323-a25a-4fa64691e630_1.59dc710f33f31749e3992f1698cfd0ce.jpeg,champion,Jacket,winter,no,yes,Color,Blue,Material,Cotton
"Champion Men's Powerblend Fleece Pullover Hoodie, up to Size 4XL",Cotton/polyester blend helps reduce pilling and shrinkage.,#cotton,112959,5,enable,1230,300,50,10,https://i5.walmartimages.com/asr/caad199b-81a7-4323-a25a-4fa64691e630_1.59dc710f33f31749e3992f1698cfd0ce.jpeg,champion,Jacket,winter,no,yes,Color,Blue,Material,Cotton
"Champion Men's Powerblend Fleece Pullover Hoodie, up to Size 4XL",Cotton/polyester blend helps reduce pilling and shrinkage.,#cotton,112960,5,enable,1230,300,50,10,https://i5.walmartimages.com/asr/caad199b-81a7-4323-a25a-4fa64691e630_1.59dc710f33f31749e3992f1698cfd0ce.jpeg,champion,Jacket,winter,no,yes,Color,Blue,Material,Cotton
"Champion Men's Powerblend Fleece Pullover Hoodie, up to Size 4XL",Cotton/polyester blend helps reduce pilling and shrinkage.,#cotton,112961,5,enable,1230,300,50,10,https://i5.walmartimages.com/asr/caad199b-81a7-4323-a25a-4fa64691e630_1.59dc710f33f31749e3992f1698cfd0ce.jpeg,champion,Jacket,winter,no,yes,Color,Blue,Material,Cotton
"Champion Men's Powerblend Fleece Pullover Hoodie, up to Size 4XL",Cotton/polyester blend helps reduce pilling and shrinkage.,#cotton,112962,5,enable,1230,300,50,10,https://i5.walmartimages.com/asr/caad199b-81a7-4323-a25a-4fa64691e630_1.59dc710f33f31749e3992f1698cfd0ce.jpeg,champion,Jacket,winter,no,yes,Color,Blue,Material,Cotton
"Champion Men's Powerblend Fleece Pullover Hoodie, up to Size 4XL",Cotton/polyester blend helps reduce pilling and shrinkage.,#cotton,112963,5,enable,1230,300,50,10,https://i5.walmartimages.com/asr/caad199b-81a7-4323-a25a-4fa64691e630_1.59dc710f33f31749e3992f1698cfd0ce.jpeg,champion,Jacket,winter,no,yes,Color,Blue,Material,Cotton
"Champion Men's Powerblend Fleece Pullover Hoodie, up to Size 4XL",Cotton/polyester blend helps reduce pilling and shrinkage.,#cotton,112964,5,enable,1230,300,50,10,https://i5.walmartimages.com/asr/caad199b-81a7-4323-a25a-4fa64691e630_1.59dc710f33f31749e3992f1698cfd0ce.jpeg,champion,Jacket,winter,no,yes,Color,Blue,Material,Cotton
"Champion Men's Powerblend Fleece Pullover Hoodie, up to Size 4XL",Cotton/polyester blend helps reduce pilling and shrinkage.,#cotton,112965,5,enable,1230,300,50,10,https://i5.walmartimages.com/asr/caad199b-81a7-4323-a25a-4fa64691e630_1.59dc710f33f31749e3992f1698cfd0ce.jpeg,champion,Jacket,winter,no,yes,Color,Blue,Material,Cotton
"Champion Men's Powerblend Fleece Pullover Hoodie, up to Size 4XL",Cotton/polyester blend helps reduce pilling and shrinkage.,#cotton,112966,5,enable,1230,300,50,10,https://i5.walmartimages.com/asr/caad199b-81a7-4323-a25a-4fa64691e630_1.59dc710f33f31749e3992f1698cfd0ce.jpeg,champion,Jacket,winter,no,yes,Color,Blue,Material,Cotton
"Champion Men's Powerblend Fleece Pullover Hoodie, up to Size 4XL",Cotton/polyester blend helps reduce pilling and shrinkage.,#cotton,112967,5,enable,1230,300,50,10,https://i5.walmartimages.com/asr/caad199b-81a7-4323-a25a-4fa64691e630_1.59dc710f33f31749e3992f1698cfd0ce.jpeg,champion,Jacket,winter,no,yes,Color,Blue,Material,Cotton
"Champion Men's Powerblend Fleece Pullover Hoodie, up to Size 4XL",Cotton/polyester blend helps reduce pilling and shrinkage.,#cotton,112968,5,enable,1230,300,50,10,https://i5.walmartimages.com/asr/caad199b-81a7-4323-a25a-4fa64691e630_1.59dc710f33f31749e3992f1698cfd0ce.jpeg,champion,Jacket,winter,no,yes,Color,Blue,Material,Cotton
"Champion Men's Powerblend Fleece Pullover Hoodie, up to Size 4XL",Cotton/polyester blend helps reduce pilling and shrinkage.,#cotton,112969,5,enable,1230,300,50,10,https://i5.walmartimages.com/asr/caad199b-81a7-4323-a25a-4fa64691e630_1.59dc710f33f31749e3992f1698cfd0ce.jpeg,champion,Jacket,winter,no,yes,Color,Blue,Material,Cotton
"Champion Men's Powerblend Fleece Pullover Hoodie, up to Size 4XL",Cotton/polyester blend helps reduce pilling and shrinkage.,#cotton,112970,5,enable,1230,300,50,10,https://i5.walmartimages.com/asr/caad199b-81a7-4323-a25a-4fa64691e630_1.59dc710f33f31749e3992f1698cfd0ce.jpeg,champion,Jacket,winter,no,yes,Color,Blue,Material,Cotton
"Champion Men's Powerblend Fleece Pullover Hoodie, up to Size 4XL",Cotton/polyester blend helps reduce pilling and shrinkage.,#cotton,112971,5,enable,1230,300,50,10,https://i5.walmartimages.com/asr/caad199b-81a7-4323-a25a-4fa64691e630_1.59dc710f33f31749e3992f1698cfd0ce.jpeg,champion,Jacket,winter,no,yes,Color,Blue,Material,Cotton
"Champion Men's Powerblend Fleece Pullover Hoodie, up to Size 4XL",Cotton/polyester blend helps reduce pilling and shrinkage.,#cotton,112972,5,enable,1230,300,50,10,https://i5.walmartimages.com/asr/caad199b-81a7-4323-a25a-4fa64691e630_1.59dc710f33f31749e3992f1698cfd0ce.jpeg,champion,Jacket,winter,no,yes,Color,Blue,Material,Cotton
"Champion Men's Powerblend Fleece Pullover Hoodie, up to Size 4XL",Cotton/polyester blend helps reduce pilling and shrinkage.,#cotton,112973,5,enable,1230,300,50,10,https://i5.walmartimages.com/asr/caad199b-81a7-4323-a25a-4fa64691e630_1.59dc710f33f31749e3992f1698cfd0ce.jpeg,champion,Jacket,winter,no,yes,Color,Blue,Material,Cotton
"Champion Men's Powerblend Fleece Pullover Hoodie, up to Size 4XL",Cotton/polyester blend helps reduce pilling and shrinkage.,#cotton,112974,5,enable,1230,300,50,10,https://i5.walmartimages.com/asr/caad199b-81a7-4323-a25a-4fa64691e630_1.59dc710f33f31749e3992f1698cfd0ce.jpeg,champion,Jacket,winter,no,yes,Color,Blue,Material,Cotton
"Champion Men's Powerblend Fleece Pullover Hoodie, up to Size 4XL",Cotton/polyester blend helps reduce pilling and shrinkage.,#cotton,112975,5,enable,1230,300,50,10,https://i5.walmartimages.com/asr/caad199b-81a7-4323-a25a-4fa64691e630_1.59dc710f33f31749e3992f1698cfd0ce.jpeg,champion,Jacket,winter,no,yes,Color,Blue,Material,Cotton
"Champion Men's Powerblend Fleece Pullover Hoodie, up to Size 4XL",Cotton/polyester blend helps reduce pilling and shrinkage.,#cotton,112976,5,enable,1230,300,50,10,https://i5.walmartimages.com/asr/caad199b-81a7-4323-a25a-4fa64691e630_1.59dc710f33f31749e3992f1698cfd0ce.jpeg,champion,Jacket,winter,no,yes,Color,Blue,Material,Cotton
"Champion Men's Powerblend Fleece Pullover Hoodie, up to Size 4XL",Cotton/polyester blend helps reduce pilling and shrinkage.,#cotton,112977,5,enable,1230,300,50,10,https://i5.walmartimages.com/asr/caad199b-81a7-4323-a25a-4fa64691e630_1.59dc710f33f31749e3992f1698cfd0ce.jpeg,champion,Jacket,winter,no,yes,Color,Blue,Material,Cotton
"Champion Men's Powerblend Fleece Pullover Hoodie, up to Size 4XL",Cotton/polyester blend helps reduce pilling and shrinkage.,#cotton,112978,5,enable,1230,300,50,10,https://i5.walmartimages.com/asr/caad199b-81a7-4323-a25a-4fa64691e630_1.59dc710f33f31749e3992f1698cfd0ce.jpeg,champion,Jacket,winter,no,yes,Color,Blue,Material,Cotton
"Champion Men's Powerblend Fleece Pullover Hoodie, up to Size 4XL",Cotton/polyester blend helps reduce pilling and shrinkage.,#cotton,112979,5,enable,1230,300,50,10,https://i5.walmartimages.com/asr/caad199b-81a7-4323-a25a-4fa64691e630_1.59dc710f33f31749e3992f1698cfd0ce.jpeg,champion,Jacket,winter,no,yes,Color,Blue,Material,Cotton
"Champion Men's Powerblend Fleece Pullover Hoodie, up to Size 4XL",Cotton/polyester blend helps reduce pilling and shrinkage.,#cotton,112980,5,enable,1230,300,50,10,https://i5.walmartimages.com/asr/caad199b-81a7-4323-a25a-4fa64691e630_1.59dc710f33f31749e3992f1698cfd0ce.jpeg,champion,Jacket,winter,no,yes,Color,Blue,Material,Cotton
"Champion Men's Powerblend Fleece Pullover Hoodie, up to Size 4XL",Cotton/polyester blend helps reduce pilling and shrinkage.,#cotton,112981,5,enable,1230,300,50,10,https://i5.walmartimages.com/asr/caad199b-81a7-4323-a25a-4fa64691e630_1.59dc710f33f31749e3992f1698cfd0ce.jpeg,champion,Jacket,winter,no,yes,Color,Blue,Material,Cotton
"Champion Men's Powerblend Fleece Pullover Hoodie, up to Size 4XL",Cotton/polyester blend helps reduce pilling and shrinkage.,#cotton,112982,5,enable,1230,300,50,10,https://i5.walmartimages.com/asr/caad199b-81a7-4323-a25a-4fa64691e630_1.59dc710f33f31749e3992f1698cfd0ce.jpeg,champion,Jacket,winter,no,yes,Color,Blue,Material,Cotton
"Champion Men's Powerblend Fleece Pullover Hoodie, up to Size 4XL",Cotton/polyester blend helps reduce pilling and shrinkage.,#cotton,112983,5,enable,1230,300,50,10,https://i5.walmartimages.com/asr/caad199b-81a7-4323-a25a-4fa64691e630_1.59dc710f33f31749e3992f1698cfd0ce.jpeg,champion,Jacket,winter,no,yes,Color,Blue,Material,Cotton
"Champion Men's Powerblend Fleece Pullover Hoodie, up to Size 4XL",Cotton/polyester blend helps reduce pilling and shrinkage.,#cotton,112984,5,enable,1230,300,50,10,https://i5.walmartimages.com/asr/caad199b-81a7-4323-a25a-4fa64691e630_1.59dc710f33f31749e3992f1698cfd0ce.jpeg,champion,Jacket,winter,no,yes,Color,Blue,Material,Cotton
"Champion Men's Powerblend Fleece Pullover Hoodie, up to Size 4XL",Cotton/polyester blend helps reduce pilling and shrinkage.,#cotton,112985,5,enable,1230,300,50,10,https://i5.walmartimages.com/asr/caad199b-81a7-4323-a25a-4fa64691e630_1.59dc710f33f31749e3992f1698cfd0ce.jpeg,champion,Jacket,winter,no,yes,Color,Blue,Material,Cotton
"Champion Men's Powerblend Fleece Pullover Hoodie, up to Size 4XL",Cotton/polyester blend helps reduce pilling and shrinkage.,#cotton,112986,5,enable,1230,300,50,10,https://i5.walmartimages.com/asr/caad199b-81a7-4323-a25a-4fa64691e630_1.59dc710f33f31749e3992f1698cfd0ce.jpeg,champion,Jacket,winter,no,yes,Color,Blue,Material,Cotton
"Champion Men's Powerblend Fleece Pullover Hoodie, up to Size 4XL",Cotton/polyester blend helps reduce pilling and shrinkage.,#cotton,112987,5,enable,1230,300,50,10,https://i5.walmartimages.com/asr/caad199b-81a7-4323-a25a-4fa64691e630_1.59dc710f33f31749e3992f1698cfd0ce.jpeg,champion,Jacket,winter,no,yes,Color,Blue,Material,Cotton
"Champion Men's Powerblend Fleece Pullover Hoodie, up to Size 4XL",Cotton/polyester blend helps reduce pilling and shrinkage.,#cotton,112988,5,enable,1230,300,50,10,https://i5.walmartimages.com/asr/caad199b-81a7-4323-a25a-4fa64691e630_1.59dc710f33f31749e3992f1698cfd0ce.jpeg,champion,Jacket,winter,no,yes,Color,Blue,Material,Cotton
"Champion Men's Powerblend Fleece Pullover Hoodie, up to Size 4XL",Cotton/polyester blend helps reduce pilling and shrinkage.,#cotton,112989,5,enable,1230,300,50,10,https://i5.walmartimages.com/asr/caad199b-81a7-4323-a25a-4fa64691e630_1.59dc710f33f31749e3992f1698cfd0ce.jpeg,champion,Jacket,winter,no,yes,Color,Blue,Material,Cotton
"Champion Men's Powerblend Fleece Pullover Hoodie, up to Size 4XL",Cotton/polyester blend helps reduce pilling and shrinkage.,#cotton,112990,5,enable,1230,300,50,10,https://i5.walmartimages.com/asr/caad199b-81a7-4323-a25a-4fa64691e630_1.59dc710f33f31749e3992f1698cfd0ce.jpeg,champion,Jacket,winter,no,yes,Color,Blue,Material,Cotton
"Champion Men's Powerblend Fleece Pullover Hoodie, up to Size 4XL",Cotton/polyester blend helps reduce pilling and shrinkage.,#cotton,112991,5,enable,1230,300,50,10,https://i5.walmartimages.com/asr/caad199b-81a7-4323-a25a-4fa64691e630_1.59dc710f33f31749e3992f1698cfd0ce.jpeg,champion,Jacket,winter,no,yes,Color,Blue,Material,Cotton
"Champion Men's Powerblend Fleece Pullover Hoodie, up to Size 4XL",Cotton/polyester blend helps reduce pilling and shrinkage.,#cotton,112992,5,enable,1230,300,50,10,https://i5.walmartimages.com/asr/caad199b-81a7-4323-a25a-4fa64691e630_1.59dc710f33f31749e3992f1698cfd0ce.jpeg,champion,Jacket,winter,no,yes,Color,Blue,Material,Cotton
"Champion Men's Powerblend Fleece Pullover Hoodie, up to Size 4XL",Cotton/polyester blend helps reduce pilling and shrinkage.,#cotton,112993,5,enable,1230,300,50,10,https://i5.walmartimages.com/asr/caad199b-81a7-4323-a25a-4fa64691e630_1.59dc710f33f31749e3992f1698cfd0ce.jpeg,champion,Jacket,winter,no,yes,Color,Blue,Material,Cotton
"Champion Men's Powerblend Fleece Pullover Hoodie, up to Size 4XL",Cotton/polyester blend helps reduce pilling and shrinkage.,#cotton,112994,5,enable,1230,300,50,10,https://i5.walmartimages.com/asr/caad199b-81a7-4323-a25a-4fa64691e630_1.59dc710f33f31749e3992f1698cfd0ce.jpeg,champion,Jacket,winter,no,yes,Color,Blue,Material,Cotton
"Champion Men's Powerblend Fleece Pullover Hoodie, up to Size 4XL",Cotton/polyester blend helps reduce pilling and shrinkage.,#cotton,112995,5,enable,1230,300,50,10,https://i5.walmartimages.com/asr/caad199b-81a7-4323-a25a-4fa64691e630_1.59dc710f33f31749e3992f1698cfd0ce.jpeg,champion,Jacket,winter,no,yes,Color,Blue,Material,Cotton
"Champion Men's Powerblend Fleece Pullover Hoodie, up to Size 4XL",Cotton/polyester blend helps reduce pilling and shrinkage.,#cotton,112996,5,enable,1230,300,50,10,https://i5.walmartimages.com/asr/caad199b-81a7-4323-a25a-4fa64691e630_1.59dc710f33f31749e3992f1698cfd0ce.jpeg,champion,Jacket,winter,no,yes,Color,Blue,Material,Cotton
"Champion Men's Powerblend Fleece Pullover Hoodie, up to Size 4XL",Cotton/polyester blend helps reduce pilling and shrinkage.,#cotton,112997,5,enable,1230,300,50,10,https://i5.walmartimages.com/asr/caad199b-81a7-4323-a25a-4fa64691e630_1.59dc710f33f31749e3992f1698cfd0ce.jpeg,champion,Jacket,winter,no,yes,Color,Blue,Material,Cotton
"Champion Men's Powerblend Fleece Pullover Hoodie, up to Size 4XL",Cotton/polyester blend helps reduce pilling and shrinkage.,#cotton,112998,5,enable,1230,300,50,10,https://i5.walmartimages.com/asr/caad199b-81a7-4323-a25a-4fa64691e630_1.59dc710f33f31749e3992f1698cfd0ce.jpeg,champion,Jacket,winter,no,yes,Color,Blue,Material,Cotton
"Champion Men's Powerblend Fleece Pullover Hoodie, up to Size 4XL",Cotton/polyester blend helps reduce pilling and shrinkage.,#cotton,112999,5,enable,1230,300,50,10,https://i5.walmartimages.com/asr/caad199b-81a7-4323-a25a-4fa64691e630_1.59dc710f33f31749e3992f1698cfd0ce.jpeg,champion,Jacket,winter,no,yes,Color,Blue,Material,Cotton
"Champion Men's Powerblend Fleece Pullover Hoodie, up to Size 4XL",Cotton/polyester blend helps reduce pilling and shrinkage.,#cotton,113000,5,enable,1230,300,50,10,https://i5.walmartimages.com/asr/caad199b-81a7-4323-a25a-4fa64691e630_1.59dc710f33f31749e3992f1698cfd0ce.jpeg,champion,Jacket,winter,no,yes,Color,Blue,Material,Cotton
"Champion Men's Powerblend Fleece Pullover Hoodie, up to Size 4XL",Cotton/polyester blend helps reduce pilling and shrinkage.,#cotton,113001,5,enable,1230,300,50,10,https://i5.walmartimages.com/asr/caad199b-81a7-4323-a25a-4fa64691e630_1.59dc710f33f31749e3992f1698cfd0ce.jpeg,champion,Jacket,winter,no,yes,Color,Blue,Material,Cotton
"Champion Men's Powerblend Fleece Pullover Hoodie, up to Size 4XL",Cotton/polyester blend helps reduce pilling and shrinkage.,#cotton,113002,5,enable,1230,300,50,10,https://i5.walmartimages.com/asr/caad199b-81a7-4323-a25a-4fa64691e630_1.59dc710f33f31749e3992f1698cfd0ce.jpeg,champion,Jacket,winter,no,yes,Color,Blue,Material,Cotton
"Champion Men's Powerblend Fleece Pullover Hoodie, up to Size 4XL",Cotton/polyester blend helps reduce pilling and shrinkage.,#cotton,113003,5,enable,1230,300,50,10,https://i5.walmartimages.com/asr/caad199b-81a7-4323-a25a-4fa64691e630_1.59dc710f33f31749e3992f1698cfd0ce.jpeg,champion,Jacket,winter,no,yes,Color,Blue,Material,Cotton
"Champion Men's Powerblend Fleece Pullover Hoodie, up to Size 4XL",Cotton/polyester blend helps reduce pilling and shrinkage.,#cotton,113004,5,enable,1230,300,50,10,https://i5.walmartimages.com/asr/caad199b-81a7-4323-a25a-4fa64691e630_1.59dc710f33f31749e3992f1698cfd0ce.jpeg,champion,Jacket,winter,no,yes,Color,Blue,Material,Cotton
"Champion Men's Powerblend Fleece Pullover Hoodie, up to Size 4XL",Cotton/polyester blend helps reduce pilling and shrinkage.,#cotton,113005,5,enable,1230,300,50,10,https://i5.walmartimages.com/asr/caad199b-81a7-4323-a25a-4fa64691e630_1.59dc710f33f31749e3992f1698cfd0ce.jpeg,champion,Jacket,winter,no,yes,Color,Blue,Material,Cotton
"Champion Men's Powerblend Fleece Pullover Hoodie, up to Size 4XL",Cotton/polyester blend helps reduce pilling and shrinkage.,#cotton,113006,5,enable,1230,300,50,10,https://i5.walmartimages.com/asr/caad199b-81a7-4323-a25a-4fa64691e630_1.59dc710f33f31749e3992f1698cfd0ce.jpeg,champion,Jacket,winter,no,yes,Color,Blue,Material,Cotton
"Champion Men's Powerblend Fleece Pullover Hoodie, up to Size 4XL",Cotton/polyester blend helps reduce pilling and shrinkage.,#cotton,113007,5,enable,1230,300,50,10,https://i5.walmartimages.com/asr/caad199b-81a7-4323-a25a-4fa64691e630_1.59dc710f33f31749e3992f1698cfd0ce.jpeg,champion,Jacket,winter,no,yes,Color,Blue,Material,Cotton
"Champion Men's Powerblend Fleece Pullover Hoodie, up to Size 4XL",Cotton/polyester blend helps reduce pilling and shrinkage.,#cotton,113008,5,enable,1230,300,50,10,https://i5.walmartimages.com/asr/caad199b-81a7-4323-a25a-4fa64691e630_1.59dc710f33f31749e3992f1698cfd0ce.jpeg,champion,Jacket,winter,no,yes,Color,Blue,Material,Cotton
"Champion Men's Powerblend Fleece Pullover Hoodie, up to Size 4XL",Cotton/polyester blend helps reduce pilling and shrinkage.,#cotton,113009,5,enable,1230,300,50,10,https://i5.walmartimages.com/asr/caad199b-81a7-4323-a25a-4fa64691e630_1.59dc710f33f31749e3992f1698cfd0ce.jpeg,champion,Jacket,winter,no,yes,Color,Blue,Material,Cotton
"Champion Men's Powerblend Fleece Pullover Hoodie, up to Size 4XL",Cotton/polyester blend helps reduce pilling and shrinkage.,#cotton,113010,5,enable,1230,300,50,10,https://i5.walmartimages.com/asr/caad199b-81a7-4323-a25a-4fa64691e630_1.59dc710f33f31749e3992f1698cfd0ce.jpeg,champion,Jacket,winter,no,yes,Color,Blue,Material,Cotton
"Champion Men's Powerblend Fleece Pullover Hoodie, up to Size 4XL",Cotton/polyester blend helps reduce pilling and shrinkage.,#cotton,113011,5,enable,1230,300,50,10,https://i5.walmartimages.com/asr/caad199b-81a7-4323-a25a-4fa64691e630_1.59dc710f33f31749e3992f1698cfd0ce.jpeg,champion,Jacket,winter,no,yes,Color,Blue,Material,Cotton
"Champion Men's Powerblend Fleece Pullover Hoodie, up to Size 4XL",Cotton/polyester blend helps reduce pilling and shrinkage.,#cotton,113012,5,enable,1230,300,50,10,https://i5.walmartimages.com/asr/caad199b-81a7-4323-a25a-4fa64691e630_1.59dc710f33f31749e3992f1698cfd0ce.jpeg,champion,Jacket,winter,no,yes,Color,Blue,Material,Cotton
"Champion Men's Powerblend Fleece Pullover Hoodie, up to Size 4XL",Cotton/polyester blend helps reduce pilling and shrinkage.,#cotton,113013,5,enable,1230,300,50,10,https://i5.walmartimages.com/asr/caad199b-81a7-4323-a25a-4fa64691e630_1.59dc710f33f31749e3992f1698cfd0ce.jpeg,champion,Jacket,winter,no,yes,Color,Blue,Material,Cotton
"Champion Men's Powerblend Fleece Pullover Hoodie, up to Size 4XL",Cotton/polyester blend helps reduce pilling and shrinkage.,#cotton,113014,5,enable,1230,300,50,10,https://i5.walmartimages.com/asr/caad199b-81a7-4323-a25a-4fa64691e630_1.59dc710f33f31749e3992f1698cfd0ce.jpeg,champion,Jacket,winter,no,yes,Color,Blue,Material,Cotton
"Champion Men's Powerblend Fleece Pullover Hoodie, up to Size 4XL",Cotton/polyester blend helps reduce pilling and shrinkage.,#cotton,113015,5,enable,1230,300,50,10,https://i5.walmartimages.com/asr/caad199b-81a7-4323-a25a-4fa64691e630_1.59dc710f33f31749e3992f1698cfd0ce.jpeg,champion,Jacket,winter,no,yes,Color,Blue,Material,Cotton
"Champion Men's Powerblend Fleece Pullover Hoodie, up to Size 4XL",Cotton/polyester blend helps reduce pilling and shrinkage.,#cotton,113016,5,enable,1230,300,50,10,https://i5.walmartimages.com/asr/caad199b-81a7-4323-a25a-4fa64691e630_1.59dc710f33f31749e3992f1698cfd0ce.jpeg,champion,Jacket,winter,no,yes,Color,Blue,Material,Cotton
"Champion Men's Powerblend Fleece Pullover Hoodie, up to Size 4XL",Cotton/polyester blend helps reduce pilling and shrinkage.,#cotton,113017,5,enable,1230,300,50,10,https://i5.walmartimages.com/asr/caad199b-81a7-4323-a25a-4fa64691e630_1.59dc710f33f31749e3992f1698cfd0ce.jpeg,champion,Jacket,winter,no,yes,Color,Blue,Material,Cotton
"Champion Men's Powerblend Fleece Pullover Hoodie, up to Size 4XL",Cotton/polyester blend helps reduce pilling and shrinkage.,#cotton,113018,5,enable,1230,300,50,10,https://i5.walmartimages.com/asr/caad199b-81a7-4323-a25a-4fa64691e630_1.59dc710f33f31749e3992f1698cfd0ce.jpeg,champion,Jacket,winter,no,yes,Color,Blue,Material,Cotton
"Champion Men's Powerblend Fleece Pullover Hoodie, up to Size 4XL",Cotton/polyester blend helps reduce pilling and shrinkage.,#cotton,113019,5,enable,1230,300,50,10,https://i5.walmartimages.com/asr/caad199b-81a7-4323-a25a-4fa64691e630_1.59dc710f33f31749e3992f1698cfd0ce.jpeg,champion,Jacket,winter,no,yes,Color,Blue,Material,Cotton
"Champion Men's Powerblend Fleece Pullover Hoodie, up to Size 4XL",Cotton/polyester blend helps reduce pilling and shrinkage.,#cotton,113020,5,enable,1230,300,50,10,https://i5.walmartimages.com/asr/caad199b-81a7-4323-a25a-4fa64691e630_1.59dc710f33f31749e3992f1698cfd0ce.jpeg,champion,Jacket,winter,no,yes,Color,Blue,Material,Cotton
"Champion Men's Powerblend Fleece Pullover Hoodie, up to Size 4XL",Cotton/polyester blend helps reduce pilling and shrinkage.,#cotton,113021,5,enable,1230,300,50,10,https://i5.walmartimages.com/asr/caad199b-81a7-4323-a25a-4fa64691e630_1.59dc710f33f31749e3992f1698cfd0ce.jpeg,champion,Jacket,winter,no,yes,Color,Blue,Material,Cotton
"Champion Men's Powerblend Fleece Pullover Hoodie, up to Size 4XL",Cotton/polyester blend helps reduce pilling and shrinkage.,#cotton,113022,5,enable,1230,300,50,10,https://i5.walmartimages.com/asr/caad199b-81a7-4323-a25a-4fa64691e630_1.59dc710f33f31749e3992f1698cfd0ce.jpeg,champion,Jacket,winter,no,yes,Color,Blue,Material,Cotton
"Champion Men's Powerblend Fleece Pullover Hoodie, up to Size 4XL",Cotton/polyester blend helps reduce pilling and shrinkage.,#cotton,113023,5,enable,1230,300,50,10,https://i5.walmartimages.com/asr/caad199b-81a7-4323-a25a-4fa64691e630_1.59dc710f33f31749e3992f1698cfd0ce.jpeg,champion,Jacket,winter,no,yes,Color,Blue,Material,Cotton
"Champion Men's Powerblend Fleece Pullover Hoodie, up to Size 4XL",Cotton/polyester blend helps reduce pilling and shrinkage.,#cotton,113024,5,enable,1230,300,50,10,https://i5.walmartimages.com/asr/caad199b-81a7-4323-a25a-4fa64691e630_1.59dc710f33f31749e3992f1698cfd0ce.jpeg,champion,Jacket,winter,no,yes,Color,Blue,Material,Cotton
"Champion Men's Powerblend Fleece Pullover Hoodie, up to Size 4XL",Cotton/polyester blend helps reduce pilling and shrinkage.,#cotton,113025,5,enable,1230,300,50,10,https://i5.walmartimages.com/asr/caad199b-81a7-4323-a25a-4fa64691e630_1.59dc710f33f31749e3992f1698cfd0ce.jpeg,champion,Jacket,winter,no,yes,Color,Blue,Material,Cotton
"Champion Men's Powerblend Fleece Pullover Hoodie, up to Size 4XL",Cotton/polyester blend helps reduce pilling and shrinkage.,#cotton,113026,5,enable,1230,300,50,10,https://i5.walmartimages.com/asr/caad199b-81a7-4323-a25a-4fa64691e630_1.59dc710f33f31749e3992f1698cfd0ce.jpeg,champion,Jacket,winter,no,yes,Color,Blue,Material,Cotton
"Champion Men's Powerblend Fleece Pullover Hoodie, up to Size 4XL",Cotton/polyester blend helps reduce pilling and shrinkage.,#cotton,113027,5,enable,1230,300,50,10,https://i5.walmartimages.com/asr/caad199b-81a7-4323-a25a-4fa64691e630_1.59dc710f33f31749e3992f1698cfd0ce.jpeg,champion,Jacket,winter,no,yes,Color,Blue,Material,Cotton
"Champion Men's Powerblend Fleece Pullover Hoodie, up to Size 4XL",Cotton/polyester blend helps reduce pilling and shrinkage.,#cotton,113028,5,enable,1230,300,50,10,https://i5.walmartimages.com/asr/caad199b-81a7-4323-a25a-4fa64691e630_1.59dc710f33f31749e3992f1698cfd0ce.jpeg,champion,Jacket,winter,no,yes,Color,Blue,Material,Cotton
"Champion Men's Powerblend Fleece Pullover Hoodie, up to Size 4XL",Cotton/polyester blend helps reduce pilling and shrinkage.,#cotton,113029,5,enable,1230,300,50,10,https://i5.walmartimages.com/asr/caad199b-81a7-4323-a25a-4fa64691e630_1.59dc710f33f31749e3992f1698cfd0ce.jpeg,champion,Jacket,winter,no,yes,Color,Blue,Material,Cotton
"Champion Men's Powerblend Fleece Pullover Hoodie, up to Size 4XL",Cotton/polyester blend helps reduce pilling and shrinkage.,#cotton,113030,5,enable,1230,300,50,10,https://i5.walmartimages.com/asr/caad199b-81a7-4323-a25a-4fa64691e630_1.59dc710f33f31749e3992f1698cfd0ce.jpeg,champion,Jacket,winter,no,yes,Color,Blue,Material,Cotton
"Champion Men's Powerblend Fleece Pullover Hoodie, up to Size 4XL",Cotton/polyester blend helps reduce pilling and shrinkage.,#cotton,113031,5,enable,1230,300,50,10,https://i5.walmartimages.com/asr/caad199b-81a7-4323-a25a-4fa64691e630_1.59dc710f33f31749e3992f1698cfd0ce.jpeg,champion,Jacket,winter,no,yes,Color,Blue,Material,Cotton
"Champion Men's Powerblend Fleece Pullover Hoodie, up to Size 4XL",Cotton/polyester blend helps reduce pilling and shrinkage.,#cotton,113032,5,enable,1230,300,50,10,https://i5.walmartimages.com/asr/caad199b-81a7-4323-a25a-4fa64691e630_1.59dc710f33f31749e3992f1698cfd0ce.jpeg,champion,Jacket,winter,no,yes,Color,Blue,Material,Cotton
"Champion Men's Powerblend Fleece Pullover Hoodie, up to Size 4XL",Cotton/polyester blend helps reduce pilling and shrinkage.,#cotton,113033,5,enable,1230,300,50,10,https://i5.walmartimages.com/asr/caad199b-81a7-4323-a25a-4fa64691e630_1.59dc710f33f31749e3992f1698cfd0ce.jpeg,champion,Jacket,winter,no,yes,Color,Blue,Material,Cotton
"Champion Men's Powerblend Fleece Pullover Hoodie, up to Size 4XL",Cotton/polyester blend helps reduce pilling and shrinkage.,#cotton,113034,5,enable,1230,300,50,10,https://i5.walmartimages.com/asr/caad199b-81a7-4323-a25a-4fa64691e630_1.59dc710f33f31749e3992f1698cfd0ce.jpeg,champion,Jacket,winter,no,yes,Color,Blue,Material,Cotton
"Champion Men's Powerblend Fleece Pullover Hoodie, up to Size 4XL",Cotton/polyester blend helps reduce pilling and shrinkage.,#cotton,113035,5,enable,1230,300,50,10,https://i5.walmartimages.com/asr/caad199b-81a7-4323-a25a-4fa64691e630_1.59dc710f33f31749e3992f1698cfd0ce.jpeg,champion,Jacket,winter,no,yes,Color,Blue,Material,Cotton
"Champion Men's Powerblend Fleece Pullover Hoodie, up to Size 4XL",Cotton/polyester blend helps reduce pilling and shrinkage.,#cotton,113036,5,enable,1230,300,50,10,https://i5.walmartimages.com/asr/caad199b-81a7-4323-a25a-4fa64691e630_1.59dc710f33f31749e3992f1698cfd0ce.jpeg,champion,Jacket,winter,no,yes,Color,Blue,Material,Cotton
"Champion Men's Powerblend Fleece Pullover Hoodie, up to Size 4XL",Cotton/polyester blend helps reduce pilling and shrinkage.,#cotton,113037,5,enable,1230,300,50,10,https://i5.walmartimages.com/asr/caad199b-81a7-4323-a25a-4fa64691e630_1.59dc710f33f31749e3992f1698cfd0ce.jpeg,champion,Jacket,winter,no,yes,Color,Blue,Material,Cotton
"Champion Men's Powerblend Fleece Pullover Hoodie, up to Size 4XL",Cotton/polyester blend helps reduce pilling and shrinkage.,#cotton,113038,5,enable,1230,300,50,10,https://i5.walmartimages.com/asr/caad199b-81a7-4323-a25a-4fa64691e630_1.59dc710f33f31749e3992f1698cfd0ce.jpeg,champion,Jacket,winter,no,yes,Color,Blue,Material,Cotton
"Champion Men's Powerblend Fleece Pullover Hoodie, up to Size 4XL",Cotton/polyester blend helps reduce pilling and shrinkage.,#cotton,113039,5,enable,1230,300,50,10,https://i5.walmartimages.com/asr/caad199b-81a7-4323-a25a-4fa64691e630_1.59dc710f33f31749e3992f1698cfd0ce.jpeg,champion,Jacket,winter,no,yes,Color,Blue,Material,Cotton
"Champion Men's Powerblend Fleece Pullover Hoodie, up to Size 4XL",Cotton/polyester blend helps reduce pilling and shrinkage.,#cotton,113040,5,enable,1230,300,50,10,https://i5.walmartimages.com/asr/caad199b-81a7-4323-a25a-4fa64691e630_1.59dc710f33f31749e3992f1698cfd0ce.jpeg,champion,Jacket,winter,no,yes,Color,Blue,Material,Cotton
"Champion Men's Powerblend Fleece Pullover Hoodie, up to Size 4XL",Cotton/polyester blend helps reduce pilling and shrinkage.,#cotton,113041,5,enable,1230,300,50,10,https://i5.walmartimages.com/asr/caad199b-81a7-4323-a25a-4fa64691e630_1.59dc710f33f31749e3992f1698cfd0ce.jpeg,champion,Jacket,winter,no,yes,Color,Blue,Material,Cotton
"Champion Men's Powerblend Fleece Pullover Hoodie, up to Size 4XL",Cotton/polyester blend helps reduce pilling and shrinkage.,#cotton,113042,5,enable,1230,300,50,10,https://i5.walmartimages.com/asr/caad199b-81a7-4323-a25a-4fa64691e630_1.59dc710f33f31749e3992f1698cfd0ce.jpeg,champion,Jacket,winter,no,yes,Color,Blue,Material,Cotton
"Champion Men's Powerblend Fleece Pullover Hoodie, up to Size 4XL",Cotton/polyester blend helps reduce pilling and shrinkage.,#cotton,113043,5,enable,1230,300,50,10,https://i5.walmartimages.com/asr/caad199b-81a7-4323-a25a-4fa64691e630_1.59dc710f33f31749e3992f1698cfd0ce.jpeg,champion,Jacket,winter,no,yes,Color,Blue,Material,Cotton
"Champion Men's Powerblend Fleece Pullover Hoodie, up to Size 4XL",Cotton/polyester blend helps reduce pilling and shrinkage.,#cotton,113044,5,enable,1230,300,50,10,https://i5.walmartimages.com/asr/caad199b-81a7-4323-a25a-4fa64691e630_1.59dc710f33f31749e3992f1698cfd0ce.jpeg,champion,Jacket,winter,no,yes,Color,Blue,Material,Cotton
"Champion Men's Powerblend Fleece Pullover Hoodie, up to Size 4XL",Cotton/polyester blend helps reduce pilling and shrinkage.,#cotton,113045,5,enable,1230,300,50,10,https://i5.walmartimages.com/asr/caad199b-81a7-4323-a25a-4fa64691e630_1.59dc710f33f31749e3992f1698cfd0ce.jpeg,champion,Jacket,winter,no,yes,Color,Blue,Material,Cotton
"Champion Men's Powerblend Fleece Pullover Hoodie, up to Size 4XL",Cotton/polyester blend helps reduce pilling and shrinkage.,#cotton,113046,5,enable,1230,300,50,10,https://i5.walmartimages.com/asr/caad199b-81a7-4323-a25a-4fa64691e630_1.59dc710f33f31749e3992f1698cfd0ce.jpeg,champion,Jacket,winter,no,yes,Color,Blue,Material,Cotton
"Champion Men's Powerblend Fleece Pullover Hoodie, up to Size 4XL",Cotton/polyester blend helps reduce pilling and shrinkage.,#cotton,113047,5,enable,1230,300,50,10,https://i5.walmartimages.com/asr/caad199b-81a7-4323-a25a-4fa64691e630_1.59dc710f33f31749e3992f1698cfd0ce.jpeg,champion,Jacket,winter,no,yes,Color,Blue,Material,Cotton
"Champion Men's Powerblend Fleece Pullover Hoodie, up to Size 4XL",Cotton/polyester blend helps reduce pilling and shrinkage.,#cotton,113048,5,enable,1230,300,50,10,https://i5.walmartimages.com/asr/caad199b-81a7-4323-a25a-4fa64691e630_1.59dc710f33f31749e3992f1698cfd0ce.jpeg,champion,Jacket,winter,no,yes,Color,Blue,Material,Cotton
"Champion Men's Powerblend Fleece Pullover Hoodie, up to Size 4XL",Cotton/polyester blend helps reduce pilling and shrinkage.,#cotton,113049,5,enable,1230,300,50,10,https://i5.walmartimages.com/asr/caad199b-81a7-4323-a25a-4fa64691e630_1.59dc710f33f31749e3992f1698cfd0ce.jpeg,champion,Jacket,winter,no,yes,Color,Blue,Material,Cotton
"Champion Men's Powerblend Fleece Pullover Hoodie, up to Size 4XL",Cotton/polyester blend helps reduce pilling and shrinkage.,#cotton,113050,5,enable,1230,300,50,10,https://i5.walmartimages.com/asr/caad199b-81a7-4323-a25a-4fa64691e630_1.59dc710f33f31749e3992f1698cfd0ce.jpeg,champion,Jacket,winter,no,yes,Color,Blue,Material,Cotton
"Champion Men's Powerblend Fleece Pullover Hoodie, up to Size 4XL",Cotton/polyester blend helps reduce pilling and shrinkage.,#cotton,113051,5,enable,1230,300,50,10,https://i5.walmartimages.com/asr/caad199b-81a7-4323-a25a-4fa64691e630_1.59dc710f33f31749e3992f1698cfd0ce.jpeg,champion,Jacket,winter,no,yes,Color,Blue,Material,Cotton
"Champion Men's Powerblend Fleece Pullover Hoodie, up to Size 4XL",Cotton/polyester blend helps reduce pilling and shrinkage.,#cotton,113052,5,enable,1230,300,50,10,https://i5.walmartimages.com/asr/caad199b-81a7-4323-a25a-4fa64691e630_1.59dc710f33f31749e3992f1698cfd0ce.jpeg,champion,Jacket,winter,no,yes,Color,Blue,Material,Cotton
"Champion Men's Powerblend Fleece Pullover Hoodie, up to Size 4XL",Cotton/polyester blend helps reduce pilling and shrinkage.,#cotton,113053,5,enable,1230,300,50,10,https://i5.walmartimages.com/asr/caad199b-81a7-4323-a25a-4fa64691e630_1.59dc710f33f31749e3992f1698cfd0ce.jpeg,champion,Jacket,winter,no,yes,Color,Blue,Material,Cotton
"Champion Men's Powerblend Fleece Pullover Hoodie, up to Size 4XL",Cotton/polyester blend helps reduce pilling and shrinkage.,#cotton,113054,5,enable,1230,300,50,10,https://i5.walmartimages.com/asr/caad199b-81a7-4323-a25a-4fa64691e630_1.59dc710f33f31749e3992f1698cfd0ce.jpeg,champion,Jacket,winter,no,yes,Color,Blue,Material,Cotton
"Champion Men's Powerblend Fleece Pullover Hoodie, up to Size 4XL",Cotton/polyester blend helps reduce pilling and shrinkage.,#cotton,113055,5,enable,1230,300,50,10,https://i5.walmartimages.com/asr/caad199b-81a7-4323-a25a-4fa64691e630_1.59dc710f33f31749e3992f1698cfd0ce.jpeg,champion,Jacket,winter,no,yes,Color,Blue,Material,Cotton
"Champion Men's Powerblend Fleece Pullover Hoodie, up to Size 4XL",Cotton/polyester blend helps reduce pilling and shrinkage.,#cotton,113056,5,enable,1230,300,50,10,https://i5.walmartimages.com/asr/caad199b-81a7-4323-a25a-4fa64691e630_1.59dc710f33f31749e3992f1698cfd0ce.jpeg,champion,Jacket,winter,no,yes,Color,Blue,Material,Cotton
"Champion Men's Powerblend Fleece Pullover Hoodie, up to Size 4XL",Cotton/polyester blend helps reduce pilling and shrinkage.,#cotton,113057,5,enable,1230,300,50,10,https://i5.walmartimages.com/asr/caad199b-81a7-4323-a25a-4fa64691e630_1.59dc710f33f31749e3992f1698cfd0ce.jpeg,champion,Jacket,winter,no,yes,Color,Blue,Material,Cotton
"Champion Men's Powerblend Fleece Pullover Hoodie, up to Size 4XL",Cotton/polyester blend helps reduce pilling and shrinkage.,#cotton,113058,5,enable,1230,300,50,10,https://i5.walmartimages.com/asr/caad199b-81a7-4323-a25a-4fa64691e630_1.59dc710f33f31749e3992f1698cfd0ce.jpeg,champion,Jacket,winter,no,yes,Color,Blue,Material,Cotton
"Champion Men's Powerblend Fleece Pullover Hoodie, up to Size 4XL",Cotton/polyester blend helps reduce pilling and shrinkage.,#cotton,113059,5,enable,1230,300,50,10,https://i5.walmartimages.com/asr/caad199b-81a7-4323-a25a-4fa64691e630_1.59dc710f33f31749e3992f1698cfd0ce.jpeg,champion,Jacket,winter,no,yes,Color,Blue,Material,Cotton
"Champion Men's Powerblend Fleece Pullover Hoodie, up to Size 4XL",Cotton/polyester blend helps reduce pilling and shrinkage.,#cotton,113060,5,enable,1230,300,50,10,https://i5.walmartimages.com/asr/caad199b-81a7-4323-a25a-4fa64691e630_1.59dc710f33f31749e3992f1698cfd0ce.jpeg,champion,Jacket,winter,no,yes,Color,Blue,Material,Cotton
"Champion Men's Powerblend Fleece Pullover Hoodie, up to Size 4XL",Cotton/polyester blend helps reduce pilling and shrinkage.,#cotton,113061,5,enable,1230,300,50,10,https://i5.walmartimages.com/asr/caad199b-81a7-4323-a25a-4fa64691e630_1.59dc710f33f31749e3992f1698cfd0ce.jpeg,champion,Jacket,winter,no,yes,Color,Blue,Material,Cotton
"Champion Men's Powerblend Fleece Pullover Hoodie, up to Size 4XL",Cotton/polyester blend helps reduce pilling and shrinkage.,#cotton,113062,5,enable,1230,300,50,10,https://i5.walmartimages.com/asr/caad199b-81a7-4323-a25a-4fa64691e630_1.59dc710f33f31749e3992f1698cfd0ce.jpeg,champion,Jacket,winter,no,yes,Color,Blue,Material,Cotton
"Champion Men's Powerblend Fleece Pullover Hoodie, up to Size 4XL",Cotton/polyester blend helps reduce pilling and shrinkage.,#cotton,113063,5,enable,1230,300,50,10,https://i5.walmartimages.com/asr/caad199b-81a7-4323-a25a-4fa64691e630_1.59dc710f33f31749e3992f1698cfd0ce.jpeg,champion,Jacket,winter,no,yes,Color,Blue,Material,Cotton
"Champion Men's Powerblend Fleece Pullover Hoodie, up to Size 4XL",Cotton/polyester blend helps reduce pilling and shrinkage.,#cotton,113064,5,enable,1230,300,50,10,https://i5.walmartimages.com/asr/caad199b-81a7-4323-a25a-4fa64691e630_1.59dc710f33f31749e3992f1698cfd0ce.jpeg,champion,Jacket,winter,no,yes,Color,Blue,Material,Cotton
"Champion Men's Powerblend Fleece Pullover Hoodie, up to Size 4XL",Cotton/polyester blend helps reduce pilling and shrinkage.,#cotton,113065,5,enable,1230,300,50,10,https://i5.walmartimages.com/asr/caad199b-81a7-4323-a25a-4fa64691e630_1.59dc710f33f31749e3992f1698cfd0ce.jpeg,champion,Jacket,winter,no,yes,Color,Blue,Material,Cotton
"Champion Men's Powerblend Fleece Pullover Hoodie, up to Size 4XL",Cotton/polyester blend helps reduce pilling and shrinkage.,#cotton,113066,5,enable,1230,300,50,10,https://i5.walmartimages.com/asr/caad199b-81a7-4323-a25a-4fa64691e630_1.59dc710f33f31749e3992f1698cfd0ce.jpeg,champion,Jacket,winter,no,yes,Color,Blue,Material,Cotton
"Champion Men's Powerblend Fleece Pullover Hoodie, up to Size 4XL",Cotton/polyester blend helps reduce pilling and shrinkage.,#cotton,113067,5,enable,1230,300,50,10,https://i5.walmartimages.com/asr/caad199b-81a7-4323-a25a-4fa64691e630_1.59dc710f33f31749e3992f1698cfd0ce.jpeg,champion,Jacket,winter,no,yes,Color,Blue,Material,Cotton
"Champion Men's Powerblend Fleece Pullover Hoodie, up to Size 4XL",Cotton/polyester blend helps reduce pilling and shrinkage.,#cotton,113068,5,enable,1230,300,50,10,https://i5.walmartimages.com/asr/caad199b-81a7-4323-a25a-4fa64691e630_1.59dc710f33f31749e3992f1698cfd0ce.jpeg,champion,Jacket,winter,no,yes,Color,Blue,Material,Cotton
"Champion Men's Powerblend Fleece Pullover Hoodie, up to Size 4XL",Cotton/polyester blend helps reduce pilling and shrinkage.,#cotton,113069,5,enable,1230,300,50,10,https://i5.walmartimages.com/asr/caad199b-81a7-4323-a25a-4fa64691e630_1.59dc710f33f31749e3992f1698cfd0ce.jpeg,champion,Jacket,winter,no,yes,Color,Blue,Material,Cotton
"Champion Men's Powerblend Fleece Pullover Hoodie, up to Size 4XL",Cotton/polyester blend helps reduce pilling and shrinkage.,#cotton,113070,5,enable,1230,300,50,10,https://i5.walmartimages.com/asr/caad199b-81a7-4323-a25a-4fa64691e630_1.59dc710f33f31749e3992f1698cfd0ce.jpeg,champion,Jacket,winter,no,yes,Color,Blue,Material,Cotton
"Champion Men's Powerblend Fleece Pullover Hoodie, up to Size 4XL",Cotton/polyester blend helps reduce pilling and shrinkage.,#cotton,113071,5,enable,1230,300,50,10,https://i5.walmartimages.com/asr/caad199b-81a7-4323-a25a-4fa64691e630_1.59dc710f33f31749e3992f1698cfd0ce.jpeg,champion,Jacket,winter,no,yes,Color,Blue,Material,Cotton
"Champion Men's Powerblend Fleece Pullover Hoodie, up to Size 4XL",Cotton/polyester blend helps reduce pilling and shrinkage.,#cotton,113072,5,enable,1230,300,50,10,https://i5.walmartimages.com/asr/caad199b-81a7-4323-a25a-4fa64691e630_1.59dc710f33f31749e3992f1698cfd0ce.jpeg,champion,Jacket,winter,no,yes,Color,Blue,Material,Cotton
"Champion Men's Powerblend Fleece Pullover Hoodie, up to Size 4XL",Cotton/polyester blend helps reduce pilling and shrinkage.,#cotton,113073,5,enable,1230,300,50,10,https://i5.walmartimages.com/asr/caad199b-81a7-4323-a25a-4fa64691e630_1.59dc710f33f31749e3992f1698cfd0ce.jpeg,champion,Jacket,winter,no,yes,Color,Blue,Material,Cotton
"Champion Men's Powerblend Fleece Pullover Hoodie, up to Size 4XL",Cotton/polyester blend helps reduce pilling and shrinkage.,#cotton,113074,5,enable,1230,300,50,10,https://i5.walmartimages.com/asr/caad199b-81a7-4323-a25a-4fa64691e630_1.59dc710f33f31749e3992f1698cfd0ce.jpeg,champion,Jacket,winter,no,yes,Color,Blue,Material,Cotton
"Champion Men's Powerblend Fleece Pullover Hoodie, up to Size 4XL",Cotton/polyester blend helps reduce pilling and shrinkage.,#cotton,113075,5,enable,1230,300,50,10,https://i5.walmartimages.com/asr/caad199b-81a7-4323-a25a-4fa64691e630_1.59dc710f33f31749e3992f1698cfd0ce.jpeg,champion,Jacket,winter,no,yes,Color,Blue,Material,Cotton
"Champion Men's Powerblend Fleece Pullover Hoodie, up to Size 4XL",Cotton/polyester blend helps reduce pilling and shrinkage.,#cotton,113076,5,enable,1230,300,50,10,https://i5.walmartimages.com/asr/caad199b-81a7-4323-a25a-4fa64691e630_1.59dc710f33f31749e3992f1698cfd0ce.jpeg,champion,Jacket,winter,no,yes,Color,Blue,Material,Cotton
"Champion Men's Powerblend Fleece Pullover Hoodie, up to Size 4XL",Cotton/polyester blend helps reduce pilling and shrinkage.,#cotton,113077,5,enable,1230,300,50,10,https://i5.walmartimages.com/asr/caad199b-81a7-4323-a25a-4fa64691e630_1.59dc710f33f31749e3992f1698cfd0ce.jpeg,champion,Jacket,winter,no,yes,Color,Blue,Material,Cotton
"Champion Men's Powerblend Fleece Pullover Hoodie, up to Size 4XL",Cotton/polyester blend helps reduce pilling and shrinkage.,#cotton,113078,5,enable,1230,300,50,10,https://i5.walmartimages.com/asr/caad199b-81a7-4323-a25a-4fa64691e630_1.59dc710f33f31749e3992f1698cfd0ce.jpeg,champion,Jacket,winter,no,yes,Color,Blue,Material,Cotton
"Champion Men's Powerblend Fleece Pullover Hoodie, up to Size 4XL",Cotton/polyester blend helps reduce pilling and shrinkage.,#cotton,113079,5,enable,1230,300,50,10,https://i5.walmartimages.com/asr/caad199b-81a7-4323-a25a-4fa64691e630_1.59dc710f33f31749e3992f1698cfd0ce.jpeg,champion,Jacket,winter,no,yes,Color,Blue,Material,Cotton
"Champion Men's Powerblend Fleece Pullover Hoodie, up to Size 4XL",Cotton/polyester blend helps reduce pilling and shrinkage.,#cotton,113080,5,enable,1230,300,50,10,https://i5.walmartimages.com/asr/caad199b-81a7-4323-a25a-4fa64691e630_1.59dc710f33f31749e3992f1698cfd0ce.jpeg,champion,Jacket,winter,no,yes,Color,Blue,Material,Cotton
"Champion Men's Powerblend Fleece Pullover Hoodie, up to Size 4XL",Cotton/polyester blend helps reduce pilling and shrinkage.,#cotton,113081,5,enable,1230,300,50,10,https://i5.walmartimages.com/asr/caad199b-81a7-4323-a25a-4fa64691e630_1.59dc710f33f31749e3992f1698cfd0ce.jpeg,champion,Jacket,winter,no,yes,Color,Blue,Material,Cotton
"Champion Men's Powerblend Fleece Pullover Hoodie, up to Size 4XL",Cotton/polyester blend helps reduce pilling and shrinkage.,#cotton,113082,5,enable,1230,300,50,10,https://i5.walmartimages.com/asr/caad199b-81a7-4323-a25a-4fa64691e630_1.59dc710f33f31749e3992f1698cfd0ce.jpeg,champion,Jacket,winter,no,yes,Color,Blue,Material,Cotton
"Champion Men's Powerblend Fleece Pullover Hoodie, up to Size 4XL",Cotton/polyester blend helps reduce pilling and shrinkage.,#cotton,113083,5,enable,1230,300,50,10,https://i5.walmartimages.com/asr/caad199b-81a7-4323-a25a-4fa64691e630_1.59dc710f33f31749e3992f1698cfd0ce.jpeg,champion,Jacket,winter,no,yes,Color,Blue,Material,Cotton
"Champion Men's Powerblend Fleece Pullover Hoodie, up to Size 4XL",Cotton/polyester blend helps reduce pilling and shrinkage.,#cotton,113084,5,enable,1230,300,50,10,https://i5.walmartimages.com/asr/caad199b-81a7-4323-a25a-4fa64691e630_1.59dc710f33f31749e3992f1698cfd0ce.jpeg,champion,Jacket,winter,no,yes,Color,Blue,Material,Cotton
"Champion Men's Powerblend Fleece Pullover Hoodie, up to Size 4XL",Cotton/polyester blend helps reduce pilling and shrinkage.,#cotton,113085,5,enable,1230,300,50,10,https://i5.walmartimages.com/asr/caad199b-81a7-4323-a25a-4fa64691e630_1.59dc710f33f31749e3992f1698cfd0ce.jpeg,champion,Jacket,winter,no,yes,Color,Blue,Material,Cotton
"Champion Men's Powerblend Fleece Pullover Hoodie, up to Size 4XL",Cotton/polyester blend helps reduce pilling and shrinkage.,#cotton,113086,5,enable,1230,300,50,10,https://i5.walmartimages.com/asr/caad199b-81a7-4323-a25a-4fa64691e630_1.59dc710f33f31749e3992f1698cfd0ce.jpeg,champion,Jacket,winter,no,yes,Color,Blue,Material,Cotton
"Champion Men's Powerblend Fleece Pullover Hoodie, up to Size 4XL",Cotton/polyester blend helps reduce pilling and shrinkage.,#cotton,113087,5,enable,1230,300,50,10,https://i5.walmartimages.com/asr/caad199b-81a7-4323-a25a-4fa64691e630_1.59dc710f33f31749e3992f1698cfd0ce.jpeg,champion,Jacket,winter,no,yes,Color,Blue,Material,Cotton
"Champion Men's Powerblend Fleece Pullover Hoodie, up to Size 4XL",Cotton/polyester blend helps reduce pilling and shrinkage.,#cotton,113088,5,enable,1230,300,50,10,https://i5.walmartimages.com/asr/caad199b-81a7-4323-a25a-4fa64691e630_1.59dc710f33f31749e3992f1698cfd0ce.jpeg,champion,Jacket,winter,no,yes,Color,Blue,Material,Cotton
"Champion Men's Powerblend Fleece Pullover Hoodie, up to Size 4XL",Cotton/polyester blend helps reduce pilling and shrinkage.,#cotton,113089,5,enable,1230,300,50,10,https://i5.walmartimages.com/asr/caad199b-81a7-4323-a25a-4fa64691e630_1.59dc710f33f31749e3992f1698cfd0ce.jpeg,champion,Jacket,winter,no,yes,Color,Blue,Material,Cotton
"Champion Men's Powerblend Fleece Pullover Hoodie, up to Size 4XL",Cotton/polyester blend helps reduce pilling and shrinkage.,#cotton,113090,5,enable,1230,300,50,10,https://i5.walmartimages.com/asr/caad199b-81a7-4323-a25a-4fa64691e630_1.59dc710f33f31749e3992f1698cfd0ce.jpeg,champion,Jacket,winter,no,yes,Color,Blue,Material,Cotton
"Champion Men's Powerblend Fleece Pullover Hoodie, up to Size 4XL",Cotton/polyester blend helps reduce pilling and shrinkage.,#cotton,113091,5,enable,1230,300,50,10,https://i5.walmartimages.com/asr/caad199b-81a7-4323-a25a-4fa64691e630_1.59dc710f33f31749e3992f1698cfd0ce.jpeg,champion,Jacket,winter,no,yes,Color,Blue,Material,Cotton
"Champion Men's Powerblend Fleece Pullover Hoodie, up to Size 4XL",Cotton/polyester blend helps reduce pilling and shrinkage.,#cotton,113092,5,enable,1230,300,50,10,https://i5.walmartimages.com/asr/caad199b-81a7-4323-a25a-4fa64691e630_1.59dc710f33f31749e3992f1698cfd0ce.jpeg,champion,Jacket,winter,no,yes,Color,Blue,Material,Cotton
"Champion Men's Powerblend Fleece Pullover Hoodie, up to Size 4XL",Cotton/polyester blend helps reduce pilling and shrinkage.,#cotton,113093,5,enable,1230,300,50,10,https://i5.walmartimages.com/asr/caad199b-81a7-4323-a25a-4fa64691e630_1.59dc710f33f31749e3992f1698cfd0ce.jpeg,champion,Jacket,winter,no,yes,Color,Blue,Material,Cotton
"Champion Men's Powerblend Fleece Pullover Hoodie, up to Size 4XL",Cotton/polyester blend helps reduce pilling and shrinkage.,#cotton,113094,5,enable,1230,300,50,10,https://i5.walmartimages.com/asr/caad199b-81a7-4323-a25a-4fa64691e630_1.59dc710f33f31749e3992f1698cfd0ce.jpeg,champion,Jacket,winter,no,yes,Color,Blue,Material,Cotton
"Champion Men's Powerblend Fleece Pullover Hoodie, up to Size 4XL",Cotton/polyester blend helps reduce pilling and shrinkage.,#cotton,113095,5,enable,1230,300,50,10,https://i5.walmartimages.com/asr/caad199b-81a7-4323-a25a-4fa64691e630_1.59dc710f33f31749e3992f1698cfd0ce.jpeg,champion,Jacket,winter,no,yes,Color,Blue,Material,Cotton
"Champion Men's Powerblend Fleece Pullover Hoodie, up to Size 4XL",Cotton/polyester blend helps reduce pilling and shrinkage.,#cotton,113096,5,enable,1230,300,50,10,https://i5.walmartimages.com/asr/caad199b-81a7-4323-a25a-4fa64691e630_1.59dc710f33f31749e3992f1698cfd0ce.jpeg,champion,Jacket,winter,no,yes,Color,Blue,Material,Cotton
"Champion Men's Powerblend Fleece Pullover Hoodie, up to Size 4XL",Cotton/polyester blend helps reduce pilling and shrinkage.,#cotton,113097,5,enable,1230,300,50,10,https://i5.walmartimages.com/asr/caad199b-81a7-4323-a25a-4fa64691e630_1.59dc710f33f31749e3992f1698cfd0ce.jpeg,champion,Jacket,winter,no,yes,Color,Blue,Material,Cotton
"Champion Men's Powerblend Fleece Pullover Hoodie, up to Size 4XL",Cotton/polyester blend helps reduce pilling and shrinkage.,#cotton,113098,5,enable,1230,300,50,10,https://i5.walmartimages.com/asr/caad199b-81a7-4323-a25a-4fa64691e630_1.59dc710f33f31749e3992f1698cfd0ce.jpeg,champion,Jacket,winter,no,yes,Color,Blue,Material,Cotton
"Champion Men's Powerblend Fleece Pullover Hoodie, up to Size 4XL",Cotton/polyester blend helps reduce pilling and shrinkage.,#cotton,113099,5,enable,1230,300,50,10,https://i5.walmartimages.com/asr/caad199b-81a7-4323-a25a-4fa64691e630_1.59dc710f33f31749e3992f1698cfd0ce.jpeg,champion,Jacket,winter,no,yes,Color,Blue,Material,Cotton
"Champion Men's Powerblend Fleece Pullover Hoodie, up to Size 4XL",Cotton/polyester blend helps reduce pilling and shrinkage.,#cotton,113100,5,enable,1230,300,50,10,https://i5.walmartimages.com/asr/caad199b-81a7-4323-a25a-4fa64691e630_1.59dc710f33f31749e3992f1698cfd0ce.jpeg,champion,Jacket,winter,no,yes,Color,Blue,Material,Cotton
"Champion Men's Powerblend Fleece Pullover Hoodie, up to Size 4XL",Cotton/polyester blend helps reduce pilling and shrinkage.,#cotton,113101,5,enable,1230,300,50,10,https://i5.walmartimages.com/asr/caad199b-81a7-4323-a25a-4fa64691e630_1.59dc710f33f31749e3992f1698cfd0ce.jpeg,champion,Jacket,winter,no,yes,Color,Blue,Material,Cotton
"Champion Men's Powerblend Fleece Pullover Hoodie, up to Size 4XL",Cotton/polyester blend helps reduce pilling and shrinkage.,#cotton,113102,5,enable,1230,300,50,10,https://i5.walmartimages.com/asr/caad199b-81a7-4323-a25a-4fa64691e630_1.59dc710f33f31749e3992f1698cfd0ce.jpeg,champion,Jacket,winter,no,yes,Color,Blue,Material,Cotton
"Champion Men's Powerblend Fleece Pullover Hoodie, up to Size 4XL",Cotton/polyester blend helps reduce pilling and shrinkage.,#cotton,113103,5,enable,1230,300,50,10,https://i5.walmartimages.com/asr/caad199b-81a7-4323-a25a-4fa64691e630_1.59dc710f33f31749e3992f1698cfd0ce.jpeg,champion,Jacket,winter,no,yes,Color,Blue,Material,Cotton
"Champion Men's Powerblend Fleece Pullover Hoodie, up to Size 4XL",Cotton/polyester blend helps reduce pilling and shrinkage.,#cotton,113104,5,enable,1230,300,50,10,https://i5.walmartimages.com/asr/caad199b-81a7-4323-a25a-4fa64691e630_1.59dc710f33f31749e3992f1698cfd0ce.jpeg,champion,Jacket,winter,no,yes,Color,Blue,Material,Cotton
"Champion Men's Powerblend Fleece Pullover Hoodie, up to Size 4XL",Cotton/polyester blend helps reduce pilling and shrinkage.,#cotton,113105,5,enable,1230,300,50,10,https://i5.walmartimages.com/asr/caad199b-81a7-4323-a25a-4fa64691e630_1.59dc710f33f31749e3992f1698cfd0ce.jpeg,champion,Jacket,winter,no,yes,Color,Blue,Material,Cotton
"Champion Men's Powerblend Fleece Pullover Hoodie, up to Size 4XL",Cotton/polyester blend helps reduce pilling and shrinkage.,#cotton,113106,5,enable,1230,300,50,10,https://i5.walmartimages.com/asr/caad199b-81a7-4323-a25a-4fa64691e630_1.59dc710f33f31749e3992f1698cfd0ce.jpeg,champion,Jacket,winter,no,yes,Color,Blue,Material,Cotton
"Champion Men's Powerblend Fleece Pullover Hoodie, up to Size 4XL",Cotton/polyester blend helps reduce pilling and shrinkage.,#cotton,113107,5,enable,1230,300,50,10,https://i5.walmartimages.com/asr/caad199b-81a7-4323-a25a-4fa64691e630_1.59dc710f33f31749e3992f1698cfd0ce.jpeg,champion,Jacket,winter,no,yes,Color,Blue,Material,Cotton
"Champion Men's Powerblend Fleece Pullover Hoodie, up to Size 4XL",Cotton/polyester blend helps reduce pilling and shrinkage.,#cotton,113108,5,enable,1230,300,50,10,https://i5.walmartimages.com/asr/caad199b-81a7-4323-a25a-4fa64691e630_1.59dc710f33f31749e3992f1698cfd0ce.jpeg,champion,Jacket,winter,no,yes,Color,Blue,Material,Cotton
"Champion Men's Powerblend Fleece Pullover Hoodie, up to Size 4XL",Cotton/polyester blend helps reduce pilling and shrinkage.,#cotton,113109,5,enable,1230,300,50,10,https://i5.walmartimages.com/asr/caad199b-81a7-4323-a25a-4fa64691e630_1.59dc710f33f31749e3992f1698cfd0ce.jpeg,champion,Jacket,winter,no,yes,Color,Blue,Material,Cotton
"Champion Men's Powerblend Fleece Pullover Hoodie, up to Size 4XL",Cotton/polyester blend helps reduce pilling and shrinkage.,#cotton,113110,5,enable,1230,300,50,10,https://i5.walmartimages.com/asr/caad199b-81a7-4323-a25a-4fa64691e630_1.59dc710f33f31749e3992f1698cfd0ce.jpeg,champion,Jacket,winter,no,yes,Color,Blue,Material,Cotton
"Champion Men's Powerblend Fleece Pullover Hoodie, up to Size 4XL",Cotton/polyester blend helps reduce pilling and shrinkage.,#cotton,113111,5,enable,1230,300,50,10,https://i5.walmartimages.com/asr/caad199b-81a7-4323-a25a-4fa64691e630_1.59dc710f33f31749e3992f1698cfd0ce.jpeg,champion,Jacket,winter,no,yes,Color,Blue,Material,Cotton
"Champion Men's Powerblend Fleece Pullover Hoodie, up to Size 4XL",Cotton/polyester blend helps reduce pilling and shrinkage.,#cotton,113112,5,enable,1230,300,50,10,https://i5.walmartimages.com/asr/caad199b-81a7-4323-a25a-4fa64691e630_1.59dc710f33f31749e3992f1698cfd0ce.jpeg,champion,Jacket,winter,no,yes,Color,Blue,Material,Cotton
"Champion Men's Powerblend Fleece Pullover Hoodie, up to Size 4XL",Cotton/polyester blend helps reduce pilling and shrinkage.,#cotton,113113,5,enable,1230,300,50,10,https://i5.walmartimages.com/asr/caad199b-81a7-4323-a25a-4fa64691e630_1.59dc710f33f31749e3992f1698cfd0ce.jpeg,champion,Jacket,winter,no,yes,Color,Blue,Material,Cotton
"Champion Men's Powerblend Fleece Pullover Hoodie, up to Size 4XL",Cotton/polyester blend helps reduce pilling and shrinkage.,#cotton,113114,5,enable,1230,300,50,10,https://i5.walmartimages.com/asr/caad199b-81a7-4323-a25a-4fa64691e630_1.59dc710f33f31749e3992f1698cfd0ce.jpeg,champion,Jacket,winter,no,yes,Color,Blue,Material,Cotton
"Champion Men's Powerblend Fleece Pullover Hoodie, up to Size 4XL",Cotton/polyester blend helps reduce pilling and shrinkage.,#cotton,113115,5,enable,1230,300,50,10,https://i5.walmartimages.com/asr/caad199b-81a7-4323-a25a-4fa64691e630_1.59dc710f33f31749e3992f1698cfd0ce.jpeg,champion,Jacket,winter,no,yes,Color,Blue,Material,Cotton
"Champion Men's Powerblend Fleece Pullover Hoodie, up to Size 4XL",Cotton/polyester blend helps reduce pilling and shrinkage.,#cotton,113116,5,enable,1230,300,50,10,https://i5.walmartimages.com/asr/caad199b-81a7-4323-a25a-4fa64691e630_1.59dc710f33f31749e3992f1698cfd0ce.jpeg,champion,Jacket,winter,no,yes,Color,Blue,Material,Cotton
"Champion Men's Powerblend Fleece Pullover Hoodie, up to Size 4XL",Cotton/polyester blend helps reduce pilling and shrinkage.,#cotton,113117,5,enable,1230,300,50,10,https://i5.walmartimages.com/asr/caad199b-81a7-4323-a25a-4fa64691e630_1.59dc710f33f31749e3992f1698cfd0ce.jpeg,champion,Jacket,winter,no,yes,Color,Blue,Material,Cotton
"Champion Men's Powerblend Fleece Pullover Hoodie, up to Size 4XL",Cotton/polyester blend helps reduce pilling and shrinkage.,#cotton,113118,5,enable,1230,300,50,10,https://i5.walmartimages.com/asr/caad199b-81a7-4323-a25a-4fa64691e630_1.59dc710f33f31749e3992f1698cfd0ce.jpeg,champion,Jacket,winter,no,yes,Color,Blue,Material,Cotton
"Champion Men's Powerblend Fleece Pullover Hoodie, up to Size 4XL",Cotton/polyester blend helps reduce pilling and shrinkage.,#cotton,113119,5,enable,1230,300,50,10,https://i5.walmartimages.com/asr/caad199b-81a7-4323-a25a-4fa64691e630_1.59dc710f33f31749e3992f1698cfd0ce.jpeg,champion,Jacket,winter,no,yes,Color,Blue,Material,Cotton
"Champion Men's Powerblend Fleece Pullover Hoodie, up to Size 4XL",Cotton/polyester blend helps reduce pilling and shrinkage.,#cotton,113120,5,enable,1230,300,50,10,https://i5.walmartimages.com/asr/caad199b-81a7-4323-a25a-4fa64691e630_1.59dc710f33f31749e3992f1698cfd0ce.jpeg,champion,Jacket,winter,no,yes,Color,Blue,Material,Cotton
"Champion Men's Powerblend Fleece Pullover Hoodie, up to Size 4XL",Cotton/polyester blend helps reduce pilling and shrinkage.,#cotton,113121,5,enable,1230,300,50,10,https://i5.walmartimages.com/asr/caad199b-81a7-4323-a25a-4fa64691e630_1.59dc710f33f31749e3992f1698cfd0ce.jpeg,champion,Jacket,winter,no,yes,Color,Blue,Material,Cotton
"Champion Men's Powerblend Fleece Pullover Hoodie, up to Size 4XL",Cotton/polyester blend helps reduce pilling and shrinkage.,#cotton,113122,5,enable,1230,300,50,10,https://i5.walmartimages.com/asr/caad199b-81a7-4323-a25a-4fa64691e630_1.59dc710f33f31749e3992f1698cfd0ce.jpeg,champion,Jacket,winter,no,yes,Color,Blue,Material,Cotton
"Champion Men's Powerblend Fleece Pullover Hoodie, up to Size 4XL",Cotton/polyester blend helps reduce pilling and shrinkage.,#cotton,113123,5,enable,1230,300,50,10,https://i5.walmartimages.com/asr/caad199b-81a7-4323-a25a-4fa64691e630_1.59dc710f33f31749e3992f1698cfd0ce.jpeg,champion,Jacket,winter,no,yes,Color,Blue,Material,Cotton
"Champion Men's Powerblend Fleece Pullover Hoodie, up to Size 4XL",Cotton/polyester blend helps reduce pilling and shrinkage.,#cotton,113124,5,enable,1230,300,50,10,https://i5.walmartimages.com/asr/caad199b-81a7-4323-a25a-4fa64691e630_1.59dc710f33f31749e3992f1698cfd0ce.jpeg,champion,Jacket,winter,no,yes,Color,Blue,Material,Cotton
"Champion Men's Powerblend Fleece Pullover Hoodie, up to Size 4XL",Cotton/polyester blend helps reduce pilling and shrinkage.,#cotton,113125,5,enable,1230,300,50,10,https://i5.walmartimages.com/asr/caad199b-81a7-4323-a25a-4fa64691e630_1.59dc710f33f31749e3992f1698cfd0ce.jpeg,champion,Jacket,winter,no,yes,Color,Blue,Material,Cotton
"Champion Men's Powerblend Fleece Pullover Hoodie, up to Size 4XL",Cotton/polyester blend helps reduce pilling and shrinkage.,#cotton,113126,5,enable,1230,300,50,10,https://i5.walmartimages.com/asr/caad199b-81a7-4323-a25a-4fa64691e630_1.59dc710f33f31749e3992f1698cfd0ce.jpeg,champion,Jacket,winter,no,yes,Color,Blue,Material,Cotton
"Champion Men's Powerblend Fleece Pullover Hoodie, up to Size 4XL",Cotton/polyester blend helps reduce pilling and shrinkage.,#cotton,113127,5,enable,1230,300,50,10,https://i5.walmartimages.com/asr/caad199b-81a7-4323-a25a-4fa64691e630_1.59dc710f33f31749e3992f1698cfd0ce.jpeg,champion,Jacket,winter,no,yes,Color,Blue,Material,Cotton
"Champion Men's Powerblend Fleece Pullover Hoodie, up to Size 4XL",Cotton/polyester blend helps reduce pilling and shrinkage.,#cotton,113128,5,enable,1230,300,50,10,https://i5.walmartimages.com/asr/caad199b-81a7-4323-a25a-4fa64691e630_1.59dc710f33f31749e3992f1698cfd0ce.jpeg,champion,Jacket,winter,no,yes,Color,Blue,Material,Cotton
"Champion Men's Powerblend Fleece Pullover Hoodie, up to Size 4XL",Cotton/polyester blend helps reduce pilling and shrinkage.,#cotton,113129,5,enable,1230,300,50,10,https://i5.walmartimages.com/asr/caad199b-81a7-4323-a25a-4fa64691e630_1.59dc710f33f31749e3992f1698cfd0ce.jpeg,champion,Jacket,winter,no,yes,Color,Blue,Material,Cotton
"Champion Men's Powerblend Fleece Pullover Hoodie, up to Size 4XL",Cotton/polyester blend helps reduce pilling and shrinkage.,#cotton,113130,5,enable,1230,300,50,10,https://i5.walmartimages.com/asr/caad199b-81a7-4323-a25a-4fa64691e630_1.59dc710f33f31749e3992f1698cfd0ce.jpeg,champion,Jacket,winter,no,yes,Color,Blue,Material,Cotton
"Champion Men's Powerblend Fleece Pullover Hoodie, up to Size 4XL",Cotton/polyester blend helps reduce pilling and shrinkage.,#cotton,113131,5,enable,1230,300,50,10,https://i5.walmartimages.com/asr/caad199b-81a7-4323-a25a-4fa64691e630_1.59dc710f33f31749e3992f1698cfd0ce.jpeg,champion,Jacket,winter,no,yes,Color,Blue,Material,Cotton
"Champion Men's Powerblend Fleece Pullover Hoodie, up to Size 4XL",Cotton/polyester blend helps reduce pilling and shrinkage.,#cotton,113132,5,enable,1230,300,50,10,https://i5.walmartimages.com/asr/caad199b-81a7-4323-a25a-4fa64691e630_1.59dc710f33f31749e3992f1698cfd0ce.jpeg,champion,Jacket,winter,no,yes,Color,Blue,Material,Cotton
"Champion Men's Powerblend Fleece Pullover Hoodie, up to Size 4XL",Cotton/polyester blend helps reduce pilling and shrinkage.,#cotton,113133,5,enable,1230,300,50,10,https://i5.walmartimages.com/asr/caad199b-81a7-4323-a25a-4fa64691e630_1.59dc710f33f31749e3992f1698cfd0ce.jpeg,champion,Jacket,winter,no,yes,Color,Blue,Material,Cotton
"Champion Men's Powerblend Fleece Pullover Hoodie, up to Size 4XL",Cotton/polyester blend helps reduce pilling and shrinkage.,#cotton,113134,5,enable,1230,300,50,10,https://i5.walmartimages.com/asr/caad199b-81a7-4323-a25a-4fa64691e630_1.59dc710f33f31749e3992f1698cfd0ce.jpeg,champion,Jacket,winter,no,yes,Color,Blue,Material,Cotton
"Champion Men's Powerblend Fleece Pullover Hoodie, up to Size 4XL",Cotton/polyester blend helps reduce pilling and shrinkage.,#cotton,113135,5,enable,1230,300,50,10,https://i5.walmartimages.com/asr/caad199b-81a7-4323-a25a-4fa64691e630_1.59dc710f33f31749e3992f1698cfd0ce.jpeg,champion,Jacket,winter,no,yes,Color,Blue,Material,Cotton
"Champion Men's Powerblend Fleece Pullover Hoodie, up to Size 4XL",Cotton/polyester blend helps reduce pilling and shrinkage.,#cotton,113136,5,enable,1230,300,50,10,https://i5.walmartimages.com/asr/caad199b-81a7-4323-a25a-4fa64691e630_1.59dc710f33f31749e3992f1698cfd0ce.jpeg,champion,Jacket,winter,no,yes,Color,Blue,Material,Cotton
"Champion Men's Powerblend Fleece Pullover Hoodie, up to Size 4XL",Cotton/polyester blend helps reduce pilling and shrinkage.,#cotton,113137,5,enable,1230,300,50,10,https://i5.walmartimages.com/asr/caad199b-81a7-4323-a25a-4fa64691e630_1.59dc710f33f31749e3992f1698cfd0ce.jpeg,champion,Jacket,winter,no,yes,Color,Blue,Material,Cotton
"Champion Men's Powerblend Fleece Pullover Hoodie, up to Size 4XL",Cotton/polyester blend helps reduce pilling and shrinkage.,#cotton,113138,5,enable,1230,300,50,10,https://i5.walmartimages.com/asr/caad199b-81a7-4323-a25a-4fa64691e630_1.59dc710f33f31749e3992f1698cfd0ce.jpeg,champion,Jacket,winter,no,yes,Color,Blue,Material,Cotton
"Champion Men's Powerblend Fleece Pullover Hoodie, up to Size 4XL",Cotton/polyester blend helps reduce pilling and shrinkage.,#cotton,113139,5,enable,1230,300,50,10,https://i5.walmartimages.com/asr/caad199b-81a7-4323-a25a-4fa64691e630_1.59dc710f33f31749e3992f1698cfd0ce.jpeg,champion,Jacket,winter,no,yes,Color,Blue,Material,Cotton
"Champion Men's Powerblend Fleece Pullover Hoodie, up to Size 4XL",Cotton/polyester blend helps reduce pilling and shrinkage.,#cotton,113140,5,enable,1230,300,50,10,https://i5.walmartimages.com/asr/caad199b-81a7-4323-a25a-4fa64691e630_1.59dc710f33f31749e3992f1698cfd0ce.jpeg,champion,Jacket,winter,no,yes,Color,Blue,Material,Cotton
"Champion Men's Powerblend Fleece Pullover Hoodie, up to Size 4XL",Cotton/polyester blend helps reduce pilling and shrinkage.,#cotton,113141,5,enable,1230,300,50,10,https://i5.walmartimages.com/asr/caad199b-81a7-4323-a25a-4fa64691e630_1.59dc710f33f31749e3992f1698cfd0ce.jpeg,champion,Jacket,winter,no,yes,Color,Blue,Material,Cotton
"Champion Men's Powerblend Fleece Pullover Hoodie, up to Size 4XL",Cotton/polyester blend helps reduce pilling and shrinkage.,#cotton,113142,5,enable,1230,300,50,10,https://i5.walmartimages.com/asr/caad199b-81a7-4323-a25a-4fa64691e630_1.59dc710f33f31749e3992f1698cfd0ce.jpeg,champion,Jacket,winter,no,yes,Color,Blue,Material,Cotton
"Champion Men's Powerblend Fleece Pullover Hoodie, up to Size 4XL",Cotton/polyester blend helps reduce pilling and shrinkage.,#cotton,113143,5,enable,1230,300,50,10,https://i5.walmartimages.com/asr/caad199b-81a7-4323-a25a-4fa64691e630_1.59dc710f33f31749e3992f1698cfd0ce.jpeg,champion,Jacket,winter,no,yes,Color,Blue,Material,Cotton
"Champion Men's Powerblend Fleece Pullover Hoodie, up to Size 4XL",Cotton/polyester blend helps reduce pilling and shrinkage.,#cotton,113144,5,enable,1230,300,50,10,https://i5.walmartimages.com/asr/caad199b-81a7-4323-a25a-4fa64691e630_1.59dc710f33f31749e3992f1698cfd0ce.jpeg,champion,Jacket,winter,no,yes,Color,Blue,Material,Cotton
"Champion Men's Powerblend Fleece Pullover Hoodie, up to Size 4XL",Cotton/polyester blend helps reduce pilling and shrinkage.,#cotton,113145,5,enable,1230,300,50,10,https://i5.walmartimages.com/asr/caad199b-81a7-4323-a25a-4fa64691e630_1.59dc710f33f31749e3992f1698cfd0ce.jpeg,champion,Jacket,winter,no,yes,Color,Blue,Material,Cotton
"Champion Men's Powerblend Fleece Pullover Hoodie, up to Size 4XL",Cotton/polyester blend helps reduce pilling and shrinkage.,#cotton,113146,5,enable,1230,300,50,10,https://i5.walmartimages.com/asr/caad199b-81a7-4323-a25a-4fa64691e630_1.59dc710f33f31749e3992f1698cfd0ce.jpeg,champion,Jacket,winter,no,yes,Color,Blue,Material,Cotton
"Champion Men's Powerblend Fleece Pullover Hoodie, up to Size 4XL",Cotton/polyester blend helps reduce pilling and shrinkage.,#cotton,113147,5,enable,1230,300,50,10,https://i5.walmartimages.com/asr/caad199b-81a7-4323-a25a-4fa64691e630_1.59dc710f33f31749e3992f1698cfd0ce.jpeg,champion,Jacket,winter,no,yes,Color,Blue,Material,Cotton
"Champion Men's Powerblend Fleece Pullover Hoodie, up to Size 4XL",Cotton/polyester blend helps reduce pilling and shrinkage.,#cotton,113148,5,enable,1230,300,50,10,https://i5.walmartimages.com/asr/caad199b-81a7-4323-a25a-4fa64691e630_1.59dc710f33f31749e3992f1698cfd0ce.jpeg,champion,Jacket,winter,no,yes,Color,Blue,Material,Cotton
"Champion Men's Powerblend Fleece Pullover Hoodie, up to Size 4XL",Cotton/polyester blend helps reduce pilling and shrinkage.,#cotton,113149,5,enable,1230,300,50,10,https://i5.walmartimages.com/asr/caad199b-81a7-4323-a25a-4fa64691e630_1.59dc710f33f31749e3992f1698cfd0ce.jpeg,champion,Jacket,winter,no,yes,Color,Blue,Material,Cotton
"Champion Men's Powerblend Fleece Pullover Hoodie, up to Size 4XL",Cotton/polyester blend helps reduce pilling and shrinkage.,#cotton,113150,5,enable,1230,300,50,10,https://i5.walmartimages.com/asr/caad199b-81a7-4323-a25a-4fa64691e630_1.59dc710f33f31749e3992f1698cfd0ce.jpeg,champion,Jacket,winter,no,yes,Color,Blue,Material,Cotton
"Champion Men's Powerblend Fleece Pullover Hoodie, up to Size 4XL",Cotton/polyester blend helps reduce pilling and shrinkage.,#cotton,113151,5,enable,1230,300,50,10,https://i5.walmartimages.com/asr/caad199b-81a7-4323-a25a-4fa64691e630_1.59dc710f33f31749e3992f1698cfd0ce.jpeg,champion,Jacket,winter,no,yes,Color,Blue,Material,Cotton
"Champion Men's Powerblend Fleece Pullover Hoodie, up to Size 4XL",Cotton/polyester blend helps reduce pilling and shrinkage.,#cotton,113152,5,enable,1230,300,50,10,https://i5.walmartimages.com/asr/caad199b-81a7-4323-a25a-4fa64691e630_1.59dc710f33f31749e3992f1698cfd0ce.jpeg,champion,Jacket,winter,no,yes,Color,Blue,Material,Cotton
"Champion Men's Powerblend Fleece Pullover Hoodie, up to Size 4XL",Cotton/polyester blend helps reduce pilling and shrinkage.,#cotton,113153,5,enable,1230,300,50,10,https://i5.walmartimages.com/asr/caad199b-81a7-4323-a25a-4fa64691e630_1.59dc710f33f31749e3992f1698cfd0ce.jpeg,champion,Jacket,winter,no,yes,Color,Blue,Material,Cotton
"Champion Men's Powerblend Fleece Pullover Hoodie, up to Size 4XL",Cotton/polyester blend helps reduce pilling and shrinkage.,#cotton,113154,5,enable,1230,300,50,10,https://i5.walmartimages.com/asr/caad199b-81a7-4323-a25a-4fa64691e630_1.59dc710f33f31749e3992f1698cfd0ce.jpeg,champion,Jacket,winter,no,yes,Color,Blue,Material,Cotton
"Champion Men's Powerblend Fleece Pullover Hoodie, up to Size 4XL",Cotton/polyester blend helps reduce pilling and shrinkage.,#cotton,113155,5,enable,1230,300,50,10,https://i5.walmartimages.com/asr/caad199b-81a7-4323-a25a-4fa64691e630_1.59dc710f33f31749e3992f1698cfd0ce.jpeg,champion,Jacket,winter,no,yes,Color,Blue,Material,Cotton
"Champion Men's Powerblend Fleece Pullover Hoodie, up to Size 4XL",Cotton/polyester blend helps reduce pilling and shrinkage.,#cotton,113156,5,enable,1230,300,50,10,https://i5.walmartimages.com/asr/caad199b-81a7-4323-a25a-4fa64691e630_1.59dc710f33f31749e3992f1698cfd0ce.jpeg,champion,Jacket,winter,no,yes,Color,Blue,Material,Cotton
"Champion Men's Powerblend Fleece Pullover Hoodie, up to Size 4XL",Cotton/polyester blend helps reduce pilling and shrinkage.,#cotton,113157,5,enable,1230,300,50,10,https://i5.walmartimages.com/asr/caad199b-81a7-4323-a25a-4fa64691e630_1.59dc710f33f31749e3992f1698cfd0ce.jpeg,champion,Jacket,winter,no,yes,Color,Blue,Material,Cotton
"Champion Men's Powerblend Fleece Pullover Hoodie, up to Size 4XL",Cotton/polyester blend helps reduce pilling and shrinkage.,#cotton,113158,5,enable,1230,300,50,10,https://i5.walmartimages.com/asr/caad199b-81a7-4323-a25a-4fa64691e630_1.59dc710f33f31749e3992f1698cfd0ce.jpeg,champion,Jacket,winter,no,yes,Color,Blue,Material,Cotton
"Champion Men's Powerblend Fleece Pullover Hoodie, up to Size 4XL",Cotton/polyester blend helps reduce pilling and shrinkage.,#cotton,113159,5,enable,1230,300,50,10,https://i5.walmartimages.com/asr/caad199b-81a7-4323-a25a-4fa64691e630_1.59dc710f33f31749e3992f1698cfd0ce.jpeg,champion,Jacket,winter,no,yes,Color,Blue,Material,Cotton
"Champion Men's Powerblend Fleece Pullover Hoodie, up to Size 4XL",Cotton/polyester blend helps reduce pilling and shrinkage.,#cotton,113160,5,enable,1230,300,50,10,https://i5.walmartimages.com/asr/caad199b-81a7-4323-a25a-4fa64691e630_1.59dc710f33f31749e3992f1698cfd0ce.jpeg,champion,Jacket,winter,no,yes,Color,Blue,Material,Cotton
"Champion Men's Powerblend Fleece Pullover Hoodie, up to Size 4XL",Cotton/polyester blend helps reduce pilling and shrinkage.,#cotton,113161,5,enable,1230,300,50,10,https://i5.walmartimages.com/asr/caad199b-81a7-4323-a25a-4fa64691e630_1.59dc710f33f31749e3992f1698cfd0ce.jpeg,champion,Jacket,winter,no,yes,Color,Blue,Material,Cotton
"Champion Men's Powerblend Fleece Pullover Hoodie, up to Size 4XL",Cotton/polyester blend helps reduce pilling and shrinkage.,#cotton,113162,5,enable,1230,300,50,10,https://i5.walmartimages.com/asr/caad199b-81a7-4323-a25a-4fa64691e630_1.59dc710f33f31749e3992f1698cfd0ce.jpeg,champion,Jacket,winter,no,yes,Color,Blue,Material,Cotton
"Champion Men's Powerblend Fleece Pullover Hoodie, up to Size 4XL",Cotton/polyester blend helps reduce pilling and shrinkage.,#cotton,113163,5,enable,1230,300,50,10,https://i5.walmartimages.com/asr/caad199b-81a7-4323-a25a-4fa64691e630_1.59dc710f33f31749e3992f1698cfd0ce.jpeg,champion,Jacket,winter,no,yes,Color,Blue,Material,Cotton
"Champion Men's Powerblend Fleece Pullover Hoodie, up to Size 4XL",Cotton/polyester blend helps reduce pilling and shrinkage.,#cotton,113164,5,enable,1230,300,50,10,https://i5.walmartimages.com/asr/caad199b-81a7-4323-a25a-4fa64691e630_1.59dc710f33f31749e3992f1698cfd0ce.jpeg,champion,Jacket,winter,no,yes,Color,Blue,Material,Cotton
"Champion Men's Powerblend Fleece Pullover Hoodie, up to Size 4XL",Cotton/polyester blend helps reduce pilling and shrinkage.,#cotton,113165,5,enable,1230,300,50,10,https://i5.walmartimages.com/asr/caad199b-81a7-4323-a25a-4fa64691e630_1.59dc710f33f31749e3992f1698cfd0ce.jpeg,champion,Jacket,winter,no,yes,Color,Blue,Material,Cotton
"Champion Men's Powerblend Fleece Pullover Hoodie, up to Size 4XL",Cotton/polyester blend helps reduce pilling and shrinkage.,#cotton,113166,5,enable,1230,300,50,10,https://i5.walmartimages.com/asr/caad199b-81a7-4323-a25a-4fa64691e630_1.59dc710f33f31749e3992f1698cfd0ce.jpeg,champion,Jacket,winter,no,yes,Color,Blue,Material,Cotton
"Champion Men's Powerblend Fleece Pullover Hoodie, up to Size 4XL",Cotton/polyester blend helps reduce pilling and shrinkage.,#cotton,113167,5,enable,1230,300,50,10,https://i5.walmartimages.com/asr/caad199b-81a7-4323-a25a-4fa64691e630_1.59dc710f33f31749e3992f1698cfd0ce.jpeg,champion,Jacket,winter,no,yes,Color,Blue,Material,Cotton
"Champion Men's Powerblend Fleece Pullover Hoodie, up to Size 4XL",Cotton/polyester blend helps reduce pilling and shrinkage.,#cotton,113168,5,enable,1230,300,50,10,https://i5.walmartimages.com/asr/caad199b-81a7-4323-a25a-4fa64691e630_1.59dc710f33f31749e3992f1698cfd0ce.jpeg,champion,Jacket,winter,no,yes,Color,Blue,Material,Cotton
"Champion Men's Powerblend Fleece Pullover Hoodie, up to Size 4XL",Cotton/polyester blend helps reduce pilling and shrinkage.,#cotton,113169,5,enable,1230,300,50,10,https://i5.walmartimages.com/asr/caad199b-81a7-4323-a25a-4fa64691e630_1.59dc710f33f31749e3992f1698cfd0ce.jpeg,champion,Jacket,winter,no,yes,Color,Blue,Material,Cotton
"Champion Men's Powerblend Fleece Pullover Hoodie, up to Size 4XL",Cotton/polyester blend helps reduce pilling and shrinkage.,#cotton,113170,5,enable,1230,300,50,10,https://i5.walmartimages.com/asr/caad199b-81a7-4323-a25a-4fa64691e630_1.59dc710f33f31749e3992f1698cfd0ce.jpeg,champion,Jacket,winter,no,yes,Color,Blue,Material,Cotton
"Champion Men's Powerblend Fleece Pullover Hoodie, up to Size 4XL",Cotton/polyester blend helps reduce pilling and shrinkage.,#cotton,113171,5,enable,1230,300,50,10,https://i5.walmartimages.com/asr/caad199b-81a7-4323-a25a-4fa64691e630_1.59dc710f33f31749e3992f1698cfd0ce.jpeg,champion,Jacket,winter,no,yes,Color,Blue,Material,Cotton
"Champion Men's Powerblend Fleece Pullover Hoodie, up to Size 4XL",Cotton/polyester blend helps reduce pilling and shrinkage.,#cotton,113172,5,enable,1230,300,50,10,https://i5.walmartimages.com/asr/caad199b-81a7-4323-a25a-4fa64691e630_1.59dc710f33f31749e3992f1698cfd0ce.jpeg,champion,Jacket,winter,no,yes,Color,Blue,Material,Cotton
"Champion Men's Powerblend Fleece Pullover Hoodie, up to Size 4XL",Cotton/polyester blend helps reduce pilling and shrinkage.,#cotton,113173,5,enable,1230,300,50,10,https://i5.walmartimages.com/asr/caad199b-81a7-4323-a25a-4fa64691e630_1.59dc710f33f31749e3992f1698cfd0ce.jpeg,champion,Jacket,winter,no,yes,Color,Blue,Material,Cotton
"Champion Men's Powerblend Fleece Pullover Hoodie, up to Size 4XL",Cotton/polyester blend helps reduce pilling and shrinkage.,#cotton,113174,5,enable,1230,300,50,10,https://i5.walmartimages.com/asr/caad199b-81a7-4323-a25a-4fa64691e630_1.59dc710f33f31749e3992f1698cfd0ce.jpeg,champion,Jacket,winter,no,yes,Color,Blue,Material,Cotton
"Champion Men's Powerblend Fleece Pullover Hoodie, up to Size 4XL",Cotton/polyester blend helps reduce pilling and shrinkage.,#cotton,113175,5,enable,1230,300,50,10,https://i5.walmartimages.com/asr/caad199b-81a7-4323-a25a-4fa64691e630_1.59dc710f33f31749e3992f1698cfd0ce.jpeg,champion,Jacket,winter,no,yes,Color,Blue,Material,Cotton
"Champion Men's Powerblend Fleece Pullover Hoodie, up to Size 4XL",Cotton/polyester blend helps reduce pilling and shrinkage.,#cotton,113176,5,enable,1230,300,50,10,https://i5.walmartimages.com/asr/caad199b-81a7-4323-a25a-4fa64691e630_1.59dc710f33f31749e3992f1698cfd0ce.jpeg,champion,Jacket,winter,no,yes,Color,Blue,Material,Cotton
"Champion Men's Powerblend Fleece Pullover Hoodie, up to Size 4XL",Cotton/polyester blend helps reduce pilling and shrinkage.,#cotton,113177,5,enable,1230,300,50,10,https://i5.walmartimages.com/asr/caad199b-81a7-4323-a25a-4fa64691e630_1.59dc710f33f31749e3992f1698cfd0ce.jpeg,champion,Jacket,winter,no,yes,Color,Blue,Material,Cotton
"Champion Men's Powerblend Fleece Pullover Hoodie, up to Size 4XL",Cotton/polyester blend helps reduce pilling and shrinkage.,#cotton,113178,5,enable,1230,300,50,10,https://i5.walmartimages.com/asr/caad199b-81a7-4323-a25a-4fa64691e630_1.59dc710f33f31749e3992f1698cfd0ce.jpeg,champion,Jacket,winter,no,yes,Color,Blue,Material,Cotton
"Champion Men's Powerblend Fleece Pullover Hoodie, up to Size 4XL",Cotton/polyester blend helps reduce pilling and shrinkage.,#cotton,113179,5,enable,1230,300,50,10,https://i5.walmartimages.com/asr/caad199b-81a7-4323-a25a-4fa64691e630_1.59dc710f33f31749e3992f1698cfd0ce.jpeg,champion,Jacket,winter,no,yes,Color,Blue,Material,Cotton
"Champion Men's Powerblend Fleece Pullover Hoodie, up to Size 4XL",Cotton/polyester blend helps reduce pilling and shrinkage.,#cotton,113180,5,enable,1230,300,50,10,https://i5.walmartimages.com/asr/caad199b-81a7-4323-a25a-4fa64691e630_1.59dc710f33f31749e3992f1698cfd0ce.jpeg,champion,Jacket,winter,no,yes,Color,Blue,Material,Cotton
"Champion Men's Powerblend Fleece Pullover Hoodie, up to Size 4XL",Cotton/polyester blend helps reduce pilling and shrinkage.,#cotton,113181,5,enable,1230,300,50,10,https://i5.walmartimages.com/asr/caad199b-81a7-4323-a25a-4fa64691e630_1.59dc710f33f31749e3992f1698cfd0ce.jpeg,champion,Jacket,winter,no,yes,Color,Blue,Material,Cotton
"Champion Men's Powerblend Fleece Pullover Hoodie, up to Size 4XL",Cotton/polyester blend helps reduce pilling and shrinkage.,#cotton,113182,5,enable,1230,300,50,10,https://i5.walmartimages.com/asr/caad199b-81a7-4323-a25a-4fa64691e630_1.59dc710f33f31749e3992f1698cfd0ce.jpeg,champion,Jacket,winter,no,yes,Color,Blue,Material,Cotton
"Champion Men's Powerblend Fleece Pullover Hoodie, up to Size 4XL",Cotton/polyester blend helps reduce pilling and shrinkage.,#cotton,113183,5,enable,1230,300,50,10,https://i5.walmartimages.com/asr/caad199b-81a7-4323-a25a-4fa64691e630_1.59dc710f33f31749e3992f1698cfd0ce.jpeg,champion,Jacket,winter,no,yes,Color,Blue,Material,Cotton
"Champion Men's Powerblend Fleece Pullover Hoodie, up to Size 4XL",Cotton/polyester blend helps reduce pilling and shrinkage.,#cotton,113184,5,enable,1230,300,50,10,https://i5.walmartimages.com/asr/caad199b-81a7-4323-a25a-4fa64691e630_1.59dc710f33f31749e3992f1698cfd0ce.jpeg,champion,Jacket,winter,no,yes,Color,Blue,Material,Cotton
"Champion Men's Powerblend Fleece Pullover Hoodie, up to Size 4XL",Cotton/polyester blend helps reduce pilling and shrinkage.,#cotton,113185,5,enable,1230,300,50,10,https://i5.walmartimages.com/asr/caad199b-81a7-4323-a25a-4fa64691e630_1.59dc710f33f31749e3992f1698cfd0ce.jpeg,champion,Jacket,winter,no,yes,Color,Blue,Material,Cotton
"Champion Men's Powerblend Fleece Pullover Hoodie, up to Size 4XL",Cotton/polyester blend helps reduce pilling and shrinkage.,#cotton,113186,5,enable,1230,300,50,10,https://i5.walmartimages.com/asr/caad199b-81a7-4323-a25a-4fa64691e630_1.59dc710f33f31749e3992f1698cfd0ce.jpeg,champion,Jacket,winter,no,yes,Color,Blue,Material,Cotton
"Champion Men's Powerblend Fleece Pullover Hoodie, up to Size 4XL",Cotton/polyester blend helps reduce pilling and shrinkage.,#cotton,113187,5,enable,1230,300,50,10,https://i5.walmartimages.com/asr/caad199b-81a7-4323-a25a-4fa64691e630_1.59dc710f33f31749e3992f1698cfd0ce.jpeg,champion,Jacket,winter,no,yes,Color,Blue,Material,Cotton
"Champion Men's Powerblend Fleece Pullover Hoodie, up to Size 4XL",Cotton/polyester blend helps reduce pilling and shrinkage.,#cotton,113188,5,enable,1230,300,50,10,https://i5.walmartimages.com/asr/caad199b-81a7-4323-a25a-4fa64691e630_1.59dc710f33f31749e3992f1698cfd0ce.jpeg,champion,Jacket,winter,no,yes,Color,Blue,Material,Cotton
"Champion Men's Powerblend Fleece Pullover Hoodie, up to Size 4XL",Cotton/polyester blend helps reduce pilling and shrinkage.,#cotton,113189,5,enable,1230,300,50,10,https://i5.walmartimages.com/asr/caad199b-81a7-4323-a25a-4fa64691e630_1.59dc710f33f31749e3992f1698cfd0ce.jpeg,champion,Jacket,winter,no,yes,Color,Blue,Material,Cotton
"Champion Men's Powerblend Fleece Pullover Hoodie, up to Size 4XL",Cotton/polyester blend helps reduce pilling and shrinkage.,#cotton,113190,5,enable,1230,300,50,10,https://i5.walmartimages.com/asr/caad199b-81a7-4323-a25a-4fa64691e630_1.59dc710f33f31749e3992f1698cfd0ce.jpeg,champion,Jacket,winter,no,yes,Color,Blue,Material,Cotton
"Champion Men's Powerblend Fleece Pullover Hoodie, up to Size 4XL",Cotton/polyester blend helps reduce pilling and shrinkage.,#cotton,113191,5,enable,1230,300,50,10,https://i5.walmartimages.com/asr/caad199b-81a7-4323-a25a-4fa64691e630_1.59dc710f33f31749e3992f1698cfd0ce.jpeg,champion,Jacket,winter,no,yes,Color,Blue,Material,Cotton
"Champion Men's Powerblend Fleece Pullover Hoodie, up to Size 4XL",Cotton/polyester blend helps reduce pilling and shrinkage.,#cotton,113192,5,enable,1230,300,50,10,https://i5.walmartimages.com/asr/caad199b-81a7-4323-a25a-4fa64691e630_1.59dc710f33f31749e3992f1698cfd0ce.jpeg,champion,Jacket,winter,no,yes,Color,Blue,Material,Cotton
"Champion Men's Powerblend Fleece Pullover Hoodie, up to Size 4XL",Cotton/polyester blend helps reduce pilling and shrinkage.,#cotton,113193,5,enable,1230,300,50,10,https://i5.walmartimages.com/asr/caad199b-81a7-4323-a25a-4fa64691e630_1.59dc710f33f31749e3992f1698cfd0ce.jpeg,champion,Jacket,winter,no,yes,Color,Blue,Material,Cotton
"Champion Men's Powerblend Fleece Pullover Hoodie, up to Size 4XL",Cotton/polyester blend helps reduce pilling and shrinkage.,#cotton,113194,5,enable,1230,300,50,10,https://i5.walmartimages.com/asr/caad199b-81a7-4323-a25a-4fa64691e630_1.59dc710f33f31749e3992f1698cfd0ce.jpeg,champion,Jacket,winter,no,yes,Color,Blue,Material,Cotton
"Champion Men's Powerblend Fleece Pullover Hoodie, up to Size 4XL",Cotton/polyester blend helps reduce pilling and shrinkage.,#cotton,113195,5,enable,1230,300,50,10,https://i5.walmartimages.com/asr/caad199b-81a7-4323-a25a-4fa64691e630_1.59dc710f33f31749e3992f1698cfd0ce.jpeg,champion,Jacket,winter,no,yes,Color,Blue,Material,Cotton
"Champion Men's Powerblend Fleece Pullover Hoodie, up to Size 4XL",Cotton/polyester blend helps reduce pilling and shrinkage.,#cotton,113196,5,enable,1230,300,50,10,https://i5.walmartimages.com/asr/caad199b-81a7-4323-a25a-4fa64691e630_1.59dc710f33f31749e3992f1698cfd0ce.jpeg,champion,Jacket,winter,no,yes,Color,Blue,Material,Cotton
"Champion Men's Powerblend Fleece Pullover Hoodie, up to Size 4XL",Cotton/polyester blend helps reduce pilling and shrinkage.,#cotton,113197,5,enable,1230,300,50,10,https://i5.walmartimages.com/asr/caad199b-81a7-4323-a25a-4fa64691e630_1.59dc710f33f31749e3992f1698cfd0ce.jpeg,champion,Jacket,winter,no,yes,Color,Blue,Material,Cotton
"Champion Men's Powerblend Fleece Pullover Hoodie, up to Size 4XL",Cotton/polyester blend helps reduce pilling and shrinkage.,#cotton,113198,5,enable,1230,300,50,10,https://i5.walmartimages.com/asr/caad199b-81a7-4323-a25a-4fa64691e630_1.59dc710f33f31749e3992f1698cfd0ce.jpeg,champion,Jacket,winter,no,yes,Color,Blue,Material,Cotton
"Champion Men's Powerblend Fleece Pullover Hoodie, up to Size 4XL",Cotton/polyester blend helps reduce pilling and shrinkage.,#cotton,113199,5,enable,1230,300,50,10,https://i5.walmartimages.com/asr/caad199b-81a7-4323-a25a-4fa64691e630_1.59dc710f33f31749e3992f1698cfd0ce.jpeg,champion,Jacket,winter,no,yes,Color,Blue,Material,Cotton
"Champion Men's Powerblend Fleece Pullover Hoodie, up to Size 4XL",Cotton/polyester blend helps reduce pilling and shrinkage.,#cotton,113200,5,enable,1230,300,50,10,https://i5.walmartimages.com/asr/caad199b-81a7-4323-a25a-4fa64691e630_1.59dc710f33f31749e3992f1698cfd0ce.jpeg,champion,Jacket,winter,no,yes,Color,Blue,Material,Cotton
"Champion Men's Powerblend Fleece Pullover Hoodie, up to Size 4XL",Cotton/polyester blend helps reduce pilling and shrinkage.,#cotton,113201,5,enable,1230,300,50,10,https://i5.walmartimages.com/asr/caad199b-81a7-4323-a25a-4fa64691e630_1.59dc710f33f31749e3992f1698cfd0ce.jpeg,champion,Jacket,winter,no,yes,Color,Blue,Material,Cotton
"Champion Men's Powerblend Fleece Pullover Hoodie, up to Size 4XL",Cotton/polyester blend helps reduce pilling and shrinkage.,#cotton,113202,5,enable,1230,300,50,10,https://i5.walmartimages.com/asr/caad199b-81a7-4323-a25a-4fa64691e630_1.59dc710f33f31749e3992f1698cfd0ce.jpeg,champion,Jacket,winter,no,yes,Color,Blue,Material,Cotton
"Champion Men's Powerblend Fleece Pullover Hoodie, up to Size 4XL",Cotton/polyester blend helps reduce pilling and shrinkage.,#cotton,113203,5,enable,1230,300,50,10,https://i5.walmartimages.com/asr/caad199b-81a7-4323-a25a-4fa64691e630_1.59dc710f33f31749e3992f1698cfd0ce.jpeg,champion,Jacket,winter,no,yes,Color,Blue,Material,Cotton
"Champion Men's Powerblend Fleece Pullover Hoodie, up to Size 4XL",Cotton/polyester blend helps reduce pilling and shrinkage.,#cotton,113204,5,enable,1230,300,50,10,https://i5.walmartimages.com/asr/caad199b-81a7-4323-a25a-4fa64691e630_1.59dc710f33f31749e3992f1698cfd0ce.jpeg,champion,Jacket,winter,no,yes,Color,Blue,Material,Cotton
"Champion Men's Powerblend Fleece Pullover Hoodie, up to Size 4XL",Cotton/polyester blend helps reduce pilling and shrinkage.,#cotton,113205,5,enable,1230,300,50,10,https://i5.walmartimages.com/asr/caad199b-81a7-4323-a25a-4fa64691e630_1.59dc710f33f31749e3992f1698cfd0ce.jpeg,champion,Jacket,winter,no,yes,Color,Blue,Material,Cotton
"Champion Men's Powerblend Fleece Pullover Hoodie, up to Size 4XL",Cotton/polyester blend helps reduce pilling and shrinkage.,#cotton,113206,5,enable,1230,300,50,10,https://i5.walmartimages.com/asr/caad199b-81a7-4323-a25a-4fa64691e630_1.59dc710f33f31749e3992f1698cfd0ce.jpeg,champion,Jacket,winter,no,yes,Color,Blue,Material,Cotton
"Champion Men's Powerblend Fleece Pullover Hoodie, up to Size 4XL",Cotton/polyester blend helps reduce pilling and shrinkage.,#cotton,113207,5,enable,1230,300,50,10,https://i5.walmartimages.com/asr/caad199b-81a7-4323-a25a-4fa64691e630_1.59dc710f33f31749e3992f1698cfd0ce.jpeg,champion,Jacket,winter,no,yes,Color,Blue,Material,Cotton
"Champion Men's Powerblend Fleece Pullover Hoodie, up to Size 4XL",Cotton/polyester blend helps reduce pilling and shrinkage.,#cotton,113208,5,enable,1230,300,50,10,https://i5.walmartimages.com/asr/caad199b-81a7-4323-a25a-4fa64691e630_1.59dc710f33f31749e3992f1698cfd0ce.jpeg,champion,Jacket,winter,no,yes,Color,Blue,Material,Cotton
"Champion Men's Powerblend Fleece Pullover Hoodie, up to Size 4XL",Cotton/polyester blend helps reduce pilling and shrinkage.,#cotton,113209,5,enable,1230,300,50,10,https://i5.walmartimages.com/asr/caad199b-81a7-4323-a25a-4fa64691e630_1.59dc710f33f31749e3992f1698cfd0ce.jpeg,champion,Jacket,winter,no,yes,Color,Blue,Material,Cotton
"Champion Men's Powerblend Fleece Pullover Hoodie, up to Size 4XL",Cotton/polyester blend helps reduce pilling and shrinkage.,#cotton,113210,5,enable,1230,300,50,10,https://i5.walmartimages.com/asr/caad199b-81a7-4323-a25a-4fa64691e630_1.59dc710f33f31749e3992f1698cfd0ce.jpeg,champion,Jacket,winter,no,yes,Color,Blue,Material,Cotton
