"Champion Men's Powerblend Fleece Pullover Hoodie, up to Size 4XL",Cotton/polyester blend helps reduce pilling and shrinkage.,#cotton,112011,5,enable,1230,300,50,10,https://i5.walmartimages.com/asr/caad199b-81a7-4323-a25a-4fa64691e630_1.59dc710f33f31749e3992f1698cfd0ce.jpeg,champion,Jacket,winter,no,yes,Color,Blue,Material,Cotton
"Champion Men's Powerblend Fleece Pullover Hoodie, up to Size 4XL",Cotton/polyester blend helps reduce pilling and shrinkage.,#cotton,112012,5,enable,1230,300,50,10,https://i5.walmartimages.com/asr/caad199b-81a7-4323-a25a-4fa64691e630_1.59dc710f33f31749e3992f1698cfd0ce.jpeg,champion,Jacket,winter,no,yes,Color,Blue,Material,Cotton
"Champion Men's Powerblend Fleece Pullover Hoodie, up to Size 4XL",Cotton/polyester blend helps reduce pilling and shrinkage.,#cotton,112013,5,enable,1230,300,50,10,https://i5.walmartimages.com/asr/caad199b-81a7-4323-a25a-4fa64691e630_1.59dc710f33f31749e3992f1698cfd0ce.jpeg,champion,Jacket,winter,no,yes,Color,Blue,Material,Cotton
"Champion Men's Powerblend Fleece Pullover Hoodie, up to Size 4XL",Cotton/polyester blend helps reduce pilling and shrinkage.,#cotton,112014,5,enable,1230,300,50,10,https://i5.walmartimages.com/asr/caad199b-81a7-4323-a25a-4fa64691e630_1.59dc710f33f31749e3992f1698cfd0ce.jpeg,champion,Jacket,winter,no,yes,Color,Blue,Material,Cotton
"Champion Men's Powerblend Fleece Pullover Hoodie, up to Size 4XL",Cotton/polyester blend helps reduce pilling and shrinkage.,#cotton,112015,5,enable,1230,300,50,10,https://i5.walmartimages.com/asr/caad199b-81a7-4323-a25a-4fa64691e630_1.59dc710f33f31749e3992f1698cfd0ce.jpeg,champion,Jacket,winter,no,yes,Color,Blue,Material,Cotton
"Champion Men's Powerblend Fleece Pullover Hoodie, up to Size 4XL",Cotton/polyester blend helps reduce pilling and shrinkage.,#cotton,112016,5,enable,1230,300,50,10,https://i5.walmartimages.com/asr/caad199b-81a7-4323-a25a-4fa64691e630_1.59dc710f33f31749e3992f1698cfd0ce.jpeg,champion,Jacket,winter,no,yes,Color,Blue,Material,Cotton
"Champion Men's Powerblend Fleece Pullover Hoodie, up to Size 4XL",Cotton/polyester blend helps reduce pilling and shrinkage.,#cotton,112017,5,enable,1230,300,50,10,https://i5.walmartimages.com/asr/caad199b-81a7-4323-a25a-4fa64691e630_1.59dc710f33f31749e3992f1698cfd0ce.jpeg,champion,Jacket,winter,no,yes,Color,Blue,Material,Cotton
"Champion Men's Powerblend Fleece Pullover Hoodie, up to Size 4XL",Cotton/polyester blend helps reduce pilling and shrinkage.,#cotton,112018,5,enable,1230,300,50,10,https://i5.walmartimages.com/asr/caad199b-81a7-4323-a25a-4fa64691e630_1.59dc710f33f31749e3992f1698cfd0ce.jpeg,champion,Jacket,winter,no,yes,Color,Blue,Material,Cotton
"Champion Men's Powerblend Fleece Pullover Hoodie, up to Size 4XL",Cotton/polyester blend helps reduce pilling and shrinkage.,#cotton,112019,5,enable,1230,300,50,10,https://i5.walmartimages.com/asr/caad199b-81a7-4323-a25a-4fa64691e630_1.59dc710f33f31749e3992f1698cfd0ce.jpeg,champion,Jacket,winter,no,yes,Color,Blue,Material,Cotton
"Champion Men's Powerblend Fleece Pullover Hoodie, up to Size 4XL",Cotton/polyester blend helps reduce pilling and shrinkage.,#cotton,112020,5,enable,1230,300,50,10,https://i5.walmartimages.com/asr/caad199b-81a7-4323-a25a-4fa64691e630_1.59dc710f33f31749e3992f1698cfd0ce.jpeg,champion,Jacket,winter,no,yes,Color,Blue,Material,Cotton
"Champion Men's Powerblend Fleece Pullover Hoodie, up to Size 4XL",Cotton/polyester blend helps reduce pilling and shrinkage.,#cotton,112021,5,enable,1230,300,50,10,https://i5.walmartimages.com/asr/caad199b-81a7-4323-a25a-4fa64691e630_1.59dc710f33f31749e3992f1698cfd0ce.jpeg,champion,Jacket,winter,no,yes,Color,Blue,Material,Cotton
"Champion Men's Powerblend Fleece Pullover Hoodie, up to Size 4XL",Cotton/polyester blend helps reduce pilling and shrinkage.,#cotton,112022,5,enable,1230,300,50,10,https://i5.walmartimages.com/asr/caad199b-81a7-4323-a25a-4fa64691e630_1.59dc710f33f31749e3992f1698cfd0ce.jpeg,champion,Jacket,winter,no,yes,Color,Blue,Material,Cotton
"Champion Men's Powerblend Fleece Pullover Hoodie, up to Size 4XL",Cotton/polyester blend helps reduce pilling and shrinkage.,#cotton,112023,5,enable,1230,300,50,10,https://i5.walmartimages.com/asr/caad199b-81a7-4323-a25a-4fa64691e630_1.59dc710f33f31749e3992f1698cfd0ce.jpeg,champion,Jacket,winter,no,yes,Color,Blue,Material,Cotton
"Champion Men's Powerblend Fleece Pullover Hoodie, up to Size 4XL",Cotton/polyester blend helps reduce pilling and shrinkage.,#cotton,112024,5,enable,1230,300,50,10,https://i5.walmartimages.com/asr/caad199b-81a7-4323-a25a-4fa64691e630_1.59dc710f33f31749e3992f1698cfd0ce.jpeg,champion,Jacket,winter,no,yes,Color,Blue,Material,Cotton
"Champion Men's Powerblend Fleece Pullover Hoodie, up to Size 4XL",Cotton/polyester blend helps reduce pilling and shrinkage.,#cotton,112025,5,enable,1230,300,50,10,https://i5.walmartimages.com/asr/caad199b-81a7-4323-a25a-4fa64691e630_1.59dc710f33f31749e3992f1698cfd0ce.jpeg,champion,Jacket,winter,no,yes,Color,Blue,Material,Cotton
"Champion Men's Powerblend Fleece Pullover Hoodie, up to Size 4XL",Cotton/polyester blend helps reduce pilling and shrinkage.,#cotton,112026,5,enable,1230,300,50,10,https://i5.walmartimages.com/asr/caad199b-81a7-4323-a25a-4fa64691e630_1.59dc710f33f31749e3992f1698cfd0ce.jpeg,champion,Jacket,winter,no,yes,Color,Blue,Material,Cotton
"Champion Men's Powerblend Fleece Pullover Hoodie, up to Size 4XL",Cotton/polyester blend helps reduce pilling and shrinkage.,#cotton,112027,5,enable,1230,300,50,10,https://i5.walmartimages.com/asr/caad199b-81a7-4323-a25a-4fa64691e630_1.59dc710f33f31749e3992f1698cfd0ce.jpeg,champion,Jacket,winter,no,yes,Color,Blue,Material,Cotton
"Champion Men's Powerblend Fleece Pullover Hoodie, up to Size 4XL",Cotton/polyester blend helps reduce pilling and shrinkage.,#cotton,112028,5,enable,1230,300,50,10,https://i5.walmartimages.com/asr/caad199b-81a7-4323-a25a-4fa64691e630_1.59dc710f33f31749e3992f1698cfd0ce.jpeg,champion,Jacket,winter,no,yes,Color,Blue,Material,Cotton
"Champion Men's Powerblend Fleece Pullover Hoodie, up to Size 4XL",Cotton/polyester blend helps reduce pilling and shrinkage.,#cotton,112029,5,enable,1230,300,50,10,https://i5.walmartimages.com/asr/caad199b-81a7-4323-a25a-4fa64691e630_1.59dc710f33f31749e3992f1698cfd0ce.jpeg,champion,Jacket,winter,no,yes,Color,Blue,Material,Cotton
"Champion Men's Powerblend Fleece Pullover Hoodie, up to Size 4XL",Cotton/polyester blend helps reduce pilling and shrinkage.,#cotton,112030,5,enable,1230,300,50,10,https://i5.walmartimages.com/asr/caad199b-81a7-4323-a25a-4fa64691e630_1.59dc710f33f31749e3992f1698cfd0ce.jpeg,champion,Jacket,winter,no,yes,Color,Blue,Material,Cotton
"Champion Men's Powerblend Fleece Pullover Hoodie, up to Size 4XL",Cotton/polyester blend helps reduce pilling and shrinkage.,#cotton,112031,5,enable,1230,300,50,10,https://i5.walmartimages.com/asr/caad199b-81a7-4323-a25a-4fa64691e630_1.59dc710f33f31749e3992f1698cfd0ce.jpeg,champion,Jacket,winter,no,yes,Color,Blue,Material,Cotton
"Champion Men's Powerblend Fleece Pullover Hoodie, up to Size 4XL",Cotton/polyester blend helps reduce pilling and shrinkage.,#cotton,112032,5,enable,1230,300,50,10,https://i5.walmartimages.com/asr/caad199b-81a7-4323-a25a-4fa64691e630_1.59dc710f33f31749e3992f1698cfd0ce.jpeg,champion,Jacket,winter,no,yes,Color,Blue,Material,Cotton
"Champion Men's Powerblend Fleece Pullover Hoodie, up to Size 4XL",Cotton/polyester blend helps reduce pilling and shrinkage.,#cotton,112033,5,enable,1230,300,50,10,https://i5.walmartimages.com/asr/caad199b-81a7-4323-a25a-4fa64691e630_1.59dc710f33f31749e3992f1698cfd0ce.jpeg,champion,Jacket,winter,no,yes,Color,Blue,Material,Cotton
"Champion Men's Powerblend Fleece Pullover Hoodie, up to Size 4XL",Cotton/polyester blend helps reduce pilling and shrinkage.,#cotton,112034,5,enable,1230,300,50,10,https://i5.walmartimages.com/asr/caad199b-81a7-4323-a25a-4fa64691e630_1.59dc710f33f31749e3992f1698cfd0ce.jpeg,champion,Jacket,winter,no,yes,Color,Blue,Material,Cotton
"Champion Men's Powerblend Fleece Pullover Hoodie, up to Size 4XL",Cotton/polyester blend helps reduce pilling and shrinkage.,#cotton,112035,5,enable,1230,300,50,10,https://i5.walmartimages.com/asr/caad199b-81a7-4323-a25a-4fa64691e630_1.59dc710f33f31749e3992f1698cfd0ce.jpeg,champion,Jacket,winter,no,yes,Color,Blue,Material,Cotton
"Champion Men's Powerblend Fleece Pullover Hoodie, up to Size 4XL",Cotton/polyester blend helps reduce pilling and shrinkage.,#cotton,112036,5,enable,1230,300,50,10,https://i5.walmartimages.com/asr/caad199b-81a7-4323-a25a-4fa64691e630_1.59dc710f33f31749e3992f1698cfd0ce.jpeg,champion,Jacket,winter,no,yes,Color,Blue,Material,Cotton
"Champion Men's Powerblend Fleece Pullover Hoodie, up to Size 4XL",Cotton/polyester blend helps reduce pilling and shrinkage.,#cotton,112037,5,enable,1230,300,50,10,https://i5.walmartimages.com/asr/caad199b-81a7-4323-a25a-4fa64691e630_1.59dc710f33f31749e3992f1698cfd0ce.jpeg,champion,Jacket,winter,no,yes,Color,Blue,Material,Cotton
"Champion Men's Powerblend Fleece Pullover Hoodie, up to Size 4XL",Cotton/polyester blend helps reduce pilling and shrinkage.,#cotton,112038,5,enable,1230,300,50,10,https://i5.walmartimages.com/asr/caad199b-81a7-4323-a25a-4fa64691e630_1.59dc710f33f31749e3992f1698cfd0ce.jpeg,champion,Jacket,winter,no,yes,Color,Blue,Material,Cotton
"Champion Men's Powerblend Fleece Pullover Hoodie, up to Size 4XL",Cotton/polyester blend helps reduce pilling and shrinkage.,#cotton,112039,5,enable,1230,300,50,10,https://i5.walmartimages.com/asr/caad199b-81a7-4323-a25a-4fa64691e630_1.59dc710f33f31749e3992f1698cfd0ce.jpeg,champion,Jacket,winter,no,yes,Color,Blue,Material,Cotton
"Champion Men's Powerblend Fleece Pullover Hoodie, up to Size 4XL",Cotton/polyester blend helps reduce pilling and shrinkage.,#cotton,112040,5,enable,1230,300,50,10,https://i5.walmartimages.com/asr/caad199b-81a7-4323-a25a-4fa64691e630_1.59dc710f33f31749e3992f1698cfd0ce.jpeg,champion,Jacket,winter,no,yes,Color,Blue,Material,Cotton
"Champion Men's Powerblend Fleece Pullover Hoodie, up to Size 4XL",Cotton/polyester blend helps reduce pilling and shrinkage.,#cotton,112041,5,enable,1230,300,50,10,https://i5.walmartimages.com/asr/caad199b-81a7-4323-a25a-4fa64691e630_1.59dc710f33f31749e3992f1698cfd0ce.jpeg,champion,Jacket,winter,no,yes,Color,Blue,Material,Cotton
"Champion Men's Powerblend Fleece Pullover Hoodie, up to Size 4XL",Cotton/polyester blend helps reduce pilling and shrinkage.,#cotton,112042,5,enable,1230,300,50,10,https://i5.walmartimages.com/asr/caad199b-81a7-4323-a25a-4fa64691e630_1.59dc710f33f31749e3992f1698cfd0ce.jpeg,champion,Jacket,winter,no,yes,Color,Blue,Material,Cotton
"Champion Men's Powerblend Fleece Pullover Hoodie, up to Size 4XL",Cotton/polyester blend helps reduce pilling and shrinkage.,#cotton,112043,5,enable,1230,300,50,10,https://i5.walmartimages.com/asr/caad199b-81a7-4323-a25a-4fa64691e630_1.59dc710f33f31749e3992f1698cfd0ce.jpeg,champion,Jacket,winter,no,yes,Color,Blue,Material,Cotton
"Champion Men's Powerblend Fleece Pullover Hoodie, up to Size 4XL",Cotton/polyester blend helps reduce pilling and shrinkage.,#cotton,112044,5,enable,1230,300,50,10,https://i5.walmartimages.com/asr/caad199b-81a7-4323-a25a-4fa64691e630_1.59dc710f33f31749e3992f1698cfd0ce.jpeg,champion,Jacket,winter,no,yes,Color,Blue,Material,Cotton
"Champion Men's Powerblend Fleece Pullover Hoodie, up to Size 4XL",Cotton/polyester blend helps reduce pilling and shrinkage.,#cotton,112045,5,enable,1230,300,50,10,https://i5.walmartimages.com/asr/caad199b-81a7-4323-a25a-4fa64691e630_1.59dc710f33f31749e3992f1698cfd0ce.jpeg,champion,Jacket,winter,no,yes,Color,Blue,Material,Cotton
"Champion Men's Powerblend Fleece Pullover Hoodie, up to Size 4XL",Cotton/polyester blend helps reduce pilling and shrinkage.,#cotton,112046,5,enable,1230,300,50,10,https://i5.walmartimages.com/asr/caad199b-81a7-4323-a25a-4fa64691e630_1.59dc710f33f31749e3992f1698cfd0ce.jpeg,champion,Jacket,winter,no,yes,Color,Blue,Material,Cotton
"Champion Men's Powerblend Fleece Pullover Hoodie, up to Size 4XL",Cotton/polyester blend helps reduce pilling and shrinkage.,#cotton,112047,5,enable,1230,300,50,10,https://i5.walmartimages.com/asr/caad199b-81a7-4323-a25a-4fa64691e630_1.59dc710f33f31749e3992f1698cfd0ce.jpeg,champion,Jacket,winter,no,yes,Color,Blue,Material,Cotton
"Champion Men's Powerblend Fleece Pullover Hoodie, up to Size 4XL",Cotton/polyester blend helps reduce pilling and shrinkage.,#cotton,112048,5,enable,1230,300,50,10,https://i5.walmartimages.com/asr/caad199b-81a7-4323-a25a-4fa64691e630_1.59dc710f33f31749e3992f1698cfd0ce.jpeg,champion,Jacket,winter,no,yes,Color,Blue,Material,Cotton
"Champion Men's Powerblend Fleece Pullover Hoodie, up to Size 4XL",Cotton/polyester blend helps reduce pilling and shrinkage.,#cotton,112049,5,enable,1230,300,50,10,https://i5.walmartimages.com/asr/caad199b-81a7-4323-a25a-4fa64691e630_1.59dc710f33f31749e3992f1698cfd0ce.jpeg,champion,Jacket,winter,no,yes,Color,Blue,Material,Cotton
"Champion Men's Powerblend Fleece Pullover Hoodie, up to Size 4XL",Cotton/polyester blend helps reduce pilling and shrinkage.,#cotton,112050,5,enable,1230,300,50,10,https://i5.walmartimages.com/asr/caad199b-81a7-4323-a25a-4fa64691e630_1.59dc710f33f31749e3992f1698cfd0ce.jpeg,champion,Jacket,winter,no,yes,Color,Blue,Material,Cotton
"Champion Men's Powerblend Fleece Pullover Hoodie, up to Size 4XL",Cotton/polyester blend helps reduce pilling and shrinkage.,#cotton,112051,5,enable,1230,300,50,10,https://i5.walmartimages.com/asr/caad199b-81a7-4323-a25a-4fa64691e630_1.59dc710f33f31749e3992f1698cfd0ce.jpeg,champion,Jacket,winter,no,yes,Color,Blue,Material,Cotton
"Champion Men's Powerblend Fleece Pullover Hoodie, up to Size 4XL",Cotton/polyester blend helps reduce pilling and shrinkage.,#cotton,112052,5,enable,1230,300,50,10,https://i5.walmartimages.com/asr/caad199b-81a7-4323-a25a-4fa64691e630_1.59dc710f33f31749e3992f1698cfd0ce.jpeg,champion,Jacket,winter,no,yes,Color,Blue,Material,Cotton
"Champion Men's Powerblend Fleece Pullover Hoodie, up to Size 4XL",Cotton/polyester blend helps reduce pilling and shrinkage.,#cotton,112053,5,enable,1230,300,50,10,https://i5.walmartimages.com/asr/caad199b-81a7-4323-a25a-4fa64691e630_1.59dc710f33f31749e3992f1698cfd0ce.jpeg,champion,Jacket,winter,no,yes,Color,Blue,Material,Cotton
"Champion Men's Powerblend Fleece Pullover Hoodie, up to Size 4XL",Cotton/polyester blend helps reduce pilling and shrinkage.,#cotton,112054,5,enable,1230,300,50,10,https://i5.walmartimages.com/asr/caad199b-81a7-4323-a25a-4fa64691e630_1.59dc710f33f31749e3992f1698cfd0ce.jpeg,champion,Jacket,winter,no,yes,Color,Blue,Material,Cotton
"Champion Men's Powerblend Fleece Pullover Hoodie, up to Size 4XL",Cotton/polyester blend helps reduce pilling and shrinkage.,#cotton,112055,5,enable,1230,300,50,10,https://i5.walmartimages.com/asr/caad199b-81a7-4323-a25a-4fa64691e630_1.59dc710f33f31749e3992f1698cfd0ce.jpeg,champion,Jacket,winter,no,yes,Color,Blue,Material,Cotton
"Champion Men's Powerblend Fleece Pullover Hoodie, up to Size 4XL",Cotton/polyester blend helps reduce pilling and shrinkage.,#cotton,112056,5,enable,1230,300,50,10,https://i5.walmartimages.com/asr/caad199b-81a7-4323-a25a-4fa64691e630_1.59dc710f33f31749e3992f1698cfd0ce.jpeg,champion,Jacket,winter,no,yes,Color,Blue,Material,Cotton
"Champion Men's Powerblend Fleece Pullover Hoodie, up to Size 4XL",Cotton/polyester blend helps reduce pilling and shrinkage.,#cotton,112057,5,enable,1230,300,50,10,https://i5.walmartimages.com/asr/caad199b-81a7-4323-a25a-4fa64691e630_1.59dc710f33f31749e3992f1698cfd0ce.jpeg,champion,Jacket,winter,no,yes,Color,Blue,Material,Cotton
"Champion Men's Powerblend Fleece Pullover Hoodie, up to Size 4XL",Cotton/polyester blend helps reduce pilling and shrinkage.,#cotton,112058,5,enable,1230,300,50,10,https://i5.walmartimages.com/asr/caad199b-81a7-4323-a25a-4fa64691e630_1.59dc710f33f31749e3992f1698cfd0ce.jpeg,champion,Jacket,winter,no,yes,Color,Blue,Material,Cotton
"Champion Men's Powerblend Fleece Pullover Hoodie, up to Size 4XL",Cotton/polyester blend helps reduce pilling and shrinkage.,#cotton,112059,5,enable,1230,300,50,10,https://i5.walmartimages.com/asr/caad199b-81a7-4323-a25a-4fa64691e630_1.59dc710f33f31749e3992f1698cfd0ce.jpeg,champion,Jacket,winter,no,yes,Color,Blue,Material,Cotton
"Champion Men's Powerblend Fleece Pullover Hoodie, up to Size 4XL",Cotton/polyester blend helps reduce pilling and shrinkage.,#cotton,112060,5,enable,1230,300,50,10,https://i5.walmartimages.com/asr/caad199b-81a7-4323-a25a-4fa64691e630_1.59dc710f33f31749e3992f1698cfd0ce.jpeg,champion,Jacket,winter,no,yes,Color,Blue,Material,Cotton
"Champion Men's Powerblend Fleece Pullover Hoodie, up to Size 4XL",Cotton/polyester blend helps reduce pilling and shrinkage.,#cotton,112061,5,enable,1230,300,50,10,https://i5.walmartimages.com/asr/caad199b-81a7-4323-a25a-4fa64691e630_1.59dc710f33f31749e3992f1698cfd0ce.jpeg,champion,Jacket,winter,no,yes,Color,Blue,Material,Cotton
"Champion Men's Powerblend Fleece Pullover Hoodie, up to Size 4XL",Cotton/polyester blend helps reduce pilling and shrinkage.,#cotton,112062,5,enable,1230,300,50,10,https://i5.walmartimages.com/asr/caad199b-81a7-4323-a25a-4fa64691e630_1.59dc710f33f31749e3992f1698cfd0ce.jpeg,champion,Jacket,winter,no,yes,Color,Blue,Material,Cotton
"Champion Men's Powerblend Fleece Pullover Hoodie, up to Size 4XL",Cotton/polyester blend helps reduce pilling and shrinkage.,#cotton,112063,5,enable,1230,300,50,10,https://i5.walmartimages.com/asr/caad199b-81a7-4323-a25a-4fa64691e630_1.59dc710f33f31749e3992f1698cfd0ce.jpeg,champion,Jacket,winter,no,yes,Color,Blue,Material,Cotton
"Champion Men's Powerblend Fleece Pullover Hoodie, up to Size 4XL",Cotton/polyester blend helps reduce pilling and shrinkage.,#cotton,112064,5,enable,1230,300,50,10,https://i5.walmartimages.com/asr/caad199b-81a7-4323-a25a-4fa64691e630_1.59dc710f33f31749e3992f1698cfd0ce.jpeg,champion,Jacket,winter,no,yes,Color,Blue,Material,Cotton
"Champion Men's Powerblend Fleece Pullover Hoodie, up to Size 4XL",Cotton/polyester blend helps reduce pilling and shrinkage.,#cotton,112065,5,enable,1230,300,50,10,https://i5.walmartimages.com/asr/caad199b-81a7-4323-a25a-4fa64691e630_1.59dc710f33f31749e3992f1698cfd0ce.jpeg,champion,Jacket,winter,no,yes,Color,Blue,Material,Cotton
"Champion Men's Powerblend Fleece Pullover Hoodie, up to Size 4XL",Cotton/polyester blend helps reduce pilling and shrinkage.,#cotton,112066,5,enable,1230,300,50,10,https://i5.walmartimages.com/asr/caad199b-81a7-4323-a25a-4fa64691e630_1.59dc710f33f31749e3992f1698cfd0ce.jpeg,champion,Jacket,winter,no,yes,Color,Blue,Material,Cotton
"Champion Men's Powerblend Fleece Pullover Hoodie, up to Size 4XL",Cotton/polyester blend helps reduce pilling and shrinkage.,#cotton,112067,5,enable,1230,300,50,10,https://i5.walmartimages.com/asr/caad199b-81a7-4323-a25a-4fa64691e630_1.59dc710f33f31749e3992f1698cfd0ce.jpeg,champion,Jacket,winter,no,yes,Color,Blue,Material,Cotton
"Champion Men's Powerblend Fleece Pullover Hoodie, up to Size 4XL",Cotton/polyester blend helps reduce pilling and shrinkage.,#cotton,112068,5,enable,1230,300,50,10,https://i5.walmartimages.com/asr/caad199b-81a7-4323-a25a-4fa64691e630_1.59dc710f33f31749e3992f1698cfd0ce.jpeg,champion,Jacket,winter,no,yes,Color,Blue,Material,Cotton
"Champion Men's Powerblend Fleece Pullover Hoodie, up to Size 4XL",Cotton/polyester blend helps reduce pilling and shrinkage.,#cotton,112069,5,enable,1230,300,50,10,https://i5.walmartimages.com/asr/caad199b-81a7-4323-a25a-4fa64691e630_1.59dc710f33f31749e3992f1698cfd0ce.jpeg,champion,Jacket,winter,no,yes,Color,Blue,Material,Cotton
"Champion Men's Powerblend Fleece Pullover Hoodie, up to Size 4XL",Cotton/polyester blend helps reduce pilling and shrinkage.,#cotton,112070,5,enable,1230,300,50,10,https://i5.walmartimages.com/asr/caad199b-81a7-4323-a25a-4fa64691e630_1.59dc710f33f31749e3992f1698cfd0ce.jpeg,champion,Jacket,winter,no,yes,Color,Blue,Material,Cotton
"Champion Men's Powerblend Fleece Pullover Hoodie, up to Size 4XL",Cotton/polyester blend helps reduce pilling and shrinkage.,#cotton,112071,5,enable,1230,300,50,10,https://i5.walmartimages.com/asr/caad199b-81a7-4323-a25a-4fa64691e630_1.59dc710f33f31749e3992f1698cfd0ce.jpeg,champion,Jacket,winter,no,yes,Color,Blue,Material,Cotton
"Champion Men's Powerblend Fleece Pullover Hoodie, up to Size 4XL",Cotton/polyester blend helps reduce pilling and shrinkage.,#cotton,112072,5,enable,1230,300,50,10,https://i5.walmartimages.com/asr/caad199b-81a7-4323-a25a-4fa64691e630_1.59dc710f33f31749e3992f1698cfd0ce.jpeg,champion,Jacket,winter,no,yes,Color,Blue,Material,Cotton
"Champion Men's Powerblend Fleece Pullover Hoodie, up to Size 4XL",Cotton/polyester blend helps reduce pilling and shrinkage.,#cotton,112073,5,enable,1230,300,50,10,https://i5.walmartimages.com/asr/caad199b-81a7-4323-a25a-4fa64691e630_1.59dc710f33f31749e3992f1698cfd0ce.jpeg,champion,Jacket,winter,no,yes,Color,Blue,Material,Cotton
"Champion Men's Powerblend Fleece Pullover Hoodie, up to Size 4XL",Cotton/polyester blend helps reduce pilling and shrinkage.,#cotton,112074,5,enable,1230,300,50,10,https://i5.walmartimages.com/asr/caad199b-81a7-4323-a25a-4fa64691e630_1.59dc710f33f31749e3992f1698cfd0ce.jpeg,champion,Jacket,winter,no,yes,Color,Blue,Material,Cotton
"Champion Men's Powerblend Fleece Pullover Hoodie, up to Size 4XL",Cotton/polyester blend helps reduce pilling and shrinkage.,#cotton,112075,5,enable,1230,300,50,10,https://i5.walmartimages.com/asr/caad199b-81a7-4323-a25a-4fa64691e630_1.59dc710f33f31749e3992f1698cfd0ce.jpeg,champion,Jacket,winter,no,yes,Color,Blue,Material,Cotton
"Champion Men's Powerblend Fleece Pullover Hoodie, up to Size 4XL",Cotton/polyester blend helps reduce pilling and shrinkage.,#cotton,112076,5,enable,1230,300,50,10,https://i5.walmartimages.com/asr/caad199b-81a7-4323-a25a-4fa64691e630_1.59dc710f33f31749e3992f1698cfd0ce.jpeg,champion,Jacket,winter,no,yes,Color,Blue,Material,Cotton
"Champion Men's Powerblend Fleece Pullover Hoodie, up to Size 4XL",Cotton/polyester blend helps reduce pilling and shrinkage.,#cotton,112077,5,enable,1230,300,50,10,https://i5.walmartimages.com/asr/caad199b-81a7-4323-a25a-4fa64691e630_1.59dc710f33f31749e3992f1698cfd0ce.jpeg,champion,Jacket,winter,no,yes,Color,Blue,Material,Cotton
"Champion Men's Powerblend Fleece Pullover Hoodie, up to Size 4XL",Cotton/polyester blend helps reduce pilling and shrinkage.,#cotton,112078,5,enable,1230,300,50,10,https://i5.walmartimages.com/asr/caad199b-81a7-4323-a25a-4fa64691e630_1.59dc710f33f31749e3992f1698cfd0ce.jpeg,champion,Jacket,winter,no,yes,Color,Blue,Material,Cotton
"Champion Men's Powerblend Fleece Pullover Hoodie, up to Size 4XL",Cotton/polyester blend helps reduce pilling and shrinkage.,#cotton,112079,5,enable,1230,300,50,10,https://i5.walmartimages.com/asr/caad199b-81a7-4323-a25a-4fa64691e630_1.59dc710f33f31749e3992f1698cfd0ce.jpeg,champion,Jacket,winter,no,yes,Color,Blue,Material,Cotton
"Champion Men's Powerblend Fleece Pullover Hoodie, up to Size 4XL",Cotton/polyester blend helps reduce pilling and shrinkage.,#cotton,112080,5,enable,1230,300,50,10,https://i5.walmartimages.com/asr/caad199b-81a7-4323-a25a-4fa64691e630_1.59dc710f33f31749e3992f1698cfd0ce.jpeg,champion,Jacket,winter,no,yes,Color,Blue,Material,Cotton
"Champion Men's Powerblend Fleece Pullover Hoodie, up to Size 4XL",Cotton/polyester blend helps reduce pilling and shrinkage.,#cotton,112081,5,enable,1230,300,50,10,https://i5.walmartimages.com/asr/caad199b-81a7-4323-a25a-4fa64691e630_1.59dc710f33f31749e3992f1698cfd0ce.jpeg,champion,Jacket,winter,no,yes,Color,Blue,Material,Cotton
"Champion Men's Powerblend Fleece Pullover Hoodie, up to Size 4XL",Cotton/polyester blend helps reduce pilling and shrinkage.,#cotton,112082,5,enable,1230,300,50,10,https://i5.walmartimages.com/asr/caad199b-81a7-4323-a25a-4fa64691e630_1.59dc710f33f31749e3992f1698cfd0ce.jpeg,champion,Jacket,winter,no,yes,Color,Blue,Material,Cotton
"Champion Men's Powerblend Fleece Pullover Hoodie, up to Size 4XL",Cotton/polyester blend helps reduce pilling and shrinkage.,#cotton,112083,5,enable,1230,300,50,10,https://i5.walmartimages.com/asr/caad199b-81a7-4323-a25a-4fa64691e630_1.59dc710f33f31749e3992f1698cfd0ce.jpeg,champion,Jacket,winter,no,yes,Color,Blue,Material,Cotton
"Champion Men's Powerblend Fleece Pullover Hoodie, up to Size 4XL",Cotton/polyester blend helps reduce pilling and shrinkage.,#cotton,112084,5,enable,1230,300,50,10,https://i5.walmartimages.com/asr/caad199b-81a7-4323-a25a-4fa64691e630_1.59dc710f33f31749e3992f1698cfd0ce.jpeg,champion,Jacket,winter,no,yes,Color,Blue,Material,Cotton
"Champion Men's Powerblend Fleece Pullover Hoodie, up to Size 4XL",Cotton/polyester blend helps reduce pilling and shrinkage.,#cotton,112085,5,enable,1230,300,50,10,https://i5.walmartimages.com/asr/caad199b-81a7-4323-a25a-4fa64691e630_1.59dc710f33f31749e3992f1698cfd0ce.jpeg,champion,Jacket,winter,no,yes,Color,Blue,Material,Cotton
"Champion Men's Powerblend Fleece Pullover Hoodie, up to Size 4XL",Cotton/polyester blend helps reduce pilling and shrinkage.,#cotton,112086,5,enable,1230,300,50,10,https://i5.walmartimages.com/asr/caad199b-81a7-4323-a25a-4fa64691e630_1.59dc710f33f31749e3992f1698cfd0ce.jpeg,champion,Jacket,winter,no,yes,Color,Blue,Material,Cotton
"Champion Men's Powerblend Fleece Pullover Hoodie, up to Size 4XL",Cotton/polyester blend helps reduce pilling and shrinkage.,#cotton,112087,5,enable,1230,300,50,10,https://i5.walmartimages.com/asr/caad199b-81a7-4323-a25a-4fa64691e630_1.59dc710f33f31749e3992f1698cfd0ce.jpeg,champion,Jacket,winter,no,yes,Color,Blue,Material,Cotton
"Champion Men's Powerblend Fleece Pullover Hoodie, up to Size 4XL",Cotton/polyester blend helps reduce pilling and shrinkage.,#cotton,112088,5,enable,1230,300,50,10,https://i5.walmartimages.com/asr/caad199b-81a7-4323-a25a-4fa64691e630_1.59dc710f33f31749e3992f1698cfd0ce.jpeg,champion,Jacket,winter,no,yes,Color,Blue,Material,Cotton
"Champion Men's Powerblend Fleece Pullover Hoodie, up to Size 4XL",Cotton/polyester blend helps reduce pilling and shrinkage.,#cotton,112089,5,enable,1230,300,50,10,https://i5.walmartimages.com/asr/caad199b-81a7-4323-a25a-4fa64691e630_1.59dc710f33f31749e3992f1698cfd0ce.jpeg,champion,Jacket,winter,no,yes,Color,Blue,Material,Cotton
"Champion Men's Powerblend Fleece Pullover Hoodie, up to Size 4XL",Cotton/polyester blend helps reduce pilling and shrinkage.,#cotton,112090,5,enable,1230,300,50,10,https://i5.walmartimages.com/asr/caad199b-81a7-4323-a25a-4fa64691e630_1.59dc710f33f31749e3992f1698cfd0ce.jpeg,champion,Jacket,winter,no,yes,Color,Blue,Material,Cotton
"Champion Men's Powerblend Fleece Pullover Hoodie, up to Size 4XL",Cotton/polyester blend helps reduce pilling and shrinkage.,#cotton,112091,5,enable,1230,300,50,10,https://i5.walmartimages.com/asr/caad199b-81a7-4323-a25a-4fa64691e630_1.59dc710f33f31749e3992f1698cfd0ce.jpeg,champion,Jacket,winter,no,yes,Color,Blue,Material,Cotton
"Champion Men's Powerblend Fleece Pullover Hoodie, up to Size 4XL",Cotton/polyester blend helps reduce pilling and shrinkage.,#cotton,112092,5,enable,1230,300,50,10,https://i5.walmartimages.com/asr/caad199b-81a7-4323-a25a-4fa64691e630_1.59dc710f33f31749e3992f1698cfd0ce.jpeg,champion,Jacket,winter,no,yes,Color,Blue,Material,Cotton
"Champion Men's Powerblend Fleece Pullover Hoodie, up to Size 4XL",Cotton/polyester blend helps reduce pilling and shrinkage.,#cotton,112093,5,enable,1230,300,50,10,https://i5.walmartimages.com/asr/caad199b-81a7-4323-a25a-4fa64691e630_1.59dc710f33f31749e3992f1698cfd0ce.jpeg,champion,Jacket,winter,no,yes,Color,Blue,Material,Cotton
"Champion Men's Powerblend Fleece Pullover Hoodie, up to Size 4XL",Cotton/polyester blend helps reduce pilling and shrinkage.,#cotton,112094,5,enable,1230,300,50,10,https://i5.walmartimages.com/asr/caad199b-81a7-4323-a25a-4fa64691e630_1.59dc710f33f31749e3992f1698cfd0ce.jpeg,champion,Jacket,winter,no,yes,Color,Blue,Material,Cotton
"Champion Men's Powerblend Fleece Pullover Hoodie, up to Size 4XL",Cotton/polyester blend helps reduce pilling and shrinkage.,#cotton,112095,5,enable,1230,300,50,10,https://i5.walmartimages.com/asr/caad199b-81a7-4323-a25a-4fa64691e630_1.59dc710f33f31749e3992f1698cfd0ce.jpeg,champion,Jacket,winter,no,yes,Color,Blue,Material,Cotton
"Champion Men's Powerblend Fleece Pullover Hoodie, up to Size 4XL",Cotton/polyester blend helps reduce pilling and shrinkage.,#cotton,112096,5,enable,1230,300,50,10,https://i5.walmartimages.com/asr/caad199b-81a7-4323-a25a-4fa64691e630_1.59dc710f33f31749e3992f1698cfd0ce.jpeg,champion,Jacket,winter,no,yes,Color,Blue,Material,Cotton
"Champion Men's Powerblend Fleece Pullover Hoodie, up to Size 4XL",Cotton/polyester blend helps reduce pilling and shrinkage.,#cotton,112097,5,enable,1230,300,50,10,https://i5.walmartimages.com/asr/caad199b-81a7-4323-a25a-4fa64691e630_1.59dc710f33f31749e3992f1698cfd0ce.jpeg,champion,Jacket,winter,no,yes,Color,Blue,Material,Cotton
"Champion Men's Powerblend Fleece Pullover Hoodie, up to Size 4XL",Cotton/polyester blend helps reduce pilling and shrinkage.,#cotton,112098,5,enable,1230,300,50,10,https://i5.walmartimages.com/asr/caad199b-81a7-4323-a25a-4fa64691e630_1.59dc710f33f31749e3992f1698cfd0ce.jpeg,champion,Jacket,winter,no,yes,Color,Blue,Material,Cotton
"Champion Men's Powerblend Fleece Pullover Hoodie, up to Size 4XL",Cotton/polyester blend helps reduce pilling and shrinkage.,#cotton,112099,5,enable,1230,300,50,10,https://i5.walmartimages.com/asr/caad199b-81a7-4323-a25a-4fa64691e630_1.59dc710f33f31749e3992f1698cfd0ce.jpeg,champion,Jacket,winter,no,yes,Color,Blue,Material,Cotton
"Champion Men's Powerblend Fleece Pullover Hoodie, up to Size 4XL",Cotton/polyester blend helps reduce pilling and shrinkage.,#cotton,112100,5,enable,1230,300,50,10,https://i5.walmartimages.com/asr/caad199b-81a7-4323-a25a-4fa64691e630_1.59dc710f33f31749e3992f1698cfd0ce.jpeg,champion,Jacket,winter,no,yes,Color,Blue,Material,Cotton
"Champion Men's Powerblend Fleece Pullover Hoodie, up to Size 4XL",Cotton/polyester blend helps reduce pilling and shrinkage.,#cotton,112101,5,enable,1230,300,50,10,https://i5.walmartimages.com/asr/caad199b-81a7-4323-a25a-4fa64691e630_1.59dc710f33f31749e3992f1698cfd0ce.jpeg,champion,Jacket,winter,no,yes,Color,Blue,Material,Cotton
"Champion Men's Powerblend Fleece Pullover Hoodie, up to Size 4XL",Cotton/polyester blend helps reduce pilling and shrinkage.,#cotton,112102,5,enable,1230,300,50,10,https://i5.walmartimages.com/asr/caad199b-81a7-4323-a25a-4fa64691e630_1.59dc710f33f31749e3992f1698cfd0ce.jpeg,champion,Jacket,winter,no,yes,Color,Blue,Material,Cotton
"Champion Men's Powerblend Fleece Pullover Hoodie, up to Size 4XL",Cotton/polyester blend helps reduce pilling and shrinkage.,#cotton,112103,5,enable,1230,300,50,10,https://i5.walmartimages.com/asr/caad199b-81a7-4323-a25a-4fa64691e630_1.59dc710f33f31749e3992f1698cfd0ce.jpeg,champion,Jacket,winter,no,yes,Color,Blue,Material,Cotton
"Champion Men's Powerblend Fleece Pullover Hoodie, up to Size 4XL",Cotton/polyester blend helps reduce pilling and shrinkage.,#cotton,112104,5,enable,1230,300,50,10,https://i5.walmartimages.com/asr/caad199b-81a7-4323-a25a-4fa64691e630_1.59dc710f33f31749e3992f1698cfd0ce.jpeg,champion,Jacket,winter,no,yes,Color,Blue,Material,Cotton
"Champion Men's Powerblend Fleece Pullover Hoodie, up to Size 4XL",Cotton/polyester blend helps reduce pilling and shrinkage.,#cotton,112105,5,enable,1230,300,50,10,https://i5.walmartimages.com/asr/caad199b-81a7-4323-a25a-4fa64691e630_1.59dc710f33f31749e3992f1698cfd0ce.jpeg,champion,Jacket,winter,no,yes,Color,Blue,Material,Cotton
"Champion Men's Powerblend Fleece Pullover Hoodie, up to Size 4XL",Cotton/polyester blend helps reduce pilling and shrinkage.,#cotton,112106,5,enable,1230,300,50,10,https://i5.walmartimages.com/asr/caad199b-81a7-4323-a25a-4fa64691e630_1.59dc710f33f31749e3992f1698cfd0ce.jpeg,champion,Jacket,winter,no,yes,Color,Blue,Material,Cotton
"Champion Men's Powerblend Fleece Pullover Hoodie, up to Size 4XL",Cotton/polyester blend helps reduce pilling and shrinkage.,#cotton,112107,5,enable,1230,300,50,10,https://i5.walmartimages.com/asr/caad199b-81a7-4323-a25a-4fa64691e630_1.59dc710f33f31749e3992f1698cfd0ce.jpeg,champion,Jacket,winter,no,yes,Color,Blue,Material,Cotton
"Champion Men's Powerblend Fleece Pullover Hoodie, up to Size 4XL",Cotton/polyester blend helps reduce pilling and shrinkage.,#cotton,112108,5,enable,1230,300,50,10,https://i5.walmartimages.com/asr/caad199b-81a7-4323-a25a-4fa64691e630_1.59dc710f33f31749e3992f1698cfd0ce.jpeg,champion,Jacket,winter,no,yes,Color,Blue,Material,Cotton
"Champion Men's Powerblend Fleece Pullover Hoodie, up to Size 4XL",Cotton/polyester blend helps reduce pilling and shrinkage.,#cotton,112109,5,enable,1230,300,50,10,https://i5.walmartimages.com/asr/caad199b-81a7-4323-a25a-4fa64691e630_1.59dc710f33f31749e3992f1698cfd0ce.jpeg,champion,Jacket,winter,no,yes,Color,Blue,Material,Cotton
"Champion Men's Powerblend Fleece Pullover Hoodie, up to Size 4XL",Cotton/polyester blend helps reduce pilling and shrinkage.,#cotton,112110,5,enable,1230,300,50,10,https://i5.walmartimages.com/asr/caad199b-81a7-4323-a25a-4fa64691e630_1.59dc710f33f31749e3992f1698cfd0ce.jpeg,champion,Jacket,winter,no,yes,Color,Blue,Material,Cotton
"Champion Men's Powerblend Fleece Pullover Hoodie, up to Size 4XL",Cotton/polyester blend helps reduce pilling and shrinkage.,#cotton,112111,5,enable,1230,300,50,10,https://i5.walmartimages.com/asr/caad199b-81a7-4323-a25a-4fa64691e630_1.59dc710f33f31749e3992f1698cfd0ce.jpeg,champion,Jacket,winter,no,yes,Color,Blue,Material,Cotton
"Champion Men's Powerblend Fleece Pullover Hoodie, up to Size 4XL",Cotton/polyester blend helps reduce pilling and shrinkage.,#cotton,112112,5,enable,1230,300,50,10,https://i5.walmartimages.com/asr/caad199b-81a7-4323-a25a-4fa64691e630_1.59dc710f33f31749e3992f1698cfd0ce.jpeg,champion,Jacket,winter,no,yes,Color,Blue,Material,Cotton
"Champion Men's Powerblend Fleece Pullover Hoodie, up to Size 4XL",Cotton/polyester blend helps reduce pilling and shrinkage.,#cotton,112113,5,enable,1230,300,50,10,https://i5.walmartimages.com/asr/caad199b-81a7-4323-a25a-4fa64691e630_1.59dc710f33f31749e3992f1698cfd0ce.jpeg,champion,Jacket,winter,no,yes,Color,Blue,Material,Cotton
"Champion Men's Powerblend Fleece Pullover Hoodie, up to Size 4XL",Cotton/polyester blend helps reduce pilling and shrinkage.,#cotton,112114,5,enable,1230,300,50,10,https://i5.walmartimages.com/asr/caad199b-81a7-4323-a25a-4fa64691e630_1.59dc710f33f31749e3992f1698cfd0ce.jpeg,champion,Jacket,winter,no,yes,Color,Blue,Material,Cotton
"Champion Men's Powerblend Fleece Pullover Hoodie, up to Size 4XL",Cotton/polyester blend helps reduce pilling and shrinkage.,#cotton,112115,5,enable,1230,300,50,10,https://i5.walmartimages.com/asr/caad199b-81a7-4323-a25a-4fa64691e630_1.59dc710f33f31749e3992f1698cfd0ce.jpeg,champion,Jacket,winter,no,yes,Color,Blue,Material,Cotton
"Champion Men's Powerblend Fleece Pullover Hoodie, up to Size 4XL",Cotton/polyester blend helps reduce pilling and shrinkage.,#cotton,112116,5,enable,1230,300,50,10,https://i5.walmartimages.com/asr/caad199b-81a7-4323-a25a-4fa64691e630_1.59dc710f33f31749e3992f1698cfd0ce.jpeg,champion,Jacket,winter,no,yes,Color,Blue,Material,Cotton
"Champion Men's Powerblend Fleece Pullover Hoodie, up to Size 4XL",Cotton/polyester blend helps reduce pilling and shrinkage.,#cotton,112117,5,enable,1230,300,50,10,https://i5.walmartimages.com/asr/caad199b-81a7-4323-a25a-4fa64691e630_1.59dc710f33f31749e3992f1698cfd0ce.jpeg,champion,Jacket,winter,no,yes,Color,Blue,Material,Cotton
"Champion Men's Powerblend Fleece Pullover Hoodie, up to Size 4XL",Cotton/polyester blend helps reduce pilling and shrinkage.,#cotton,112118,5,enable,1230,300,50,10,https://i5.walmartimages.com/asr/caad199b-81a7-4323-a25a-4fa64691e630_1.59dc710f33f31749e3992f1698cfd0ce.jpeg,champion,Jacket,winter,no,yes,Color,Blue,Material,Cotton
"Champion Men's Powerblend Fleece Pullover Hoodie, up to Size 4XL",Cotton/polyester blend helps reduce pilling and shrinkage.,#cotton,112119,5,enable,1230,300,50,10,https://i5.walmartimages.com/asr/caad199b-81a7-4323-a25a-4fa64691e630_1.59dc710f33f31749e3992f1698cfd0ce.jpeg,champion,Jacket,winter,no,yes,Color,Blue,Material,Cotton
"Champion Men's Powerblend Fleece Pullover Hoodie, up to Size 4XL",Cotton/polyester blend helps reduce pilling and shrinkage.,#cotton,112120,5,enable,1230,300,50,10,https://i5.walmartimages.com/asr/caad199b-81a7-4323-a25a-4fa64691e630_1.59dc710f33f31749e3992f1698cfd0ce.jpeg,champion,Jacket,winter,no,yes,Color,Blue,Material,Cotton
"Champion Men's Powerblend Fleece Pullover Hoodie, up to Size 4XL",Cotton/polyester blend helps reduce pilling and shrinkage.,#cotton,112121,5,enable,1230,300,50,10,https://i5.walmartimages.com/asr/caad199b-81a7-4323-a25a-4fa64691e630_1.59dc710f33f31749e3992f1698cfd0ce.jpeg,champion,Jacket,winter,no,yes,Color,Blue,Material,Cotton
"Champion Men's Powerblend Fleece Pullover Hoodie, up to Size 4XL",Cotton/polyester blend helps reduce pilling and shrinkage.,#cotton,112122,5,enable,1230,300,50,10,https://i5.walmartimages.com/asr/caad199b-81a7-4323-a25a-4fa64691e630_1.59dc710f33f31749e3992f1698cfd0ce.jpeg,champion,Jacket,winter,no,yes,Color,Blue,Material,Cotton
"Champion Men's Powerblend Fleece Pullover Hoodie, up to Size 4XL",Cotton/polyester blend helps reduce pilling and shrinkage.,#cotton,112123,5,enable,1230,300,50,10,https://i5.walmartimages.com/asr/caad199b-81a7-4323-a25a-4fa64691e630_1.59dc710f33f31749e3992f1698cfd0ce.jpeg,champion,Jacket,winter,no,yes,Color,Blue,Material,Cotton
"Champion Men's Powerblend Fleece Pullover Hoodie, up to Size 4XL",Cotton/polyester blend helps reduce pilling and shrinkage.,#cotton,112124,5,enable,1230,300,50,10,https://i5.walmartimages.com/asr/caad199b-81a7-4323-a25a-4fa64691e630_1.59dc710f33f31749e3992f1698cfd0ce.jpeg,champion,Jacket,winter,no,yes,Color,Blue,Material,Cotton
"Champion Men's Powerblend Fleece Pullover Hoodie, up to Size 4XL",Cotton/polyester blend helps reduce pilling and shrinkage.,#cotton,112125,5,enable,1230,300,50,10,https://i5.walmartimages.com/asr/caad199b-81a7-4323-a25a-4fa64691e630_1.59dc710f33f31749e3992f1698cfd0ce.jpeg,champion,Jacket,winter,no,yes,Color,Blue,Material,Cotton
"Champion Men's Powerblend Fleece Pullover Hoodie, up to Size 4XL",Cotton/polyester blend helps reduce pilling and shrinkage.,#cotton,112126,5,enable,1230,300,50,10,https://i5.walmartimages.com/asr/caad199b-81a7-4323-a25a-4fa64691e630_1.59dc710f33f31749e3992f1698cfd0ce.jpeg,champion,Jacket,winter,no,yes,Color,Blue,Material,Cotton
"Champion Men's Powerblend Fleece Pullover Hoodie, up to Size 4XL",Cotton/polyester blend helps reduce pilling and shrinkage.,#cotton,112127,5,enable,1230,300,50,10,https://i5.walmartimages.com/asr/caad199b-81a7-4323-a25a-4fa64691e630_1.59dc710f33f31749e3992f1698cfd0ce.jpeg,champion,Jacket,winter,no,yes,Color,Blue,Material,Cotton
"Champion Men's Powerblend Fleece Pullover Hoodie, up to Size 4XL",Cotton/polyester blend helps reduce pilling and shrinkage.,#cotton,112128,5,enable,1230,300,50,10,https://i5.walmartimages.com/asr/caad199b-81a7-4323-a25a-4fa64691e630_1.59dc710f33f31749e3992f1698cfd0ce.jpeg,champion,Jacket,winter,no,yes,Color,Blue,Material,Cotton
"Champion Men's Powerblend Fleece Pullover Hoodie, up to Size 4XL",Cotton/polyester blend helps reduce pilling and shrinkage.,#cotton,112129,5,enable,1230,300,50,10,https://i5.walmartimages.com/asr/caad199b-81a7-4323-a25a-4fa64691e630_1.59dc710f33f31749e3992f1698cfd0ce.jpeg,champion,Jacket,winter,no,yes,Color,Blue,Material,Cotton
"Champion Men's Powerblend Fleece Pullover Hoodie, up to Size 4XL",Cotton/polyester blend helps reduce pilling and shrinkage.,#cotton,112130,5,enable,1230,300,50,10,https://i5.walmartimages.com/asr/caad199b-81a7-4323-a25a-4fa64691e630_1.59dc710f33f31749e3992f1698cfd0ce.jpeg,champion,Jacket,winter,no,yes,Color,Blue,Material,Cotton
"Champion Men's Powerblend Fleece Pullover Hoodie, up to Size 4XL",Cotton/polyester blend helps reduce pilling and shrinkage.,#cotton,112131,5,enable,1230,300,50,10,https://i5.walmartimages.com/asr/caad199b-81a7-4323-a25a-4fa64691e630_1.59dc710f33f31749e3992f1698cfd0ce.jpeg,champion,Jacket,winter,no,yes,Color,Blue,Material,Cotton
"Champion Men's Powerblend Fleece Pullover Hoodie, up to Size 4XL",Cotton/polyester blend helps reduce pilling and shrinkage.,#cotton,112132,5,enable,1230,300,50,10,https://i5.walmartimages.com/asr/caad199b-81a7-4323-a25a-4fa64691e630_1.59dc710f33f31749e3992f1698cfd0ce.jpeg,champion,Jacket,winter,no,yes,Color,Blue,Material,Cotton
"Champion Men's Powerblend Fleece Pullover Hoodie, up to Size 4XL",Cotton/polyester blend helps reduce pilling and shrinkage.,#cotton,112133,5,enable,1230,300,50,10,https://i5.walmartimages.com/asr/caad199b-81a7-4323-a25a-4fa64691e630_1.59dc710f33f31749e3992f1698cfd0ce.jpeg,champion,Jacket,winter,no,yes,Color,Blue,Material,Cotton
"Champion Men's Powerblend Fleece Pullover Hoodie, up to Size 4XL",Cotton/polyester blend helps reduce pilling and shrinkage.,#cotton,112134,5,enable,1230,300,50,10,https://i5.walmartimages.com/asr/caad199b-81a7-4323-a25a-4fa64691e630_1.59dc710f33f31749e3992f1698cfd0ce.jpeg,champion,Jacket,winter,no,yes,Color,Blue,Material,Cotton
"Champion Men's Powerblend Fleece Pullover Hoodie, up to Size 4XL",Cotton/polyester blend helps reduce pilling and shrinkage.,#cotton,112135,5,enable,1230,300,50,10,https://i5.walmartimages.com/asr/caad199b-81a7-4323-a25a-4fa64691e630_1.59dc710f33f31749e3992f1698cfd0ce.jpeg,champion,Jacket,winter,no,yes,Color,Blue,Material,Cotton
"Champion Men's Powerblend Fleece Pullover Hoodie, up to Size 4XL",Cotton/polyester blend helps reduce pilling and shrinkage.,#cotton,112136,5,enable,1230,300,50,10,https://i5.walmartimages.com/asr/caad199b-81a7-4323-a25a-4fa64691e630_1.59dc710f33f31749e3992f1698cfd0ce.jpeg,champion,Jacket,winter,no,yes,Color,Blue,Material,Cotton
"Champion Men's Powerblend Fleece Pullover Hoodie, up to Size 4XL",Cotton/polyester blend helps reduce pilling and shrinkage.,#cotton,112137,5,enable,1230,300,50,10,https://i5.walmartimages.com/asr/caad199b-81a7-4323-a25a-4fa64691e630_1.59dc710f33f31749e3992f1698cfd0ce.jpeg,champion,Jacket,winter,no,yes,Color,Blue,Material,Cotton
"Champion Men's Powerblend Fleece Pullover Hoodie, up to Size 4XL",Cotton/polyester blend helps reduce pilling and shrinkage.,#cotton,112138,5,enable,1230,300,50,10,https://i5.walmartimages.com/asr/caad199b-81a7-4323-a25a-4fa64691e630_1.59dc710f33f31749e3992f1698cfd0ce.jpeg,champion,Jacket,winter,no,yes,Color,Blue,Material,Cotton
"Champion Men's Powerblend Fleece Pullover Hoodie, up to Size 4XL",Cotton/polyester blend helps reduce pilling and shrinkage.,#cotton,112139,5,enable,1230,300,50,10,https://i5.walmartimages.com/asr/caad199b-81a7-4323-a25a-4fa64691e630_1.59dc710f33f31749e3992f1698cfd0ce.jpeg,champion,Jacket,winter,no,yes,Color,Blue,Material,Cotton
"Champion Men's Powerblend Fleece Pullover Hoodie, up to Size 4XL",Cotton/polyester blend helps reduce pilling and shrinkage.,#cotton,112140,5,enable,1230,300,50,10,https://i5.walmartimages.com/asr/caad199b-81a7-4323-a25a-4fa64691e630_1.59dc710f33f31749e3992f1698cfd0ce.jpeg,champion,Jacket,winter,no,yes,Color,Blue,Material,Cotton
"Champion Men's Powerblend Fleece Pullover Hoodie, up to Size 4XL",Cotton/polyester blend helps reduce pilling and shrinkage.,#cotton,112141,5,enable,1230,300,50,10,https://i5.walmartimages.com/asr/caad199b-81a7-4323-a25a-4fa64691e630_1.59dc710f33f31749e3992f1698cfd0ce.jpeg,champion,Jacket,winter,no,yes,Color,Blue,Material,Cotton
"Champion Men's Powerblend Fleece Pullover Hoodie, up to Size 4XL",Cotton/polyester blend helps reduce pilling and shrinkage.,#cotton,112142,5,enable,1230,300,50,10,https://i5.walmartimages.com/asr/caad199b-81a7-4323-a25a-4fa64691e630_1.59dc710f33f31749e3992f1698cfd0ce.jpeg,champion,Jacket,winter,no,yes,Color,Blue,Material,Cotton
"Champion Men's Powerblend Fleece Pullover Hoodie, up to Size 4XL",Cotton/polyester blend helps reduce pilling and shrinkage.,#cotton,112143,5,enable,1230,300,50,10,https://i5.walmartimages.com/asr/caad199b-81a7-4323-a25a-4fa64691e630_1.59dc710f33f31749e3992f1698cfd0ce.jpeg,champion,Jacket,winter,no,yes,Color,Blue,Material,Cotton
"Champion Men's Powerblend Fleece Pullover Hoodie, up to Size 4XL",Cotton/polyester blend helps reduce pilling and shrinkage.,#cotton,112144,5,enable,1230,300,50,10,https://i5.walmartimages.com/asr/caad199b-81a7-4323-a25a-4fa64691e630_1.59dc710f33f31749e3992f1698cfd0ce.jpeg,champion,Jacket,winter,no,yes,Color,Blue,Material,Cotton
"Champion Men's Powerblend Fleece Pullover Hoodie, up to Size 4XL",Cotton/polyester blend helps reduce pilling and shrinkage.,#cotton,112145,5,enable,1230,300,50,10,https://i5.walmartimages.com/asr/caad199b-81a7-4323-a25a-4fa64691e630_1.59dc710f33f31749e3992f1698cfd0ce.jpeg,champion,Jacket,winter,no,yes,Color,Blue,Material,Cotton
"Champion Men's Powerblend Fleece Pullover Hoodie, up to Size 4XL",Cotton/polyester blend helps reduce pilling and shrinkage.,#cotton,112146,5,enable,1230,300,50,10,https://i5.walmartimages.com/asr/caad199b-81a7-4323-a25a-4fa64691e630_1.59dc710f33f31749e3992f1698cfd0ce.jpeg,champion,Jacket,winter,no,yes,Color,Blue,Material,Cotton
"Champion Men's Powerblend Fleece Pullover Hoodie, up to Size 4XL",Cotton/polyester blend helps reduce pilling and shrinkage.,#cotton,112147,5,enable,1230,300,50,10,https://i5.walmartimages.com/asr/caad199b-81a7-4323-a25a-4fa64691e630_1.59dc710f33f31749e3992f1698cfd0ce.jpeg,champion,Jacket,winter,no,yes,Color,Blue,Material,Cotton
"Champion Men's Powerblend Fleece Pullover Hoodie, up to Size 4XL",Cotton/polyester blend helps reduce pilling and shrinkage.,#cotton,112148,5,enable,1230,300,50,10,https://i5.walmartimages.com/asr/caad199b-81a7-4323-a25a-4fa64691e630_1.59dc710f33f31749e3992f1698cfd0ce.jpeg,champion,Jacket,winter,no,yes,Color,Blue,Material,Cotton
"Champion Men's Powerblend Fleece Pullover Hoodie, up to Size 4XL",Cotton/polyester blend helps reduce pilling and shrinkage.,#cotton,112149,5,enable,1230,300,50,10,https://i5.walmartimages.com/asr/caad199b-81a7-4323-a25a-4fa64691e630_1.59dc710f33f31749e3992f1698cfd0ce.jpeg,champion,Jacket,winter,no,yes,Color,Blue,Material,Cotton
"Champion Men's Powerblend Fleece Pullover Hoodie, up to Size 4XL",Cotton/polyester blend helps reduce pilling and shrinkage.,#cotton,112150,5,enable,1230,300,50,10,https://i5.walmartimages.com/asr/caad199b-81a7-4323-a25a-4fa64691e630_1.59dc710f33f31749e3992f1698cfd0ce.jpeg,champion,Jacket,winter,no,yes,Color,Blue,Material,Cotton
"Champion Men's Powerblend Fleece Pullover Hoodie, up to Size 4XL",Cotton/polyester blend helps reduce pilling and shrinkage.,#cotton,112151,5,enable,1230,300,50,10,https://i5.walmartimages.com/asr/caad199b-81a7-4323-a25a-4fa64691e630_1.59dc710f33f31749e3992f1698cfd0ce.jpeg,champion,Jacket,winter,no,yes,Color,Blue,Material,Cotton
"Champion Men's Powerblend Fleece Pullover Hoodie, up to Size 4XL",Cotton/polyester blend helps reduce pilling and shrinkage.,#cotton,112152,5,enable,1230,300,50,10,https://i5.walmartimages.com/asr/caad199b-81a7-4323-a25a-4fa64691e630_1.59dc710f33f31749e3992f1698cfd0ce.jpeg,champion,Jacket,winter,no,yes,Color,Blue,Material,Cotton
"Champion Men's Powerblend Fleece Pullover Hoodie, up to Size 4XL",Cotton/polyester blend helps reduce pilling and shrinkage.,#cotton,112153,5,enable,1230,300,50,10,https://i5.walmartimages.com/asr/caad199b-81a7-4323-a25a-4fa64691e630_1.59dc710f33f31749e3992f1698cfd0ce.jpeg,champion,Jacket,winter,no,yes,Color,Blue,Material,Cotton
"Champion Men's Powerblend Fleece Pullover Hoodie, up to Size 4XL",Cotton/polyester blend helps reduce pilling and shrinkage.,#cotton,112154,5,enable,1230,300,50,10,https://i5.walmartimages.com/asr/caad199b-81a7-4323-a25a-4fa64691e630_1.59dc710f33f31749e3992f1698cfd0ce.jpeg,champion,Jacket,winter,no,yes,Color,Blue,Material,Cotton
"Champion Men's Powerblend Fleece Pullover Hoodie, up to Size 4XL",Cotton/polyester blend helps reduce pilling and shrinkage.,#cotton,112155,5,enable,1230,300,50,10,https://i5.walmartimages.com/asr/caad199b-81a7-4323-a25a-4fa64691e630_1.59dc710f33f31749e3992f1698cfd0ce.jpeg,champion,Jacket,winter,no,yes,Color,Blue,Material,Cotton
"Champion Men's Powerblend Fleece Pullover Hoodie, up to Size 4XL",Cotton/polyester blend helps reduce pilling and shrinkage.,#cotton,112156,5,enable,1230,300,50,10,https://i5.walmartimages.com/asr/caad199b-81a7-4323-a25a-4fa64691e630_1.59dc710f33f31749e3992f1698cfd0ce.jpeg,champion,Jacket,winter,no,yes,Color,Blue,Material,Cotton
"Champion Men's Powerblend Fleece Pullover Hoodie, up to Size 4XL",Cotton/polyester blend helps reduce pilling and shrinkage.,#cotton,112157,5,enable,1230,300,50,10,https://i5.walmartimages.com/asr/caad199b-81a7-4323-a25a-4fa64691e630_1.59dc710f33f31749e3992f1698cfd0ce.jpeg,champion,Jacket,winter,no,yes,Color,Blue,Material,Cotton
"Champion Men's Powerblend Fleece Pullover Hoodie, up to Size 4XL",Cotton/polyester blend helps reduce pilling and shrinkage.,#cotton,112158,5,enable,1230,300,50,10,https://i5.walmartimages.com/asr/caad199b-81a7-4323-a25a-4fa64691e630_1.59dc710f33f31749e3992f1698cfd0ce.jpeg,champion,Jacket,winter,no,yes,Color,Blue,Material,Cotton
"Champion Men's Powerblend Fleece Pullover Hoodie, up to Size 4XL",Cotton/polyester blend helps reduce pilling and shrinkage.,#cotton,112159,5,enable,1230,300,50,10,https://i5.walmartimages.com/asr/caad199b-81a7-4323-a25a-4fa64691e630_1.59dc710f33f31749e3992f1698cfd0ce.jpeg,champion,Jacket,winter,no,yes,Color,Blue,Material,Cotton
"Champion Men's Powerblend Fleece Pullover Hoodie, up to Size 4XL",Cotton/polyester blend helps reduce pilling and shrinkage.,#cotton,112160,5,enable,1230,300,50,10,https://i5.walmartimages.com/asr/caad199b-81a7-4323-a25a-4fa64691e630_1.59dc710f33f31749e3992f1698cfd0ce.jpeg,champion,Jacket,winter,no,yes,Color,Blue,Material,Cotton
"Champion Men's Powerblend Fleece Pullover Hoodie, up to Size 4XL",Cotton/polyester blend helps reduce pilling and shrinkage.,#cotton,112161,5,enable,1230,300,50,10,https://i5.walmartimages.com/asr/caad199b-81a7-4323-a25a-4fa64691e630_1.59dc710f33f31749e3992f1698cfd0ce.jpeg,champion,Jacket,winter,no,yes,Color,Blue,Material,Cotton
"Champion Men's Powerblend Fleece Pullover Hoodie, up to Size 4XL",Cotton/polyester blend helps reduce pilling and shrinkage.,#cotton,112162,5,enable,1230,300,50,10,https://i5.walmartimages.com/asr/caad199b-81a7-4323-a25a-4fa64691e630_1.59dc710f33f31749e3992f1698cfd0ce.jpeg,champion,Jacket,winter,no,yes,Color,Blue,Material,Cotton
"Champion Men's Powerblend Fleece Pullover Hoodie, up to Size 4XL",Cotton/polyester blend helps reduce pilling and shrinkage.,#cotton,112163,5,enable,1230,300,50,10,https://i5.walmartimages.com/asr/caad199b-81a7-4323-a25a-4fa64691e630_1.59dc710f33f31749e3992f1698cfd0ce.jpeg,champion,Jacket,winter,no,yes,Color,Blue,Material,Cotton
"Champion Men's Powerblend Fleece Pullover Hoodie, up to Size 4XL",Cotton/polyester blend helps reduce pilling and shrinkage.,#cotton,112164,5,enable,1230,300,50,10,https://i5.walmartimages.com/asr/caad199b-81a7-4323-a25a-4fa64691e630_1.59dc710f33f31749e3992f1698cfd0ce.jpeg,champion,Jacket,winter,no,yes,Color,Blue,Material,Cotton
"Champion Men's Powerblend Fleece Pullover Hoodie, up to Size 4XL",Cotton/polyester blend helps reduce pilling and shrinkage.,#cotton,112165,5,enable,1230,300,50,10,https://i5.walmartimages.com/asr/caad199b-81a7-4323-a25a-4fa64691e630_1.59dc710f33f31749e3992f1698cfd0ce.jpeg,champion,Jacket,winter,no,yes,Color,Blue,Material,Cotton
"Champion Men's Powerblend Fleece Pullover Hoodie, up to Size 4XL",Cotton/polyester blend helps reduce pilling and shrinkage.,#cotton,112166,5,enable,1230,300,50,10,https://i5.walmartimages.com/asr/caad199b-81a7-4323-a25a-4fa64691e630_1.59dc710f33f31749e3992f1698cfd0ce.jpeg,champion,Jacket,winter,no,yes,Color,Blue,Material,Cotton
"Champion Men's Powerblend Fleece Pullover Hoodie, up to Size 4XL",Cotton/polyester blend helps reduce pilling and shrinkage.,#cotton,112167,5,enable,1230,300,50,10,https://i5.walmartimages.com/asr/caad199b-81a7-4323-a25a-4fa64691e630_1.59dc710f33f31749e3992f1698cfd0ce.jpeg,champion,Jacket,winter,no,yes,Color,Blue,Material,Cotton
"Champion Men's Powerblend Fleece Pullover Hoodie, up to Size 4XL",Cotton/polyester blend helps reduce pilling and shrinkage.,#cotton,112168,5,enable,1230,300,50,10,https://i5.walmartimages.com/asr/caad199b-81a7-4323-a25a-4fa64691e630_1.59dc710f33f31749e3992f1698cfd0ce.jpeg,champion,Jacket,winter,no,yes,Color,Blue,Material,Cotton
"Champion Men's Powerblend Fleece Pullover Hoodie, up to Size 4XL",Cotton/polyester blend helps reduce pilling and shrinkage.,#cotton,112169,5,enable,1230,300,50,10,https://i5.walmartimages.com/asr/caad199b-81a7-4323-a25a-4fa64691e630_1.59dc710f33f31749e3992f1698cfd0ce.jpeg,champion,Jacket,winter,no,yes,Color,Blue,Material,Cotton
"Champion Men's Powerblend Fleece Pullover Hoodie, up to Size 4XL",Cotton/polyester blend helps reduce pilling and shrinkage.,#cotton,112170,5,enable,1230,300,50,10,https://i5.walmartimages.com/asr/caad199b-81a7-4323-a25a-4fa64691e630_1.59dc710f33f31749e3992f1698cfd0ce.jpeg,champion,Jacket,winter,no,yes,Color,Blue,Material,Cotton
"Champion Men's Powerblend Fleece Pullover Hoodie, up to Size 4XL",Cotton/polyester blend helps reduce pilling and shrinkage.,#cotton,112171,5,enable,1230,300,50,10,https://i5.walmartimages.com/asr/caad199b-81a7-4323-a25a-4fa64691e630_1.59dc710f33f31749e3992f1698cfd0ce.jpeg,champion,Jacket,winter,no,yes,Color,Blue,Material,Cotton
"Champion Men's Powerblend Fleece Pullover Hoodie, up to Size 4XL",Cotton/polyester blend helps reduce pilling and shrinkage.,#cotton,112172,5,enable,1230,300,50,10,https://i5.walmartimages.com/asr/caad199b-81a7-4323-a25a-4fa64691e630_1.59dc710f33f31749e3992f1698cfd0ce.jpeg,champion,Jacket,winter,no,yes,Color,Blue,Material,Cotton
"Champion Men's Powerblend Fleece Pullover Hoodie, up to Size 4XL",Cotton/polyester blend helps reduce pilling and shrinkage.,#cotton,112173,5,enable,1230,300,50,10,https://i5.walmartimages.com/asr/caad199b-81a7-4323-a25a-4fa64691e630_1.59dc710f33f31749e3992f1698cfd0ce.jpeg,champion,Jacket,winter,no,yes,Color,Blue,Material,Cotton
"Champion Men's Powerblend Fleece Pullover Hoodie, up to Size 4XL",Cotton/polyester blend helps reduce pilling and shrinkage.,#cotton,112174,5,enable,1230,300,50,10,https://i5.walmartimages.com/asr/caad199b-81a7-4323-a25a-4fa64691e630_1.59dc710f33f31749e3992f1698cfd0ce.jpeg,champion,Jacket,winter,no,yes,Color,Blue,Material,Cotton
"Champion Men's Powerblend Fleece Pullover Hoodie, up to Size 4XL",Cotton/polyester blend helps reduce pilling and shrinkage.,#cotton,112175,5,enable,1230,300,50,10,https://i5.walmartimages.com/asr/caad199b-81a7-4323-a25a-4fa64691e630_1.59dc710f33f31749e3992f1698cfd0ce.jpeg,champion,Jacket,winter,no,yes,Color,Blue,Material,Cotton
"Champion Men's Powerblend Fleece Pullover Hoodie, up to Size 4XL",Cotton/polyester blend helps reduce pilling and shrinkage.,#cotton,112176,5,enable,1230,300,50,10,https://i5.walmartimages.com/asr/caad199b-81a7-4323-a25a-4fa64691e630_1.59dc710f33f31749e3992f1698cfd0ce.jpeg,champion,Jacket,winter,no,yes,Color,Blue,Material,Cotton
"Champion Men's Powerblend Fleece Pullover Hoodie, up to Size 4XL",Cotton/polyester blend helps reduce pilling and shrinkage.,#cotton,112177,5,enable,1230,300,50,10,https://i5.walmartimages.com/asr/caad199b-81a7-4323-a25a-4fa64691e630_1.59dc710f33f31749e3992f1698cfd0ce.jpeg,champion,Jacket,winter,no,yes,Color,Blue,Material,Cotton
"Champion Men's Powerblend Fleece Pullover Hoodie, up to Size 4XL",Cotton/polyester blend helps reduce pilling and shrinkage.,#cotton,112178,5,enable,1230,300,50,10,https://i5.walmartimages.com/asr/caad199b-81a7-4323-a25a-4fa64691e630_1.59dc710f33f31749e3992f1698cfd0ce.jpeg,champion,Jacket,winter,no,yes,Color,Blue,Material,Cotton
"Champion Men's Powerblend Fleece Pullover Hoodie, up to Size 4XL",Cotton/polyester blend helps reduce pilling and shrinkage.,#cotton,112179,5,enable,1230,300,50,10,https://i5.walmartimages.com/asr/caad199b-81a7-4323-a25a-4fa64691e630_1.59dc710f33f31749e3992f1698cfd0ce.jpeg,champion,Jacket,winter,no,yes,Color,Blue,Material,Cotton
"Champion Men's Powerblend Fleece Pullover Hoodie, up to Size 4XL",Cotton/polyester blend helps reduce pilling and shrinkage.,#cotton,112180,5,enable,1230,300,50,10,https://i5.walmartimages.com/asr/caad199b-81a7-4323-a25a-4fa64691e630_1.59dc710f33f31749e3992f1698cfd0ce.jpeg,champion,Jacket,winter,no,yes,Color,Blue,Material,Cotton
"Champion Men's Powerblend Fleece Pullover Hoodie, up to Size 4XL",Cotton/polyester blend helps reduce pilling and shrinkage.,#cotton,112181,5,enable,1230,300,50,10,https://i5.walmartimages.com/asr/caad199b-81a7-4323-a25a-4fa64691e630_1.59dc710f33f31749e3992f1698cfd0ce.jpeg,champion,Jacket,winter,no,yes,Color,Blue,Material,Cotton
"Champion Men's Powerblend Fleece Pullover Hoodie, up to Size 4XL",Cotton/polyester blend helps reduce pilling and shrinkage.,#cotton,112182,5,enable,1230,300,50,10,https://i5.walmartimages.com/asr/caad199b-81a7-4323-a25a-4fa64691e630_1.59dc710f33f31749e3992f1698cfd0ce.jpeg,champion,Jacket,winter,no,yes,Color,Blue,Material,Cotton
"Champion Men's Powerblend Fleece Pullover Hoodie, up to Size 4XL",Cotton/polyester blend helps reduce pilling and shrinkage.,#cotton,112183,5,enable,1230,300,50,10,https://i5.walmartimages.com/asr/caad199b-81a7-4323-a25a-4fa64691e630_1.59dc710f33f31749e3992f1698cfd0ce.jpeg,champion,Jacket,winter,no,yes,Color,Blue,Material,Cotton
"Champion Men's Powerblend Fleece Pullover Hoodie, up to Size 4XL",Cotton/polyester blend helps reduce pilling and shrinkage.,#cotton,112184,5,enable,1230,300,50,10,https://i5.walmartimages.com/asr/caad199b-81a7-4323-a25a-4fa64691e630_1.59dc710f33f31749e3992f1698cfd0ce.jpeg,champion,Jacket,winter,no,yes,Color,Blue,Material,Cotton
"Champion Men's Powerblend Fleece Pullover Hoodie, up to Size 4XL",Cotton/polyester blend helps reduce pilling and shrinkage.,#cotton,112185,5,enable,1230,300,50,10,https://i5.walmartimages.com/asr/caad199b-81a7-4323-a25a-4fa64691e630_1.59dc710f33f31749e3992f1698cfd0ce.jpeg,champion,Jacket,winter,no,yes,Color,Blue,Material,Cotton
"Champion Men's Powerblend Fleece Pullover Hoodie, up to Size 4XL",Cotton/polyester blend helps reduce pilling and shrinkage.,#cotton,112186,5,enable,1230,300,50,10,https://i5.walmartimages.com/asr/caad199b-81a7-4323-a25a-4fa64691e630_1.59dc710f33f31749e3992f1698cfd0ce.jpeg,champion,Jacket,winter,no,yes,Color,Blue,Material,Cotton
"Champion Men's Powerblend Fleece Pullover Hoodie, up to Size 4XL",Cotton/polyester blend helps reduce pilling and shrinkage.,#cotton,112187,5,enable,1230,300,50,10,https://i5.walmartimages.com/asr/caad199b-81a7-4323-a25a-4fa64691e630_1.59dc710f33f31749e3992f1698cfd0ce.jpeg,champion,Jacket,winter,no,yes,Color,Blue,Material,Cotton
"Champion Men's Powerblend Fleece Pullover Hoodie, up to Size 4XL",Cotton/polyester blend helps reduce pilling and shrinkage.,#cotton,112188,5,enable,1230,300,50,10,https://i5.walmartimages.com/asr/caad199b-81a7-4323-a25a-4fa64691e630_1.59dc710f33f31749e3992f1698cfd0ce.jpeg,champion,Jacket,winter,no,yes,Color,Blue,Material,Cotton
"Champion Men's Powerblend Fleece Pullover Hoodie, up to Size 4XL",Cotton/polyester blend helps reduce pilling and shrinkage.,#cotton,112189,5,enable,1230,300,50,10,https://i5.walmartimages.com/asr/caad199b-81a7-4323-a25a-4fa64691e630_1.59dc710f33f31749e3992f1698cfd0ce.jpeg,champion,Jacket,winter,no,yes,Color,Blue,Material,Cotton
"Champion Men's Powerblend Fleece Pullover Hoodie, up to Size 4XL",Cotton/polyester blend helps reduce pilling and shrinkage.,#cotton,112190,5,enable,1230,300,50,10,https://i5.walmartimages.com/asr/caad199b-81a7-4323-a25a-4fa64691e630_1.59dc710f33f31749e3992f1698cfd0ce.jpeg,champion,Jacket,winter,no,yes,Color,Blue,Material,Cotton
"Champion Men's Powerblend Fleece Pullover Hoodie, up to Size 4XL",Cotton/polyester blend helps reduce pilling and shrinkage.,#cotton,112191,5,enable,1230,300,50,10,https://i5.walmartimages.com/asr/caad199b-81a7-4323-a25a-4fa64691e630_1.59dc710f33f31749e3992f1698cfd0ce.jpeg,champion,Jacket,winter,no,yes,Color,Blue,Material,Cotton
"Champion Men's Powerblend Fleece Pullover Hoodie, up to Size 4XL",Cotton/polyester blend helps reduce pilling and shrinkage.,#cotton,112192,5,enable,1230,300,50,10,https://i5.walmartimages.com/asr/caad199b-81a7-4323-a25a-4fa64691e630_1.59dc710f33f31749e3992f1698cfd0ce.jpeg,champion,Jacket,winter,no,yes,Color,Blue,Material,Cotton
"Champion Men's Powerblend Fleece Pullover Hoodie, up to Size 4XL",Cotton/polyester blend helps reduce pilling and shrinkage.,#cotton,112193,5,enable,1230,300,50,10,https://i5.walmartimages.com/asr/caad199b-81a7-4323-a25a-4fa64691e630_1.59dc710f33f31749e3992f1698cfd0ce.jpeg,champion,Jacket,winter,no,yes,Color,Blue,Material,Cotton
"Champion Men's Powerblend Fleece Pullover Hoodie, up to Size 4XL",Cotton/polyester blend helps reduce pilling and shrinkage.,#cotton,112194,5,enable,1230,300,50,10,https://i5.walmartimages.com/asr/caad199b-81a7-4323-a25a-4fa64691e630_1.59dc710f33f31749e3992f1698cfd0ce.jpeg,champion,Jacket,winter,no,yes,Color,Blue,Material,Cotton
"Champion Men's Powerblend Fleece Pullover Hoodie, up to Size 4XL",Cotton/polyester blend helps reduce pilling and shrinkage.,#cotton,112195,5,enable,1230,300,50,10,https://i5.walmartimages.com/asr/caad199b-81a7-4323-a25a-4fa64691e630_1.59dc710f33f31749e3992f1698cfd0ce.jpeg,champion,Jacket,winter,no,yes,Color,Blue,Material,Cotton
"Champion Men's Powerblend Fleece Pullover Hoodie, up to Size 4XL",Cotton/polyester blend helps reduce pilling and shrinkage.,#cotton,112196,5,enable,1230,300,50,10,https://i5.walmartimages.com/asr/caad199b-81a7-4323-a25a-4fa64691e630_1.59dc710f33f31749e3992f1698cfd0ce.jpeg,champion,Jacket,winter,no,yes,Color,Blue,Material,Cotton
"Champion Men's Powerblend Fleece Pullover Hoodie, up to Size 4XL",Cotton/polyester blend helps reduce pilling and shrinkage.,#cotton,112197,5,enable,1230,300,50,10,https://i5.walmartimages.com/asr/caad199b-81a7-4323-a25a-4fa64691e630_1.59dc710f33f31749e3992f1698cfd0ce.jpeg,champion,Jacket,winter,no,yes,Color,Blue,Material,Cotton
"Champion Men's Powerblend Fleece Pullover Hoodie, up to Size 4XL",Cotton/polyester blend helps reduce pilling and shrinkage.,#cotton,112198,5,enable,1230,300,50,10,https://i5.walmartimages.com/asr/caad199b-81a7-4323-a25a-4fa64691e630_1.59dc710f33f31749e3992f1698cfd0ce.jpeg,champion,Jacket,winter,no,yes,Color,Blue,Material,Cotton
"Champion Men's Powerblend Fleece Pullover Hoodie, up to Size 4XL",Cotton/polyester blend helps reduce pilling and shrinkage.,#cotton,112199,5,enable,1230,300,50,10,https://i5.walmartimages.com/asr/caad199b-81a7-4323-a25a-4fa64691e630_1.59dc710f33f31749e3992f1698cfd0ce.jpeg,champion,Jacket,winter,no,yes,Color,Blue,Material,Cotton
"Champion Men's Powerblend Fleece Pullover Hoodie, up to Size 4XL",Cotton/polyester blend helps reduce pilling and shrinkage.,#cotton,112200,5,enable,1230,300,50,10,https://i5.walmartimages.com/asr/caad199b-81a7-4323-a25a-4fa64691e630_1.59dc710f33f31749e3992f1698cfd0ce.jpeg,champion,Jacket,winter,no,yes,Color,Blue,Material,Cotton
"Champion Men's Powerblend Fleece Pullover Hoodie, up to Size 4XL",Cotton/polyester blend helps reduce pilling and shrinkage.,#cotton,112201,5,enable,1230,300,50,10,https://i5.walmartimages.com/asr/caad199b-81a7-4323-a25a-4fa64691e630_1.59dc710f33f31749e3992f1698cfd0ce.jpeg,champion,Jacket,winter,no,yes,Color,Blue,Material,Cotton
"Champion Men's Powerblend Fleece Pullover Hoodie, up to Size 4XL",Cotton/polyester blend helps reduce pilling and shrinkage.,#cotton,112202,5,enable,1230,300,50,10,https://i5.walmartimages.com/asr/caad199b-81a7-4323-a25a-4fa64691e630_1.59dc710f33f31749e3992f1698cfd0ce.jpeg,champion,Jacket,winter,no,yes,Color,Blue,Material,Cotton
"Champion Men's Powerblend Fleece Pullover Hoodie, up to Size 4XL",Cotton/polyester blend helps reduce pilling and shrinkage.,#cotton,112203,5,enable,1230,300,50,10,https://i5.walmartimages.com/asr/caad199b-81a7-4323-a25a-4fa64691e630_1.59dc710f33f31749e3992f1698cfd0ce.jpeg,champion,Jacket,winter,no,yes,Color,Blue,Material,Cotton
"Champion Men's Powerblend Fleece Pullover Hoodie, up to Size 4XL",Cotton/polyester blend helps reduce pilling and shrinkage.,#cotton,112204,5,enable,1230,300,50,10,https://i5.walmartimages.com/asr/caad199b-81a7-4323-a25a-4fa64691e630_1.59dc710f33f31749e3992f1698cfd0ce.jpeg,champion,Jacket,winter,no,yes,Color,Blue,Material,Cotton
"Champion Men's Powerblend Fleece Pullover Hoodie, up to Size 4XL",Cotton/polyester blend helps reduce pilling and shrinkage.,#cotton,112205,5,enable,1230,300,50,10,https://i5.walmartimages.com/asr/caad199b-81a7-4323-a25a-4fa64691e630_1.59dc710f33f31749e3992f1698cfd0ce.jpeg,champion,Jacket,winter,no,yes,Color,Blue,Material,Cotton
"Champion Men's Powerblend Fleece Pullover Hoodie, up to Size 4XL",Cotton/polyester blend helps reduce pilling and shrinkage.,#cotton,112206,5,enable,1230,300,50,10,https://i5.walmartimages.com/asr/caad199b-81a7-4323-a25a-4fa64691e630_1.59dc710f33f31749e3992f1698cfd0ce.jpeg,champion,Jacket,winter,no,yes,Color,Blue,Material,Cotton
"Champion Men's Powerblend Fleece Pullover Hoodie, up to Size 4XL",Cotton/polyester blend helps reduce pilling and shrinkage.,#cotton,112207,5,enable,1230,300,50,10,https://i5.walmartimages.com/asr/caad199b-81a7-4323-a25a-4fa64691e630_1.59dc710f33f31749e3992f1698cfd0ce.jpeg,champion,Jacket,winter,no,yes,Color,Blue,Material,Cotton
"Champion Men's Powerblend Fleece Pullover Hoodie, up to Size 4XL",Cotton/polyester blend helps reduce pilling and shrinkage.,#cotton,112208,5,enable,1230,300,50,10,https://i5.walmartimages.com/asr/caad199b-81a7-4323-a25a-4fa64691e630_1.59dc710f33f31749e3992f1698cfd0ce.jpeg,champion,Jacket,winter,no,yes,Color,Blue,Material,Cotton
"Champion Men's Powerblend Fleece Pullover Hoodie, up to Size 4XL",Cotton/polyester blend helps reduce pilling and shrinkage.,#cotton,112209,5,enable,1230,300,50,10,https://i5.walmartimages.com/asr/caad199b-81a7-4323-a25a-4fa64691e630_1.59dc710f33f31749e3992f1698cfd0ce.jpeg,champion,Jacket,winter,no,yes,Color,Blue,Material,Cotton
"Champion Men's Powerblend Fleece Pullover Hoodie, up to Size 4XL",Cotton/polyester blend helps reduce pilling and shrinkage.,#cotton,112210,5,enable,1230,300,50,10,https://i5.walmartimages.com/asr/caad199b-81a7-4323-a25a-4fa64691e630_1.59dc710f33f31749e3992f1698cfd0ce.jpeg,champion,Jacket,winter,no,yes,Color,Blue,Material,Cotton
"Champion Men's Powerblend Fleece Pullover Hoodie, up to Size 4XL",Cotton/polyester blend helps reduce pilling and shrinkage.,#cotton,112211,5,enable,1230,300,50,10,https://i5.walmartimages.com/asr/caad199b-81a7-4323-a25a-4fa64691e630_1.59dc710f33f31749e3992f1698cfd0ce.jpeg,champion,Jacket,winter,no,yes,Color,Blue,Material,Cotton
"Champion Men's Powerblend Fleece Pullover Hoodie, up to Size 4XL",Cotton/polyester blend helps reduce pilling and shrinkage.,#cotton,112212,5,enable,1230,300,50,10,https://i5.walmartimages.com/asr/caad199b-81a7-4323-a25a-4fa64691e630_1.59dc710f33f31749e3992f1698cfd0ce.jpeg,champion,Jacket,winter,no,yes,Color,Blue,Material,Cotton
"Champion Men's Powerblend Fleece Pullover Hoodie, up to Size 4XL",Cotton/polyester blend helps reduce pilling and shrinkage.,#cotton,112213,5,enable,1230,300,50,10,https://i5.walmartimages.com/asr/caad199b-81a7-4323-a25a-4fa64691e630_1.59dc710f33f31749e3992f1698cfd0ce.jpeg,champion,Jacket,winter,no,yes,Color,Blue,Material,Cotton
"Champion Men's Powerblend Fleece Pullover Hoodie, up to Size 4XL",Cotton/polyester blend helps reduce pilling and shrinkage.,#cotton,112214,5,enable,1230,300,50,10,https://i5.walmartimages.com/asr/caad199b-81a7-4323-a25a-4fa64691e630_1.59dc710f33f31749e3992f1698cfd0ce.jpeg,champion,Jacket,winter,no,yes,Color,Blue,Material,Cotton
"Champion Men's Powerblend Fleece Pullover Hoodie, up to Size 4XL",Cotton/polyester blend helps reduce pilling and shrinkage.,#cotton,112215,5,enable,1230,300,50,10,https://i5.walmartimages.com/asr/caad199b-81a7-4323-a25a-4fa64691e630_1.59dc710f33f31749e3992f1698cfd0ce.jpeg,champion,Jacket,winter,no,yes,Color,Blue,Material,Cotton
"Champion Men's Powerblend Fleece Pullover Hoodie, up to Size 4XL",Cotton/polyester blend helps reduce pilling and shrinkage.,#cotton,112216,5,enable,1230,300,50,10,https://i5.walmartimages.com/asr/caad199b-81a7-4323-a25a-4fa64691e630_1.59dc710f33f31749e3992f1698cfd0ce.jpeg,champion,Jacket,winter,no,yes,Color,Blue,Material,Cotton
"Champion Men's Powerblend Fleece Pullover Hoodie, up to Size 4XL",Cotton/polyester blend helps reduce pilling and shrinkage.,#cotton,112217,5,enable,1230,300,50,10,https://i5.walmartimages.com/asr/caad199b-81a7-4323-a25a-4fa64691e630_1.59dc710f33f31749e3992f1698cfd0ce.jpeg,champion,Jacket,winter,no,yes,Color,Blue,Material,Cotton
"Champion Men's Powerblend Fleece Pullover Hoodie, up to Size 4XL",Cotton/polyester blend helps reduce pilling and shrinkage.,#cotton,112218,5,enable,1230,300,50,10,https://i5.walmartimages.com/asr/caad199b-81a7-4323-a25a-4fa64691e630_1.59dc710f33f31749e3992f1698cfd0ce.jpeg,champion,Jacket,winter,no,yes,Color,Blue,Material,Cotton
"Champion Men's Powerblend Fleece Pullover Hoodie, up to Size 4XL",Cotton/polyester blend helps reduce pilling and shrinkage.,#cotton,112219,5,enable,1230,300,50,10,https://i5.walmartimages.com/asr/caad199b-81a7-4323-a25a-4fa64691e630_1.59dc710f33f31749e3992f1698cfd0ce.jpeg,champion,Jacket,winter,no,yes,Color,Blue,Material,Cotton
"Champion Men's Powerblend Fleece Pullover Hoodie, up to Size 4XL",Cotton/polyester blend helps reduce pilling and shrinkage.,#cotton,112220,5,enable,1230,300,50,10,https://i5.walmartimages.com/asr/caad199b-81a7-4323-a25a-4fa64691e630_1.59dc710f33f31749e3992f1698cfd0ce.jpeg,champion,Jacket,winter,no,yes,Color,Blue,Material,Cotton
"Champion Men's Powerblend Fleece Pullover Hoodie, up to Size 4XL",Cotton/polyester blend helps reduce pilling and shrinkage.,#cotton,112221,5,enable,1230,300,50,10,https://i5.walmartimages.com/asr/caad199b-81a7-4323-a25a-4fa64691e630_1.59dc710f33f31749e3992f1698cfd0ce.jpeg,champion,Jacket,winter,no,yes,Color,Blue,Material,Cotton
"Champion Men's Powerblend Fleece Pullover Hoodie, up to Size 4XL",Cotton/polyester blend helps reduce pilling and shrinkage.,#cotton,112222,5,enable,1230,300,50,10,https://i5.walmartimages.com/asr/caad199b-81a7-4323-a25a-4fa64691e630_1.59dc710f33f31749e3992f1698cfd0ce.jpeg,champion,Jacket,winter,no,yes,Color,Blue,Material,Cotton
"Champion Men's Powerblend Fleece Pullover Hoodie, up to Size 4XL",Cotton/polyester blend helps reduce pilling and shrinkage.,#cotton,112223,5,enable,1230,300,50,10,https://i5.walmartimages.com/asr/caad199b-81a7-4323-a25a-4fa64691e630_1.59dc710f33f31749e3992f1698cfd0ce.jpeg,champion,Jacket,winter,no,yes,Color,Blue,Material,Cotton
"Champion Men's Powerblend Fleece Pullover Hoodie, up to Size 4XL",Cotton/polyester blend helps reduce pilling and shrinkage.,#cotton,112224,5,enable,1230,300,50,10,https://i5.walmartimages.com/asr/caad199b-81a7-4323-a25a-4fa64691e630_1.59dc710f33f31749e3992f1698cfd0ce.jpeg,champion,Jacket,winter,no,yes,Color,Blue,Material,Cotton
"Champion Men's Powerblend Fleece Pullover Hoodie, up to Size 4XL",Cotton/polyester blend helps reduce pilling and shrinkage.,#cotton,112225,5,enable,1230,300,50,10,https://i5.walmartimages.com/asr/caad199b-81a7-4323-a25a-4fa64691e630_1.59dc710f33f31749e3992f1698cfd0ce.jpeg,champion,Jacket,winter,no,yes,Color,Blue,Material,Cotton
"Champion Men's Powerblend Fleece Pullover Hoodie, up to Size 4XL",Cotton/polyester blend helps reduce pilling and shrinkage.,#cotton,112226,5,enable,1230,300,50,10,https://i5.walmartimages.com/asr/caad199b-81a7-4323-a25a-4fa64691e630_1.59dc710f33f31749e3992f1698cfd0ce.jpeg,champion,Jacket,winter,no,yes,Color,Blue,Material,Cotton
"Champion Men's Powerblend Fleece Pullover Hoodie, up to Size 4XL",Cotton/polyester blend helps reduce pilling and shrinkage.,#cotton,112227,5,enable,1230,300,50,10,https://i5.walmartimages.com/asr/caad199b-81a7-4323-a25a-4fa64691e630_1.59dc710f33f31749e3992f1698cfd0ce.jpeg,champion,Jacket,winter,no,yes,Color,Blue,Material,Cotton
"Champion Men's Powerblend Fleece Pullover Hoodie, up to Size 4XL",Cotton/polyester blend helps reduce pilling and shrinkage.,#cotton,112228,5,enable,1230,300,50,10,https://i5.walmartimages.com/asr/caad199b-81a7-4323-a25a-4fa64691e630_1.59dc710f33f31749e3992f1698cfd0ce.jpeg,champion,Jacket,winter,no,yes,Color,Blue,Material,Cotton
"Champion Men's Powerblend Fleece Pullover Hoodie, up to Size 4XL",Cotton/polyester blend helps reduce pilling and shrinkage.,#cotton,112229,5,enable,1230,300,50,10,https://i5.walmartimages.com/asr/caad199b-81a7-4323-a25a-4fa64691e630_1.59dc710f33f31749e3992f1698cfd0ce.jpeg,champion,Jacket,winter,no,yes,Color,Blue,Material,Cotton
"Champion Men's Powerblend Fleece Pullover Hoodie, up to Size 4XL",Cotton/polyester blend helps reduce pilling and shrinkage.,#cotton,112230,5,enable,1230,300,50,10,https://i5.walmartimages.com/asr/caad199b-81a7-4323-a25a-4fa64691e630_1.59dc710f33f31749e3992f1698cfd0ce.jpeg,champion,Jacket,winter,no,yes,Color,Blue,Material,Cotton
"Champion Men's Powerblend Fleece Pullover Hoodie, up to Size 4XL",Cotton/polyester blend helps reduce pilling and shrinkage.,#cotton,112231,5,enable,1230,300,50,10,https://i5.walmartimages.com/asr/caad199b-81a7-4323-a25a-4fa64691e630_1.59dc710f33f31749e3992f1698cfd0ce.jpeg,champion,Jacket,winter,no,yes,Color,Blue,Material,Cotton
"Champion Men's Powerblend Fleece Pullover Hoodie, up to Size 4XL",Cotton/polyester blend helps reduce pilling and shrinkage.,#cotton,112232,5,enable,1230,300,50,10,https://i5.walmartimages.com/asr/caad199b-81a7-4323-a25a-4fa64691e630_1.59dc710f33f31749e3992f1698cfd0ce.jpeg,champion,Jacket,winter,no,yes,Color,Blue,Material,Cotton
"Champion Men's Powerblend Fleece Pullover Hoodie, up to Size 4XL",Cotton/polyester blend helps reduce pilling and shrinkage.,#cotton,112233,5,enable,1230,300,50,10,https://i5.walmartimages.com/asr/caad199b-81a7-4323-a25a-4fa64691e630_1.59dc710f33f31749e3992f1698cfd0ce.jpeg,champion,Jacket,winter,no,yes,Color,Blue,Material,Cotton
"Champion Men's Powerblend Fleece Pullover Hoodie, up to Size 4XL",Cotton/polyester blend helps reduce pilling and shrinkage.,#cotton,112234,5,enable,1230,300,50,10,https://i5.walmartimages.com/asr/caad199b-81a7-4323-a25a-4fa64691e630_1.59dc710f33f31749e3992f1698cfd0ce.jpeg,champion,Jacket,winter,no,yes,Color,Blue,Material,Cotton
"Champion Men's Powerblend Fleece Pullover Hoodie, up to Size 4XL",Cotton/polyester blend helps reduce pilling and shrinkage.,#cotton,112235,5,enable,1230,300,50,10,https://i5.walmartimages.com/asr/caad199b-81a7-4323-a25a-4fa64691e630_1.59dc710f33f31749e3992f1698cfd0ce.jpeg,champion,Jacket,winter,no,yes,Color,Blue,Material,Cotton
"Champion Men's Powerblend Fleece Pullover Hoodie, up to Size 4XL",Cotton/polyester blend helps reduce pilling and shrinkage.,#cotton,112236,5,enable,1230,300,50,10,https://i5.walmartimages.com/asr/caad199b-81a7-4323-a25a-4fa64691e630_1.59dc710f33f31749e3992f1698cfd0ce.jpeg,champion,Jacket,winter,no,yes,Color,Blue,Material,Cotton
"Champion Men's Powerblend Fleece Pullover Hoodie, up to Size 4XL",Cotton/polyester blend helps reduce pilling and shrinkage.,#cotton,112237,5,enable,1230,300,50,10,https://i5.walmartimages.com/asr/caad199b-81a7-4323-a25a-4fa64691e630_1.59dc710f33f31749e3992f1698cfd0ce.jpeg,champion,Jacket,winter,no,yes,Color,Blue,Material,Cotton
"Champion Men's Powerblend Fleece Pullover Hoodie, up to Size 4XL",Cotton/polyester blend helps reduce pilling and shrinkage.,#cotton,112238,5,enable,1230,300,50,10,https://i5.walmartimages.com/asr/caad199b-81a7-4323-a25a-4fa64691e630_1.59dc710f33f31749e3992f1698cfd0ce.jpeg,champion,Jacket,winter,no,yes,Color,Blue,Material,Cotton
"Champion Men's Powerblend Fleece Pullover Hoodie, up to Size 4XL",Cotton/polyester blend helps reduce pilling and shrinkage.,#cotton,112239,5,enable,1230,300,50,10,https://i5.walmartimages.com/asr/caad199b-81a7-4323-a25a-4fa64691e630_1.59dc710f33f31749e3992f1698cfd0ce.jpeg,champion,Jacket,winter,no,yes,Color,Blue,Material,Cotton
"Champion Men's Powerblend Fleece Pullover Hoodie, up to Size 4XL",Cotton/polyester blend helps reduce pilling and shrinkage.,#cotton,112240,5,enable,1230,300,50,10,https://i5.walmartimages.com/asr/caad199b-81a7-4323-a25a-4fa64691e630_1.59dc710f33f31749e3992f1698cfd0ce.jpeg,champion,Jacket,winter,no,yes,Color,Blue,Material,Cotton
"Champion Men's Powerblend Fleece Pullover Hoodie, up to Size 4XL",Cotton/polyester blend helps reduce pilling and shrinkage.,#cotton,112241,5,enable,1230,300,50,10,https://i5.walmartimages.com/asr/caad199b-81a7-4323-a25a-4fa64691e630_1.59dc710f33f31749e3992f1698cfd0ce.jpeg,champion,Jacket,winter,no,yes,Color,Blue,Material,Cotton
"Champion Men's Powerblend Fleece Pullover Hoodie, up to Size 4XL",Cotton/polyester blend helps reduce pilling and shrinkage.,#cotton,112242,5,enable,1230,300,50,10,https://i5.walmartimages.com/asr/caad199b-81a7-4323-a25a-4fa64691e630_1.59dc710f33f31749e3992f1698cfd0ce.jpeg,champion,Jacket,winter,no,yes,Color,Blue,Material,Cotton
"Champion Men's Powerblend Fleece Pullover Hoodie, up to Size 4XL",Cotton/polyester blend helps reduce pilling and shrinkage.,#cotton,112243,5,enable,1230,300,50,10,https://i5.walmartimages.com/asr/caad199b-81a7-4323-a25a-4fa64691e630_1.59dc710f33f31749e3992f1698cfd0ce.jpeg,champion,Jacket,winter,no,yes,Color,Blue,Material,Cotton
"Champion Men's Powerblend Fleece Pullover Hoodie, up to Size 4XL",Cotton/polyester blend helps reduce pilling and shrinkage.,#cotton,112244,5,enable,1230,300,50,10,https://i5.walmartimages.com/asr/caad199b-81a7-4323-a25a-4fa64691e630_1.59dc710f33f31749e3992f1698cfd0ce.jpeg,champion,Jacket,winter,no,yes,Color,Blue,Material,Cotton
"Champion Men's Powerblend Fleece Pullover Hoodie, up to Size 4XL",Cotton/polyester blend helps reduce pilling and shrinkage.,#cotton,112245,5,enable,1230,300,50,10,https://i5.walmartimages.com/asr/caad199b-81a7-4323-a25a-4fa64691e630_1.59dc710f33f31749e3992f1698cfd0ce.jpeg,champion,Jacket,winter,no,yes,Color,Blue,Material,Cotton
"Champion Men's Powerblend Fleece Pullover Hoodie, up to Size 4XL",Cotton/polyester blend helps reduce pilling and shrinkage.,#cotton,112246,5,enable,1230,300,50,10,https://i5.walmartimages.com/asr/caad199b-81a7-4323-a25a-4fa64691e630_1.59dc710f33f31749e3992f1698cfd0ce.jpeg,champion,Jacket,winter,no,yes,Color,Blue,Material,Cotton
"Champion Men's Powerblend Fleece Pullover Hoodie, up to Size 4XL",Cotton/polyester blend helps reduce pilling and shrinkage.,#cotton,112247,5,enable,1230,300,50,10,https://i5.walmartimages.com/asr/caad199b-81a7-4323-a25a-4fa64691e630_1.59dc710f33f31749e3992f1698cfd0ce.jpeg,champion,Jacket,winter,no,yes,Color,Blue,Material,Cotton
"Champion Men's Powerblend Fleece Pullover Hoodie, up to Size 4XL",Cotton/polyester blend helps reduce pilling and shrinkage.,#cotton,112248,5,enable,1230,300,50,10,https://i5.walmartimages.com/asr/caad199b-81a7-4323-a25a-4fa64691e630_1.59dc710f33f31749e3992f1698cfd0ce.jpeg,champion,Jacket,winter,no,yes,Color,Blue,Material,Cotton
"Champion Men's Powerblend Fleece Pullover Hoodie, up to Size 4XL",Cotton/polyester blend helps reduce pilling and shrinkage.,#cotton,112249,5,enable,1230,300,50,10,https://i5.walmartimages.com/asr/caad199b-81a7-4323-a25a-4fa64691e630_1.59dc710f33f31749e3992f1698cfd0ce.jpeg,champion,Jacket,winter,no,yes,Color,Blue,Material,Cotton
"Champion Men's Powerblend Fleece Pullover Hoodie, up to Size 4XL",Cotton/polyester blend helps reduce pilling and shrinkage.,#cotton,112250,5,enable,1230,300,50,10,https://i5.walmartimages.com/asr/caad199b-81a7-4323-a25a-4fa64691e630_1.59dc710f33f31749e3992f1698cfd0ce.jpeg,champion,Jacket,winter,no,yes,Color,Blue,Material,Cotton
"Champion Men's Powerblend Fleece Pullover Hoodie, up to Size 4XL",Cotton/polyester blend helps reduce pilling and shrinkage.,#cotton,112251,5,enable,1230,300,50,10,https://i5.walmartimages.com/asr/caad199b-81a7-4323-a25a-4fa64691e630_1.59dc710f33f31749e3992f1698cfd0ce.jpeg,champion,Jacket,winter,no,yes,Color,Blue,Material,Cotton
"Champion Men's Powerblend Fleece Pullover Hoodie, up to Size 4XL",Cotton/polyester blend helps reduce pilling and shrinkage.,#cotton,112252,5,enable,1230,300,50,10,https://i5.walmartimages.com/asr/caad199b-81a7-4323-a25a-4fa64691e630_1.59dc710f33f31749e3992f1698cfd0ce.jpeg,champion,Jacket,winter,no,yes,Color,Blue,Material,Cotton
"Champion Men's Powerblend Fleece Pullover Hoodie, up to Size 4XL",Cotton/polyester blend helps reduce pilling and shrinkage.,#cotton,112253,5,enable,1230,300,50,10,https://i5.walmartimages.com/asr/caad199b-81a7-4323-a25a-4fa64691e630_1.59dc710f33f31749e3992f1698cfd0ce.jpeg,champion,Jacket,winter,no,yes,Color,Blue,Material,Cotton
"Champion Men's Powerblend Fleece Pullover Hoodie, up to Size 4XL",Cotton/polyester blend helps reduce pilling and shrinkage.,#cotton,112254,5,enable,1230,300,50,10,https://i5.walmartimages.com/asr/caad199b-81a7-4323-a25a-4fa64691e630_1.59dc710f33f31749e3992f1698cfd0ce.jpeg,champion,Jacket,winter,no,yes,Color,Blue,Material,Cotton
"Champion Men's Powerblend Fleece Pullover Hoodie, up to Size 4XL",Cotton/polyester blend helps reduce pilling and shrinkage.,#cotton,112255,5,enable,1230,300,50,10,https://i5.walmartimages.com/asr/caad199b-81a7-4323-a25a-4fa64691e630_1.59dc710f33f31749e3992f1698cfd0ce.jpeg,champion,Jacket,winter,no,yes,Color,Blue,Material,Cotton
"Champion Men's Powerblend Fleece Pullover Hoodie, up to Size 4XL",Cotton/polyester blend helps reduce pilling and shrinkage.,#cotton,112256,5,enable,1230,300,50,10,https://i5.walmartimages.com/asr/caad199b-81a7-4323-a25a-4fa64691e630_1.59dc710f33f31749e3992f1698cfd0ce.jpeg,champion,Jacket,winter,no,yes,Color,Blue,Material,Cotton
"Champion Men's Powerblend Fleece Pullover Hoodie, up to Size 4XL",Cotton/polyester blend helps reduce pilling and shrinkage.,#cotton,112257,5,enable,1230,300,50,10,https://i5.walmartimages.com/asr/caad199b-81a7-4323-a25a-4fa64691e630_1.59dc710f33f31749e3992f1698cfd0ce.jpeg,champion,Jacket,winter,no,yes,Color,Blue,Material,Cotton
"Champion Men's Powerblend Fleece Pullover Hoodie, up to Size 4XL",Cotton/polyester blend helps reduce pilling and shrinkage.,#cotton,112258,5,enable,1230,300,50,10,https://i5.walmartimages.com/asr/caad199b-81a7-4323-a25a-4fa64691e630_1.59dc710f33f31749e3992f1698cfd0ce.jpeg,champion,Jacket,winter,no,yes,Color,Blue,Material,Cotton
"Champion Men's Powerblend Fleece Pullover Hoodie, up to Size 4XL",Cotton/polyester blend helps reduce pilling and shrinkage.,#cotton,112259,5,enable,1230,300,50,10,https://i5.walmartimages.com/asr/caad199b-81a7-4323-a25a-4fa64691e630_1.59dc710f33f31749e3992f1698cfd0ce.jpeg,champion,Jacket,winter,no,yes,Color,Blue,Material,Cotton
"Champion Men's Powerblend Fleece Pullover Hoodie, up to Size 4XL",Cotton/polyester blend helps reduce pilling and shrinkage.,#cotton,112260,5,enable,1230,300,50,10,https://i5.walmartimages.com/asr/caad199b-81a7-4323-a25a-4fa64691e630_1.59dc710f33f31749e3992f1698cfd0ce.jpeg,champion,Jacket,winter,no,yes,Color,Blue,Material,Cotton
"Champion Men's Powerblend Fleece Pullover Hoodie, up to Size 4XL",Cotton/polyester blend helps reduce pilling and shrinkage.,#cotton,112261,5,enable,1230,300,50,10,https://i5.walmartimages.com/asr/caad199b-81a7-4323-a25a-4fa64691e630_1.59dc710f33f31749e3992f1698cfd0ce.jpeg,champion,Jacket,winter,no,yes,Color,Blue,Material,Cotton
"Champion Men's Powerblend Fleece Pullover Hoodie, up to Size 4XL",Cotton/polyester blend helps reduce pilling and shrinkage.,#cotton,112262,5,enable,1230,300,50,10,https://i5.walmartimages.com/asr/caad199b-81a7-4323-a25a-4fa64691e630_1.59dc710f33f31749e3992f1698cfd0ce.jpeg,champion,Jacket,winter,no,yes,Color,Blue,Material,Cotton
"Champion Men's Powerblend Fleece Pullover Hoodie, up to Size 4XL",Cotton/polyester blend helps reduce pilling and shrinkage.,#cotton,112263,5,enable,1230,300,50,10,https://i5.walmartimages.com/asr/caad199b-81a7-4323-a25a-4fa64691e630_1.59dc710f33f31749e3992f1698cfd0ce.jpeg,champion,Jacket,winter,no,yes,Color,Blue,Material,Cotton
"Champion Men's Powerblend Fleece Pullover Hoodie, up to Size 4XL",Cotton/polyester blend helps reduce pilling and shrinkage.,#cotton,112264,5,enable,1230,300,50,10,https://i5.walmartimages.com/asr/caad199b-81a7-4323-a25a-4fa64691e630_1.59dc710f33f31749e3992f1698cfd0ce.jpeg,champion,Jacket,winter,no,yes,Color,Blue,Material,Cotton
"Champion Men's Powerblend Fleece Pullover Hoodie, up to Size 4XL",Cotton/polyester blend helps reduce pilling and shrinkage.,#cotton,112265,5,enable,1230,300,50,10,https://i5.walmartimages.com/asr/caad199b-81a7-4323-a25a-4fa64691e630_1.59dc710f33f31749e3992f1698cfd0ce.jpeg,champion,Jacket,winter,no,yes,Color,Blue,Material,Cotton
"Champion Men's Powerblend Fleece Pullover Hoodie, up to Size 4XL",Cotton/polyester blend helps reduce pilling and shrinkage.,#cotton,112266,5,enable,1230,300,50,10,https://i5.walmartimages.com/asr/caad199b-81a7-4323-a25a-4fa64691e630_1.59dc710f33f31749e3992f1698cfd0ce.jpeg,champion,Jacket,winter,no,yes,Color,Blue,Material,Cotton
"Champion Men's Powerblend Fleece Pullover Hoodie, up to Size 4XL",Cotton/polyester blend helps reduce pilling and shrinkage.,#cotton,112267,5,enable,1230,300,50,10,https://i5.walmartimages.com/asr/caad199b-81a7-4323-a25a-4fa64691e630_1.59dc710f33f31749e3992f1698cfd0ce.jpeg,champion,Jacket,winter,no,yes,Color,Blue,Material,Cotton
"Champion Men's Powerblend Fleece Pullover Hoodie, up to Size 4XL",Cotton/polyester blend helps reduce pilling and shrinkage.,#cotton,112268,5,enable,1230,300,50,10,https://i5.walmartimages.com/asr/caad199b-81a7-4323-a25a-4fa64691e630_1.59dc710f33f31749e3992f1698cfd0ce.jpeg,champion,Jacket,winter,no,yes,Color,Blue,Material,Cotton
"Champion Men's Powerblend Fleece Pullover Hoodie, up to Size 4XL",Cotton/polyester blend helps reduce pilling and shrinkage.,#cotton,112269,5,enable,1230,300,50,10,https://i5.walmartimages.com/asr/caad199b-81a7-4323-a25a-4fa64691e630_1.59dc710f33f31749e3992f1698cfd0ce.jpeg,champion,Jacket,winter,no,yes,Color,Blue,Material,Cotton
"Champion Men's Powerblend Fleece Pullover Hoodie, up to Size 4XL",Cotton/polyester blend helps reduce pilling and shrinkage.,#cotton,112270,5,enable,1230,300,50,10,https://i5.walmartimages.com/asr/caad199b-81a7-4323-a25a-4fa64691e630_1.59dc710f33f31749e3992f1698cfd0ce.jpeg,champion,Jacket,winter,no,yes,Color,Blue,Material,Cotton
"Champion Men's Powerblend Fleece Pullover Hoodie, up to Size 4XL",Cotton/polyester blend helps reduce pilling and shrinkage.,#cotton,112271,5,enable,1230,300,50,10,https://i5.walmartimages.com/asr/caad199b-81a7-4323-a25a-4fa64691e630_1.59dc710f33f31749e3992f1698cfd0ce.jpeg,champion,Jacket,winter,no,yes,Color,Blue,Material,Cotton
"Champion Men's Powerblend Fleece Pullover Hoodie, up to Size 4XL",Cotton/polyester blend helps reduce pilling and shrinkage.,#cotton,112272,5,enable,1230,300,50,10,https://i5.walmartimages.com/asr/caad199b-81a7-4323-a25a-4fa64691e630_1.59dc710f33f31749e3992f1698cfd0ce.jpeg,champion,Jacket,winter,no,yes,Color,Blue,Material,Cotton
"Champion Men's Powerblend Fleece Pullover Hoodie, up to Size 4XL",Cotton/polyester blend helps reduce pilling and shrinkage.,#cotton,112273,5,enable,1230,300,50,10,https://i5.walmartimages.com/asr/caad199b-81a7-4323-a25a-4fa64691e630_1.59dc710f33f31749e3992f1698cfd0ce.jpeg,champion,Jacket,winter,no,yes,Color,Blue,Material,Cotton
"Champion Men's Powerblend Fleece Pullover Hoodie, up to Size 4XL",Cotton/polyester blend helps reduce pilling and shrinkage.,#cotton,112274,5,enable,1230,300,50,10,https://i5.walmartimages.com/asr/caad199b-81a7-4323-a25a-4fa64691e630_1.59dc710f33f31749e3992f1698cfd0ce.jpeg,champion,Jacket,winter,no,yes,Color,Blue,Material,Cotton
"Champion Men's Powerblend Fleece Pullover Hoodie, up to Size 4XL",Cotton/polyester blend helps reduce pilling and shrinkage.,#cotton,112275,5,enable,1230,300,50,10,https://i5.walmartimages.com/asr/caad199b-81a7-4323-a25a-4fa64691e630_1.59dc710f33f31749e3992f1698cfd0ce.jpeg,champion,Jacket,winter,no,yes,Color,Blue,Material,Cotton
"Champion Men's Powerblend Fleece Pullover Hoodie, up to Size 4XL",Cotton/polyester blend helps reduce pilling and shrinkage.,#cotton,112276,5,enable,1230,300,50,10,https://i5.walmartimages.com/asr/caad199b-81a7-4323-a25a-4fa64691e630_1.59dc710f33f31749e3992f1698cfd0ce.jpeg,champion,Jacket,winter,no,yes,Color,Blue,Material,Cotton
"Champion Men's Powerblend Fleece Pullover Hoodie, up to Size 4XL",Cotton/polyester blend helps reduce pilling and shrinkage.,#cotton,112277,5,enable,1230,300,50,10,https://i5.walmartimages.com/asr/caad199b-81a7-4323-a25a-4fa64691e630_1.59dc710f33f31749e3992f1698cfd0ce.jpeg,champion,Jacket,winter,no,yes,Color,Blue,Material,Cotton
"Champion Men's Powerblend Fleece Pullover Hoodie, up to Size 4XL",Cotton/polyester blend helps reduce pilling and shrinkage.,#cotton,112278,5,enable,1230,300,50,10,https://i5.walmartimages.com/asr/caad199b-81a7-4323-a25a-4fa64691e630_1.59dc710f33f31749e3992f1698cfd0ce.jpeg,champion,Jacket,winter,no,yes,Color,Blue,Material,Cotton
"Champion Men's Powerblend Fleece Pullover Hoodie, up to Size 4XL",Cotton/polyester blend helps reduce pilling and shrinkage.,#cotton,112279,5,enable,1230,300,50,10,https://i5.walmartimages.com/asr/caad199b-81a7-4323-a25a-4fa64691e630_1.59dc710f33f31749e3992f1698cfd0ce.jpeg,champion,Jacket,winter,no,yes,Color,Blue,Material,Cotton
"Champion Men's Powerblend Fleece Pullover Hoodie, up to Size 4XL",Cotton/polyester blend helps reduce pilling and shrinkage.,#cotton,112280,5,enable,1230,300,50,10,https://i5.walmartimages.com/asr/caad199b-81a7-4323-a25a-4fa64691e630_1.59dc710f33f31749e3992f1698cfd0ce.jpeg,champion,Jacket,winter,no,yes,Color,Blue,Material,Cotton
"Champion Men's Powerblend Fleece Pullover Hoodie, up to Size 4XL",Cotton/polyester blend helps reduce pilling and shrinkage.,#cotton,112281,5,enable,1230,300,50,10,https://i5.walmartimages.com/asr/caad199b-81a7-4323-a25a-4fa64691e630_1.59dc710f33f31749e3992f1698cfd0ce.jpeg,champion,Jacket,winter,no,yes,Color,Blue,Material,Cotton
"Champion Men's Powerblend Fleece Pullover Hoodie, up to Size 4XL",Cotton/polyester blend helps reduce pilling and shrinkage.,#cotton,112282,5,enable,1230,300,50,10,https://i5.walmartimages.com/asr/caad199b-81a7-4323-a25a-4fa64691e630_1.59dc710f33f31749e3992f1698cfd0ce.jpeg,champion,Jacket,winter,no,yes,Color,Blue,Material,Cotton
"Champion Men's Powerblend Fleece Pullover Hoodie, up to Size 4XL",Cotton/polyester blend helps reduce pilling and shrinkage.,#cotton,112283,5,enable,1230,300,50,10,https://i5.walmartimages.com/asr/caad199b-81a7-4323-a25a-4fa64691e630_1.59dc710f33f31749e3992f1698cfd0ce.jpeg,champion,Jacket,winter,no,yes,Color,Blue,Material,Cotton
"Champion Men's Powerblend Fleece Pullover Hoodie, up to Size 4XL",Cotton/polyester blend helps reduce pilling and shrinkage.,#cotton,112284,5,enable,1230,300,50,10,https://i5.walmartimages.com/asr/caad199b-81a7-4323-a25a-4fa64691e630_1.59dc710f33f31749e3992f1698cfd0ce.jpeg,champion,Jacket,winter,no,yes,Color,Blue,Material,Cotton
"Champion Men's Powerblend Fleece Pullover Hoodie, up to Size 4XL",Cotton/polyester blend helps reduce pilling and shrinkage.,#cotton,112285,5,enable,1230,300,50,10,https://i5.walmartimages.com/asr/caad199b-81a7-4323-a25a-4fa64691e630_1.59dc710f33f31749e3992f1698cfd0ce.jpeg,champion,Jacket,winter,no,yes,Color,Blue,Material,Cotton
"Champion Men's Powerblend Fleece Pullover Hoodie, up to Size 4XL",Cotton/polyester blend helps reduce pilling and shrinkage.,#cotton,112286,5,enable,1230,300,50,10,https://i5.walmartimages.com/asr/caad199b-81a7-4323-a25a-4fa64691e630_1.59dc710f33f31749e3992f1698cfd0ce.jpeg,champion,Jacket,winter,no,yes,Color,Blue,Material,Cotton
"Champion Men's Powerblend Fleece Pullover Hoodie, up to Size 4XL",Cotton/polyester blend helps reduce pilling and shrinkage.,#cotton,112287,5,enable,1230,300,50,10,https://i5.walmartimages.com/asr/caad199b-81a7-4323-a25a-4fa64691e630_1.59dc710f33f31749e3992f1698cfd0ce.jpeg,champion,Jacket,winter,no,yes,Color,Blue,Material,Cotton
"Champion Men's Powerblend Fleece Pullover Hoodie, up to Size 4XL",Cotton/polyester blend helps reduce pilling and shrinkage.,#cotton,112288,5,enable,1230,300,50,10,https://i5.walmartimages.com/asr/caad199b-81a7-4323-a25a-4fa64691e630_1.59dc710f33f31749e3992f1698cfd0ce.jpeg,champion,Jacket,winter,no,yes,Color,Blue,Material,Cotton
"Champion Men's Powerblend Fleece Pullover Hoodie, up to Size 4XL",Cotton/polyester blend helps reduce pilling and shrinkage.,#cotton,112289,5,enable,1230,300,50,10,https://i5.walmartimages.com/asr/caad199b-81a7-4323-a25a-4fa64691e630_1.59dc710f33f31749e3992f1698cfd0ce.jpeg,champion,Jacket,winter,no,yes,Color,Blue,Material,Cotton
"Champion Men's Powerblend Fleece Pullover Hoodie, up to Size 4XL",Cotton/polyester blend helps reduce pilling and shrinkage.,#cotton,112290,5,enable,1230,300,50,10,https://i5.walmartimages.com/asr/caad199b-81a7-4323-a25a-4fa64691e630_1.59dc710f33f31749e3992f1698cfd0ce.jpeg,champion,Jacket,winter,no,yes,Color,Blue,Material,Cotton
"Champion Men's Powerblend Fleece Pullover Hoodie, up to Size 4XL",Cotton/polyester blend helps reduce pilling and shrinkage.,#cotton,112291,5,enable,1230,300,50,10,https://i5.walmartimages.com/asr/caad199b-81a7-4323-a25a-4fa64691e630_1.59dc710f33f31749e3992f1698cfd0ce.jpeg,champion,Jacket,winter,no,yes,Color,Blue,Material,Cotton
"Champion Men's Powerblend Fleece Pullover Hoodie, up to Size 4XL",Cotton/polyester blend helps reduce pilling and shrinkage.,#cotton,112292,5,enable,1230,300,50,10,https://i5.walmartimages.com/asr/caad199b-81a7-4323-a25a-4fa64691e630_1.59dc710f33f31749e3992f1698cfd0ce.jpeg,champion,Jacket,winter,no,yes,Color,Blue,Material,Cotton
"Champion Men's Powerblend Fleece Pullover Hoodie, up to Size 4XL",Cotton/polyester blend helps reduce pilling and shrinkage.,#cotton,112293,5,enable,1230,300,50,10,https://i5.walmartimages.com/asr/caad199b-81a7-4323-a25a-4fa64691e630_1.59dc710f33f31749e3992f1698cfd0ce.jpeg,champion,Jacket,winter,no,yes,Color,Blue,Material,Cotton
"Champion Men's Powerblend Fleece Pullover Hoodie, up to Size 4XL",Cotton/polyester blend helps reduce pilling and shrinkage.,#cotton,112294,5,enable,1230,300,50,10,https://i5.walmartimages.com/asr/caad199b-81a7-4323-a25a-4fa64691e630_1.59dc710f33f31749e3992f1698cfd0ce.jpeg,champion,Jacket,winter,no,yes,Color,Blue,Material,Cotton
"Champion Men's Powerblend Fleece Pullover Hoodie, up to Size 4XL",Cotton/polyester blend helps reduce pilling and shrinkage.,#cotton,112295,5,enable,1230,300,50,10,https://i5.walmartimages.com/asr/caad199b-81a7-4323-a25a-4fa64691e630_1.59dc710f33f31749e3992f1698cfd0ce.jpeg,champion,Jacket,winter,no,yes,Color,Blue,Material,Cotton
"Champion Men's Powerblend Fleece Pullover Hoodie, up to Size 4XL",Cotton/polyester blend helps reduce pilling and shrinkage.,#cotton,112296,5,enable,1230,300,50,10,https://i5.walmartimages.com/asr/caad199b-81a7-4323-a25a-4fa64691e630_1.59dc710f33f31749e3992f1698cfd0ce.jpeg,champion,Jacket,winter,no,yes,Color,Blue,Material,Cotton
"Champion Men's Powerblend Fleece Pullover Hoodie, up to Size 4XL",Cotton/polyester blend helps reduce pilling and shrinkage.,#cotton,112297,5,enable,1230,300,50,10,https://i5.walmartimages.com/asr/caad199b-81a7-4323-a25a-4fa64691e630_1.59dc710f33f31749e3992f1698cfd0ce.jpeg,champion,Jacket,winter,no,yes,Color,Blue,Material,Cotton
"Champion Men's Powerblend Fleece Pullover Hoodie, up to Size 4XL",Cotton/polyester blend helps reduce pilling and shrinkage.,#cotton,112298,5,enable,1230,300,50,10,https://i5.walmartimages.com/asr/caad199b-81a7-4323-a25a-4fa64691e630_1.59dc710f33f31749e3992f1698cfd0ce.jpeg,champion,Jacket,winter,no,yes,Color,Blue,Material,Cotton
"Champion Men's Powerblend Fleece Pullover Hoodie, up to Size 4XL",Cotton/polyester blend helps reduce pilling and shrinkage.,#cotton,112299,5,enable,1230,300,50,10,https://i5.walmartimages.com/asr/caad199b-81a7-4323-a25a-4fa64691e630_1.59dc710f33f31749e3992f1698cfd0ce.jpeg,champion,Jacket,winter,no,yes,Color,Blue,Material,Cotton
"Champion Men's Powerblend Fleece Pullover Hoodie, up to Size 4XL",Cotton/polyester blend helps reduce pilling and shrinkage.,#cotton,112300,5,enable,1230,300,50,10,https://i5.walmartimages.com/asr/caad199b-81a7-4323-a25a-4fa64691e630_1.59dc710f33f31749e3992f1698cfd0ce.jpeg,champion,Jacket,winter,no,yes,Color,Blue,Material,Cotton
"Champion Men's Powerblend Fleece Pullover Hoodie, up to Size 4XL",Cotton/polyester blend helps reduce pilling and shrinkage.,#cotton,112301,5,enable,1230,300,50,10,https://i5.walmartimages.com/asr/caad199b-81a7-4323-a25a-4fa64691e630_1.59dc710f33f31749e3992f1698cfd0ce.jpeg,champion,Jacket,winter,no,yes,Color,Blue,Material,Cotton
"Champion Men's Powerblend Fleece Pullover Hoodie, up to Size 4XL",Cotton/polyester blend helps reduce pilling and shrinkage.,#cotton,112302,5,enable,1230,300,50,10,https://i5.walmartimages.com/asr/caad199b-81a7-4323-a25a-4fa64691e630_1.59dc710f33f31749e3992f1698cfd0ce.jpeg,champion,Jacket,winter,no,yes,Color,Blue,Material,Cotton
"Champion Men's Powerblend Fleece Pullover Hoodie, up to Size 4XL",Cotton/polyester blend helps reduce pilling and shrinkage.,#cotton,112303,5,enable,1230,300,50,10,https://i5.walmartimages.com/asr/caad199b-81a7-4323-a25a-4fa64691e630_1.59dc710f33f31749e3992f1698cfd0ce.jpeg,champion,Jacket,winter,no,yes,Color,Blue,Material,Cotton
"Champion Men's Powerblend Fleece Pullover Hoodie, up to Size 4XL",Cotton/polyester blend helps reduce pilling and shrinkage.,#cotton,112304,5,enable,1230,300,50,10,https://i5.walmartimages.com/asr/caad199b-81a7-4323-a25a-4fa64691e630_1.59dc710f33f31749e3992f1698cfd0ce.jpeg,champion,Jacket,winter,no,yes,Color,Blue,Material,Cotton
"Champion Men's Powerblend Fleece Pullover Hoodie, up to Size 4XL",Cotton/polyester blend helps reduce pilling and shrinkage.,#cotton,112305,5,enable,1230,300,50,10,https://i5.walmartimages.com/asr/caad199b-81a7-4323-a25a-4fa64691e630_1.59dc710f33f31749e3992f1698cfd0ce.jpeg,champion,Jacket,winter,no,yes,Color,Blue,Material,Cotton
"Champion Men's Powerblend Fleece Pullover Hoodie, up to Size 4XL",Cotton/polyester blend helps reduce pilling and shrinkage.,#cotton,112306,5,enable,1230,300,50,10,https://i5.walmartimages.com/asr/caad199b-81a7-4323-a25a-4fa64691e630_1.59dc710f33f31749e3992f1698cfd0ce.jpeg,champion,Jacket,winter,no,yes,Color,Blue,Material,Cotton
"Champion Men's Powerblend Fleece Pullover Hoodie, up to Size 4XL",Cotton/polyester blend helps reduce pilling and shrinkage.,#cotton,112307,5,enable,1230,300,50,10,https://i5.walmartimages.com/asr/caad199b-81a7-4323-a25a-4fa64691e630_1.59dc710f33f31749e3992f1698cfd0ce.jpeg,champion,Jacket,winter,no,yes,Color,Blue,Material,Cotton
"Champion Men's Powerblend Fleece Pullover Hoodie, up to Size 4XL",Cotton/polyester blend helps reduce pilling and shrinkage.,#cotton,112308,5,enable,1230,300,50,10,https://i5.walmartimages.com/asr/caad199b-81a7-4323-a25a-4fa64691e630_1.59dc710f33f31749e3992f1698cfd0ce.jpeg,champion,Jacket,winter,no,yes,Color,Blue,Material,Cotton
"Champion Men's Powerblend Fleece Pullover Hoodie, up to Size 4XL",Cotton/polyester blend helps reduce pilling and shrinkage.,#cotton,112309,5,enable,1230,300,50,10,https://i5.walmartimages.com/asr/caad199b-81a7-4323-a25a-4fa64691e630_1.59dc710f33f31749e3992f1698cfd0ce.jpeg,champion,Jacket,winter,no,yes,Color,Blue,Material,Cotton
"Champion Men's Powerblend Fleece Pullover Hoodie, up to Size 4XL",Cotton/polyester blend helps reduce pilling and shrinkage.,#cotton,112310,5,enable,1230,300,50,10,https://i5.walmartimages.com/asr/caad199b-81a7-4323-a25a-4fa64691e630_1.59dc710f33f31749e3992f1698cfd0ce.jpeg,champion,Jacket,winter,no,yes,Color,Blue,Material,Cotton
