"Champion Men's Powerblend Fleece Pullover Hoodie, up to Size 4XL",Cotton/polyester blend helps reduce pilling and shrinkage.,#cotton,113211,5,enable,1230,300,50,10,https://i5.walmartimages.com/asr/caad199b-81a7-4323-a25a-4fa64691e630_1.59dc710f33f31749e3992f1698cfd0ce.jpeg,champion,Jacket,winter,no,yes,Color,Blue,Material,Cotton
"Champion Men's Powerblend Fleece Pullover Hoodie, up to Size 4XL",Cotton/polyester blend helps reduce pilling and shrinkage.,#cotton,113212,5,enable,1230,300,50,10,https://i5.walmartimages.com/asr/caad199b-81a7-4323-a25a-4fa64691e630_1.59dc710f33f31749e3992f1698cfd0ce.jpeg,champion,Jacket,winter,no,yes,Color,Blue,Material,Cotton
"Champion Men's Powerblend Fleece Pullover Hoodie, up to Size 4XL",Cotton/polyester blend helps reduce pilling and shrinkage.,#cotton,113213,5,enable,1230,300,50,10,https://i5.walmartimages.com/asr/caad199b-81a7-4323-a25a-4fa64691e630_1.59dc710f33f31749e3992f1698cfd0ce.jpeg,champion,Jacket,winter,no,yes,Color,Blue,Material,Cotton
"Champion Men's Powerblend Fleece Pullover Hoodie, up to Size 4XL",Cotton/polyester blend helps reduce pilling and shrinkage.,#cotton,113214,5,enable,1230,300,50,10,https://i5.walmartimages.com/asr/caad199b-81a7-4323-a25a-4fa64691e630_1.59dc710f33f31749e3992f1698cfd0ce.jpeg,champion,Jacket,winter,no,yes,Color,Blue,Material,Cotton
"Champion Men's Powerblend Fleece Pullover Hoodie, up to Size 4XL",Cotton/polyester blend helps reduce pilling and shrinkage.,#cotton,113215,5,enable,1230,300,50,10,https://i5.walmartimages.com/asr/caad199b-81a7-4323-a25a-4fa64691e630_1.59dc710f33f31749e3992f1698cfd0ce.jpeg,champion,Jacket,winter,no,yes,Color,Blue,Material,Cotton
"Champion Men's Powerblend Fleece Pullover Hoodie, up to Size 4XL",Cotton/polyester blend helps reduce pilling and shrinkage.,#cotton,113216,5,enable,1230,300,50,10,https://i5.walmartimages.com/asr/caad199b-81a7-4323-a25a-4fa64691e630_1.59dc710f33f31749e3992f1698cfd0ce.jpeg,champion,Jacket,winter,no,yes,Color,Blue,Material,Cotton
"Champion Men's Powerblend Fleece Pullover Hoodie, up to Size 4XL",Cotton/polyester blend helps reduce pilling and shrinkage.,#cotton,113217,5,enable,1230,300,50,10,https://i5.walmartimages.com/asr/caad199b-81a7-4323-a25a-4fa64691e630_1.59dc710f33f31749e3992f1698cfd0ce.jpeg,champion,Jacket,winter,no,yes,Color,Blue,Material,Cotton
"Champion Men's Powerblend Fleece Pullover Hoodie, up to Size 4XL",Cotton/polyester blend helps reduce pilling and shrinkage.,#cotton,113218,5,enable,1230,300,50,10,https://i5.walmartimages.com/asr/caad199b-81a7-4323-a25a-4fa64691e630_1.59dc710f33f31749e3992f1698cfd0ce.jpeg,champion,Jacket,winter,no,yes,Color,Blue,Material,Cotton
"Champion Men's Powerblend Fleece Pullover Hoodie, up to Size 4XL",Cotton/polyester blend helps reduce pilling and shrinkage.,#cotton,113219,5,enable,1230,300,50,10,https://i5.walmartimages.com/asr/caad199b-81a7-4323-a25a-4fa64691e630_1.59dc710f33f31749e3992f1698cfd0ce.jpeg,champion,Jacket,winter,no,yes,Color,Blue,Material,Cotton
"Champion Men's Powerblend Fleece Pullover Hoodie, up to Size 4XL",Cotton/polyester blend helps reduce pilling and shrinkage.,#cotton,113220,5,enable,1230,300,50,10,https://i5.walmartimages.com/asr/caad199b-81a7-4323-a25a-4fa64691e630_1.59dc710f33f31749e3992f1698cfd0ce.jpeg,champion,Jacket,winter,no,yes,Color,Blue,Material,Cotton
"Champion Men's Powerblend Fleece Pullover Hoodie, up to Size 4XL",Cotton/polyester blend helps reduce pilling and shrinkage.,#cotton,113221,5,enable,1230,300,50,10,https://i5.walmartimages.com/asr/caad199b-81a7-4323-a25a-4fa64691e630_1.59dc710f33f31749e3992f1698cfd0ce.jpeg,champion,Jacket,winter,no,yes,Color,Blue,Material,Cotton
"Champion Men's Powerblend Fleece Pullover Hoodie, up to Size 4XL",Cotton/polyester blend helps reduce pilling and shrinkage.,#cotton,113222,5,enable,1230,300,50,10,https://i5.walmartimages.com/asr/caad199b-81a7-4323-a25a-4fa64691e630_1.59dc710f33f31749e3992f1698cfd0ce.jpeg,champion,Jacket,winter,no,yes,Color,Blue,Material,Cotton
"Champion Men's Powerblend Fleece Pullover Hoodie, up to Size 4XL",Cotton/polyester blend helps reduce pilling and shrinkage.,#cotton,113223,5,enable,1230,300,50,10,https://i5.walmartimages.com/asr/caad199b-81a7-4323-a25a-4fa64691e630_1.59dc710f33f31749e3992f1698cfd0ce.jpeg,champion,Jacket,winter,no,yes,Color,Blue,Material,Cotton
"Champion Men's Powerblend Fleece Pullover Hoodie, up to Size 4XL",Cotton/polyester blend helps reduce pilling and shrinkage.,#cotton,113224,5,enable,1230,300,50,10,https://i5.walmartimages.com/asr/caad199b-81a7-4323-a25a-4fa64691e630_1.59dc710f33f31749e3992f1698cfd0ce.jpeg,champion,Jacket,winter,no,yes,Color,Blue,Material,Cotton
"Champion Men's Powerblend Fleece Pullover Hoodie, up to Size 4XL",Cotton/polyester blend helps reduce pilling and shrinkage.,#cotton,113225,5,enable,1230,300,50,10,https://i5.walmartimages.com/asr/caad199b-81a7-4323-a25a-4fa64691e630_1.59dc710f33f31749e3992f1698cfd0ce.jpeg,champion,Jacket,winter,no,yes,Color,Blue,Material,Cotton
"Champion Men's Powerblend Fleece Pullover Hoodie, up to Size 4XL",Cotton/polyester blend helps reduce pilling and shrinkage.,#cotton,113226,5,enable,1230,300,50,10,https://i5.walmartimages.com/asr/caad199b-81a7-4323-a25a-4fa64691e630_1.59dc710f33f31749e3992f1698cfd0ce.jpeg,champion,Jacket,winter,no,yes,Color,Blue,Material,Cotton
"Champion Men's Powerblend Fleece Pullover Hoodie, up to Size 4XL",Cotton/polyester blend helps reduce pilling and shrinkage.,#cotton,113227,5,enable,1230,300,50,10,https://i5.walmartimages.com/asr/caad199b-81a7-4323-a25a-4fa64691e630_1.59dc710f33f31749e3992f1698cfd0ce.jpeg,champion,Jacket,winter,no,yes,Color,Blue,Material,Cotton
"Champion Men's Powerblend Fleece Pullover Hoodie, up to Size 4XL",Cotton/polyester blend helps reduce pilling and shrinkage.,#cotton,113228,5,enable,1230,300,50,10,https://i5.walmartimages.com/asr/caad199b-81a7-4323-a25a-4fa64691e630_1.59dc710f33f31749e3992f1698cfd0ce.jpeg,champion,Jacket,winter,no,yes,Color,Blue,Material,Cotton
"Champion Men's Powerblend Fleece Pullover Hoodie, up to Size 4XL",Cotton/polyester blend helps reduce pilling and shrinkage.,#cotton,113229,5,enable,1230,300,50,10,https://i5.walmartimages.com/asr/caad199b-81a7-4323-a25a-4fa64691e630_1.59dc710f33f31749e3992f1698cfd0ce.jpeg,champion,Jacket,winter,no,yes,Color,Blue,Material,Cotton
"Champion Men's Powerblend Fleece Pullover Hoodie, up to Size 4XL",Cotton/polyester blend helps reduce pilling and shrinkage.,#cotton,113230,5,enable,1230,300,50,10,https://i5.walmartimages.com/asr/caad199b-81a7-4323-a25a-4fa64691e630_1.59dc710f33f31749e3992f1698cfd0ce.jpeg,champion,Jacket,winter,no,yes,Color,Blue,Material,Cotton
"Champion Men's Powerblend Fleece Pullover Hoodie, up to Size 4XL",Cotton/polyester blend helps reduce pilling and shrinkage.,#cotton,113231,5,enable,1230,300,50,10,https://i5.walmartimages.com/asr/caad199b-81a7-4323-a25a-4fa64691e630_1.59dc710f33f31749e3992f1698cfd0ce.jpeg,champion,Jacket,winter,no,yes,Color,Blue,Material,Cotton
"Champion Men's Powerblend Fleece Pullover Hoodie, up to Size 4XL",Cotton/polyester blend helps reduce pilling and shrinkage.,#cotton,113232,5,enable,1230,300,50,10,https://i5.walmartimages.com/asr/caad199b-81a7-4323-a25a-4fa64691e630_1.59dc710f33f31749e3992f1698cfd0ce.jpeg,champion,Jacket,winter,no,yes,Color,Blue,Material,Cotton
"Champion Men's Powerblend Fleece Pullover Hoodie, up to Size 4XL",Cotton/polyester blend helps reduce pilling and shrinkage.,#cotton,113233,5,enable,1230,300,50,10,https://i5.walmartimages.com/asr/caad199b-81a7-4323-a25a-4fa64691e630_1.59dc710f33f31749e3992f1698cfd0ce.jpeg,champion,Jacket,winter,no,yes,Color,Blue,Material,Cotton
"Champion Men's Powerblend Fleece Pullover Hoodie, up to Size 4XL",Cotton/polyester blend helps reduce pilling and shrinkage.,#cotton,113234,5,enable,1230,300,50,10,https://i5.walmartimages.com/asr/caad199b-81a7-4323-a25a-4fa64691e630_1.59dc710f33f31749e3992f1698cfd0ce.jpeg,champion,Jacket,winter,no,yes,Color,Blue,Material,Cotton
"Champion Men's Powerblend Fleece Pullover Hoodie, up to Size 4XL",Cotton/polyester blend helps reduce pilling and shrinkage.,#cotton,113235,5,enable,1230,300,50,10,https://i5.walmartimages.com/asr/caad199b-81a7-4323-a25a-4fa64691e630_1.59dc710f33f31749e3992f1698cfd0ce.jpeg,champion,Jacket,winter,no,yes,Color,Blue,Material,Cotton
"Champion Men's Powerblend Fleece Pullover Hoodie, up to Size 4XL",Cotton/polyester blend helps reduce pilling and shrinkage.,#cotton,113236,5,enable,1230,300,50,10,https://i5.walmartimages.com/asr/caad199b-81a7-4323-a25a-4fa64691e630_1.59dc710f33f31749e3992f1698cfd0ce.jpeg,champion,Jacket,winter,no,yes,Color,Blue,Material,Cotton
"Champion Men's Powerblend Fleece Pullover Hoodie, up to Size 4XL",Cotton/polyester blend helps reduce pilling and shrinkage.,#cotton,113237,5,enable,1230,300,50,10,https://i5.walmartimages.com/asr/caad199b-81a7-4323-a25a-4fa64691e630_1.59dc710f33f31749e3992f1698cfd0ce.jpeg,champion,Jacket,winter,no,yes,Color,Blue,Material,Cotton
"Champion Men's Powerblend Fleece Pullover Hoodie, up to Size 4XL",Cotton/polyester blend helps reduce pilling and shrinkage.,#cotton,113238,5,enable,1230,300,50,10,https://i5.walmartimages.com/asr/caad199b-81a7-4323-a25a-4fa64691e630_1.59dc710f33f31749e3992f1698cfd0ce.jpeg,champion,Jacket,winter,no,yes,Color,Blue,Material,Cotton
"Champion Men's Powerblend Fleece Pullover Hoodie, up to Size 4XL",Cotton/polyester blend helps reduce pilling and shrinkage.,#cotton,113239,5,enable,1230,300,50,10,https://i5.walmartimages.com/asr/caad199b-81a7-4323-a25a-4fa64691e630_1.59dc710f33f31749e3992f1698cfd0ce.jpeg,champion,Jacket,winter,no,yes,Color,Blue,Material,Cotton
"Champion Men's Powerblend Fleece Pullover Hoodie, up to Size 4XL",Cotton/polyester blend helps reduce pilling and shrinkage.,#cotton,113240,5,enable,1230,300,50,10,https://i5.walmartimages.com/asr/caad199b-81a7-4323-a25a-4fa64691e630_1.59dc710f33f31749e3992f1698cfd0ce.jpeg,champion,Jacket,winter,no,yes,Color,Blue,Material,Cotton
"Champion Men's Powerblend Fleece Pullover Hoodie, up to Size 4XL",Cotton/polyester blend helps reduce pilling and shrinkage.,#cotton,113241,5,enable,1230,300,50,10,https://i5.walmartimages.com/asr/caad199b-81a7-4323-a25a-4fa64691e630_1.59dc710f33f31749e3992f1698cfd0ce.jpeg,champion,Jacket,winter,no,yes,Color,Blue,Material,Cotton
"Champion Men's Powerblend Fleece Pullover Hoodie, up to Size 4XL",Cotton/polyester blend helps reduce pilling and shrinkage.,#cotton,113242,5,enable,1230,300,50,10,https://i5.walmartimages.com/asr/caad199b-81a7-4323-a25a-4fa64691e630_1.59dc710f33f31749e3992f1698cfd0ce.jpeg,champion,Jacket,winter,no,yes,Color,Blue,Material,Cotton
"Champion Men's Powerblend Fleece Pullover Hoodie, up to Size 4XL",Cotton/polyester blend helps reduce pilling and shrinkage.,#cotton,113243,5,enable,1230,300,50,10,https://i5.walmartimages.com/asr/caad199b-81a7-4323-a25a-4fa64691e630_1.59dc710f33f31749e3992f1698cfd0ce.jpeg,champion,Jacket,winter,no,yes,Color,Blue,Material,Cotton
"Champion Men's Powerblend Fleece Pullover Hoodie, up to Size 4XL",Cotton/polyester blend helps reduce pilling and shrinkage.,#cotton,113244,5,enable,1230,300,50,10,https://i5.walmartimages.com/asr/caad199b-81a7-4323-a25a-4fa64691e630_1.59dc710f33f31749e3992f1698cfd0ce.jpeg,champion,Jacket,winter,no,yes,Color,Blue,Material,Cotton
"Champion Men's Powerblend Fleece Pullover Hoodie, up to Size 4XL",Cotton/polyester blend helps reduce pilling and shrinkage.,#cotton,113245,5,enable,1230,300,50,10,https://i5.walmartimages.com/asr/caad199b-81a7-4323-a25a-4fa64691e630_1.59dc710f33f31749e3992f1698cfd0ce.jpeg,champion,Jacket,winter,no,yes,Color,Blue,Material,Cotton
"Champion Men's Powerblend Fleece Pullover Hoodie, up to Size 4XL",Cotton/polyester blend helps reduce pilling and shrinkage.,#cotton,113246,5,enable,1230,300,50,10,https://i5.walmartimages.com/asr/caad199b-81a7-4323-a25a-4fa64691e630_1.59dc710f33f31749e3992f1698cfd0ce.jpeg,champion,Jacket,winter,no,yes,Color,Blue,Material,Cotton
"Champion Men's Powerblend Fleece Pullover Hoodie, up to Size 4XL",Cotton/polyester blend helps reduce pilling and shrinkage.,#cotton,113247,5,enable,1230,300,50,10,https://i5.walmartimages.com/asr/caad199b-81a7-4323-a25a-4fa64691e630_1.59dc710f33f31749e3992f1698cfd0ce.jpeg,champion,Jacket,winter,no,yes,Color,Blue,Material,Cotton
"Champion Men's Powerblend Fleece Pullover Hoodie, up to Size 4XL",Cotton/polyester blend helps reduce pilling and shrinkage.,#cotton,113248,5,enable,1230,300,50,10,https://i5.walmartimages.com/asr/caad199b-81a7-4323-a25a-4fa64691e630_1.59dc710f33f31749e3992f1698cfd0ce.jpeg,champion,Jacket,winter,no,yes,Color,Blue,Material,Cotton
"Champion Men's Powerblend Fleece Pullover Hoodie, up to Size 4XL",Cotton/polyester blend helps reduce pilling and shrinkage.,#cotton,113249,5,enable,1230,300,50,10,https://i5.walmartimages.com/asr/caad199b-81a7-4323-a25a-4fa64691e630_1.59dc710f33f31749e3992f1698cfd0ce.jpeg,champion,Jacket,winter,no,yes,Color,Blue,Material,Cotton
"Champion Men's Powerblend Fleece Pullover Hoodie, up to Size 4XL",Cotton/polyester blend helps reduce pilling and shrinkage.,#cotton,113250,5,enable,1230,300,50,10,https://i5.walmartimages.com/asr/caad199b-81a7-4323-a25a-4fa64691e630_1.59dc710f33f31749e3992f1698cfd0ce.jpeg,champion,Jacket,winter,no,yes,Color,Blue,Material,Cotton
"Champion Men's Powerblend Fleece Pullover Hoodie, up to Size 4XL",Cotton/polyester blend helps reduce pilling and shrinkage.,#cotton,113251,5,enable,1230,300,50,10,https://i5.walmartimages.com/asr/caad199b-81a7-4323-a25a-4fa64691e630_1.59dc710f33f31749e3992f1698cfd0ce.jpeg,champion,Jacket,winter,no,yes,Color,Blue,Material,Cotton
"Champion Men's Powerblend Fleece Pullover Hoodie, up to Size 4XL",Cotton/polyester blend helps reduce pilling and shrinkage.,#cotton,113252,5,enable,1230,300,50,10,https://i5.walmartimages.com/asr/caad199b-81a7-4323-a25a-4fa64691e630_1.59dc710f33f31749e3992f1698cfd0ce.jpeg,champion,Jacket,winter,no,yes,Color,Blue,Material,Cotton
"Champion Men's Powerblend Fleece Pullover Hoodie, up to Size 4XL",Cotton/polyester blend helps reduce pilling and shrinkage.,#cotton,113253,5,enable,1230,300,50,10,https://i5.walmartimages.com/asr/caad199b-81a7-4323-a25a-4fa64691e630_1.59dc710f33f31749e3992f1698cfd0ce.jpeg,champion,Jacket,winter,no,yes,Color,Blue,Material,Cotton
"Champion Men's Powerblend Fleece Pullover Hoodie, up to Size 4XL",Cotton/polyester blend helps reduce pilling and shrinkage.,#cotton,113254,5,enable,1230,300,50,10,https://i5.walmartimages.com/asr/caad199b-81a7-4323-a25a-4fa64691e630_1.59dc710f33f31749e3992f1698cfd0ce.jpeg,champion,Jacket,winter,no,yes,Color,Blue,Material,Cotton
"Champion Men's Powerblend Fleece Pullover Hoodie, up to Size 4XL",Cotton/polyester blend helps reduce pilling and shrinkage.,#cotton,113255,5,enable,1230,300,50,10,https://i5.walmartimages.com/asr/caad199b-81a7-4323-a25a-4fa64691e630_1.59dc710f33f31749e3992f1698cfd0ce.jpeg,champion,Jacket,winter,no,yes,Color,Blue,Material,Cotton
"Champion Men's Powerblend Fleece Pullover Hoodie, up to Size 4XL",Cotton/polyester blend helps reduce pilling and shrinkage.,#cotton,113256,5,enable,1230,300,50,10,https://i5.walmartimages.com/asr/caad199b-81a7-4323-a25a-4fa64691e630_1.59dc710f33f31749e3992f1698cfd0ce.jpeg,champion,Jacket,winter,no,yes,Color,Blue,Material,Cotton
"Champion Men's Powerblend Fleece Pullover Hoodie, up to Size 4XL",Cotton/polyester blend helps reduce pilling and shrinkage.,#cotton,113257,5,enable,1230,300,50,10,https://i5.walmartimages.com/asr/caad199b-81a7-4323-a25a-4fa64691e630_1.59dc710f33f31749e3992f1698cfd0ce.jpeg,champion,Jacket,winter,no,yes,Color,Blue,Material,Cotton
"Champion Men's Powerblend Fleece Pullover Hoodie, up to Size 4XL",Cotton/polyester blend helps reduce pilling and shrinkage.,#cotton,113258,5,enable,1230,300,50,10,https://i5.walmartimages.com/asr/caad199b-81a7-4323-a25a-4fa64691e630_1.59dc710f33f31749e3992f1698cfd0ce.jpeg,champion,Jacket,winter,no,yes,Color,Blue,Material,Cotton
"Champion Men's Powerblend Fleece Pullover Hoodie, up to Size 4XL",Cotton/polyester blend helps reduce pilling and shrinkage.,#cotton,113259,5,enable,1230,300,50,10,https://i5.walmartimages.com/asr/caad199b-81a7-4323-a25a-4fa64691e630_1.59dc710f33f31749e3992f1698cfd0ce.jpeg,champion,Jacket,winter,no,yes,Color,Blue,Material,Cotton
"Champion Men's Powerblend Fleece Pullover Hoodie, up to Size 4XL",Cotton/polyester blend helps reduce pilling and shrinkage.,#cotton,113260,5,enable,1230,300,50,10,https://i5.walmartimages.com/asr/caad199b-81a7-4323-a25a-4fa64691e630_1.59dc710f33f31749e3992f1698cfd0ce.jpeg,champion,Jacket,winter,no,yes,Color,Blue,Material,Cotton
"Champion Men's Powerblend Fleece Pullover Hoodie, up to Size 4XL",Cotton/polyester blend helps reduce pilling and shrinkage.,#cotton,113261,5,enable,1230,300,50,10,https://i5.walmartimages.com/asr/caad199b-81a7-4323-a25a-4fa64691e630_1.59dc710f33f31749e3992f1698cfd0ce.jpeg,champion,Jacket,winter,no,yes,Color,Blue,Material,Cotton
"Champion Men's Powerblend Fleece Pullover Hoodie, up to Size 4XL",Cotton/polyester blend helps reduce pilling and shrinkage.,#cotton,113262,5,enable,1230,300,50,10,https://i5.walmartimages.com/asr/caad199b-81a7-4323-a25a-4fa64691e630_1.59dc710f33f31749e3992f1698cfd0ce.jpeg,champion,Jacket,winter,no,yes,Color,Blue,Material,Cotton
"Champion Men's Powerblend Fleece Pullover Hoodie, up to Size 4XL",Cotton/polyester blend helps reduce pilling and shrinkage.,#cotton,113263,5,enable,1230,300,50,10,https://i5.walmartimages.com/asr/caad199b-81a7-4323-a25a-4fa64691e630_1.59dc710f33f31749e3992f1698cfd0ce.jpeg,champion,Jacket,winter,no,yes,Color,Blue,Material,Cotton
"Champion Men's Powerblend Fleece Pullover Hoodie, up to Size 4XL",Cotton/polyester blend helps reduce pilling and shrinkage.,#cotton,113264,5,enable,1230,300,50,10,https://i5.walmartimages.com/asr/caad199b-81a7-4323-a25a-4fa64691e630_1.59dc710f33f31749e3992f1698cfd0ce.jpeg,champion,Jacket,winter,no,yes,Color,Blue,Material,Cotton
"Champion Men's Powerblend Fleece Pullover Hoodie, up to Size 4XL",Cotton/polyester blend helps reduce pilling and shrinkage.,#cotton,113265,5,enable,1230,300,50,10,https://i5.walmartimages.com/asr/caad199b-81a7-4323-a25a-4fa64691e630_1.59dc710f33f31749e3992f1698cfd0ce.jpeg,champion,Jacket,winter,no,yes,Color,Blue,Material,Cotton
"Champion Men's Powerblend Fleece Pullover Hoodie, up to Size 4XL",Cotton/polyester blend helps reduce pilling and shrinkage.,#cotton,113266,5,enable,1230,300,50,10,https://i5.walmartimages.com/asr/caad199b-81a7-4323-a25a-4fa64691e630_1.59dc710f33f31749e3992f1698cfd0ce.jpeg,champion,Jacket,winter,no,yes,Color,Blue,Material,Cotton
"Champion Men's Powerblend Fleece Pullover Hoodie, up to Size 4XL",Cotton/polyester blend helps reduce pilling and shrinkage.,#cotton,113267,5,enable,1230,300,50,10,https://i5.walmartimages.com/asr/caad199b-81a7-4323-a25a-4fa64691e630_1.59dc710f33f31749e3992f1698cfd0ce.jpeg,champion,Jacket,winter,no,yes,Color,Blue,Material,Cotton
"Champion Men's Powerblend Fleece Pullover Hoodie, up to Size 4XL",Cotton/polyester blend helps reduce pilling and shrinkage.,#cotton,113268,5,enable,1230,300,50,10,https://i5.walmartimages.com/asr/caad199b-81a7-4323-a25a-4fa64691e630_1.59dc710f33f31749e3992f1698cfd0ce.jpeg,champion,Jacket,winter,no,yes,Color,Blue,Material,Cotton
"Champion Men's Powerblend Fleece Pullover Hoodie, up to Size 4XL",Cotton/polyester blend helps reduce pilling and shrinkage.,#cotton,113269,5,enable,1230,300,50,10,https://i5.walmartimages.com/asr/caad199b-81a7-4323-a25a-4fa64691e630_1.59dc710f33f31749e3992f1698cfd0ce.jpeg,champion,Jacket,winter,no,yes,Color,Blue,Material,Cotton
"Champion Men's Powerblend Fleece Pullover Hoodie, up to Size 4XL",Cotton/polyester blend helps reduce pilling and shrinkage.,#cotton,113270,5,enable,1230,300,50,10,https://i5.walmartimages.com/asr/caad199b-81a7-4323-a25a-4fa64691e630_1.59dc710f33f31749e3992f1698cfd0ce.jpeg,champion,Jacket,winter,no,yes,Color,Blue,Material,Cotton
"Champion Men's Powerblend Fleece Pullover Hoodie, up to Size 4XL",Cotton/polyester blend helps reduce pilling and shrinkage.,#cotton,113271,5,enable,1230,300,50,10,https://i5.walmartimages.com/asr/caad199b-81a7-4323-a25a-4fa64691e630_1.59dc710f33f31749e3992f1698cfd0ce.jpeg,champion,Jacket,winter,no,yes,Color,Blue,Material,Cotton
"Champion Men's Powerblend Fleece Pullover Hoodie, up to Size 4XL",Cotton/polyester blend helps reduce pilling and shrinkage.,#cotton,113272,5,enable,1230,300,50,10,https://i5.walmartimages.com/asr/caad199b-81a7-4323-a25a-4fa64691e630_1.59dc710f33f31749e3992f1698cfd0ce.jpeg,champion,Jacket,winter,no,yes,Color,Blue,Material,Cotton
"Champion Men's Powerblend Fleece Pullover Hoodie, up to Size 4XL",Cotton/polyester blend helps reduce pilling and shrinkage.,#cotton,113273,5,enable,1230,300,50,10,https://i5.walmartimages.com/asr/caad199b-81a7-4323-a25a-4fa64691e630_1.59dc710f33f31749e3992f1698cfd0ce.jpeg,champion,Jacket,winter,no,yes,Color,Blue,Material,Cotton
"Champion Men's Powerblend Fleece Pullover Hoodie, up to Size 4XL",Cotton/polyester blend helps reduce pilling and shrinkage.,#cotton,113274,5,enable,1230,300,50,10,https://i5.walmartimages.com/asr/caad199b-81a7-4323-a25a-4fa64691e630_1.59dc710f33f31749e3992f1698cfd0ce.jpeg,champion,Jacket,winter,no,yes,Color,Blue,Material,Cotton
"Champion Men's Powerblend Fleece Pullover Hoodie, up to Size 4XL",Cotton/polyester blend helps reduce pilling and shrinkage.,#cotton,113275,5,enable,1230,300,50,10,https://i5.walmartimages.com/asr/caad199b-81a7-4323-a25a-4fa64691e630_1.59dc710f33f31749e3992f1698cfd0ce.jpeg,champion,Jacket,winter,no,yes,Color,Blue,Material,Cotton
"Champion Men's Powerblend Fleece Pullover Hoodie, up to Size 4XL",Cotton/polyester blend helps reduce pilling and shrinkage.,#cotton,113276,5,enable,1230,300,50,10,https://i5.walmartimages.com/asr/caad199b-81a7-4323-a25a-4fa64691e630_1.59dc710f33f31749e3992f1698cfd0ce.jpeg,champion,Jacket,winter,no,yes,Color,Blue,Material,Cotton
"Champion Men's Powerblend Fleece Pullover Hoodie, up to Size 4XL",Cotton/polyester blend helps reduce pilling and shrinkage.,#cotton,113277,5,enable,1230,300,50,10,https://i5.walmartimages.com/asr/caad199b-81a7-4323-a25a-4fa64691e630_1.59dc710f33f31749e3992f1698cfd0ce.jpeg,champion,Jacket,winter,no,yes,Color,Blue,Material,Cotton
"Champion Men's Powerblend Fleece Pullover Hoodie, up to Size 4XL",Cotton/polyester blend helps reduce pilling and shrinkage.,#cotton,113278,5,enable,1230,300,50,10,https://i5.walmartimages.com/asr/caad199b-81a7-4323-a25a-4fa64691e630_1.59dc710f33f31749e3992f1698cfd0ce.jpeg,champion,Jacket,winter,no,yes,Color,Blue,Material,Cotton
"Champion Men's Powerblend Fleece Pullover Hoodie, up to Size 4XL",Cotton/polyester blend helps reduce pilling and shrinkage.,#cotton,113279,5,enable,1230,300,50,10,https://i5.walmartimages.com/asr/caad199b-81a7-4323-a25a-4fa64691e630_1.59dc710f33f31749e3992f1698cfd0ce.jpeg,champion,Jacket,winter,no,yes,Color,Blue,Material,Cotton
"Champion Men's Powerblend Fleece Pullover Hoodie, up to Size 4XL",Cotton/polyester blend helps reduce pilling and shrinkage.,#cotton,113280,5,enable,1230,300,50,10,https://i5.walmartimages.com/asr/caad199b-81a7-4323-a25a-4fa64691e630_1.59dc710f33f31749e3992f1698cfd0ce.jpeg,champion,Jacket,winter,no,yes,Color,Blue,Material,Cotton
"Champion Men's Powerblend Fleece Pullover Hoodie, up to Size 4XL",Cotton/polyester blend helps reduce pilling and shrinkage.,#cotton,113281,5,enable,1230,300,50,10,https://i5.walmartimages.com/asr/caad199b-81a7-4323-a25a-4fa64691e630_1.59dc710f33f31749e3992f1698cfd0ce.jpeg,champion,Jacket,winter,no,yes,Color,Blue,Material,Cotton
"Champion Men's Powerblend Fleece Pullover Hoodie, up to Size 4XL",Cotton/polyester blend helps reduce pilling and shrinkage.,#cotton,113282,5,enable,1230,300,50,10,https://i5.walmartimages.com/asr/caad199b-81a7-4323-a25a-4fa64691e630_1.59dc710f33f31749e3992f1698cfd0ce.jpeg,champion,Jacket,winter,no,yes,Color,Blue,Material,Cotton
"Champion Men's Powerblend Fleece Pullover Hoodie, up to Size 4XL",Cotton/polyester blend helps reduce pilling and shrinkage.,#cotton,113283,5,enable,1230,300,50,10,https://i5.walmartimages.com/asr/caad199b-81a7-4323-a25a-4fa64691e630_1.59dc710f33f31749e3992f1698cfd0ce.jpeg,champion,Jacket,winter,no,yes,Color,Blue,Material,Cotton
"Champion Men's Powerblend Fleece Pullover Hoodie, up to Size 4XL",Cotton/polyester blend helps reduce pilling and shrinkage.,#cotton,113284,5,enable,1230,300,50,10,https://i5.walmartimages.com/asr/caad199b-81a7-4323-a25a-4fa64691e630_1.59dc710f33f31749e3992f1698cfd0ce.jpeg,champion,Jacket,winter,no,yes,Color,Blue,Material,Cotton
"Champion Men's Powerblend Fleece Pullover Hoodie, up to Size 4XL",Cotton/polyester blend helps reduce pilling and shrinkage.,#cotton,113285,5,enable,1230,300,50,10,https://i5.walmartimages.com/asr/caad199b-81a7-4323-a25a-4fa64691e630_1.59dc710f33f31749e3992f1698cfd0ce.jpeg,champion,Jacket,winter,no,yes,Color,Blue,Material,Cotton
"Champion Men's Powerblend Fleece Pullover Hoodie, up to Size 4XL",Cotton/polyester blend helps reduce pilling and shrinkage.,#cotton,113286,5,enable,1230,300,50,10,https://i5.walmartimages.com/asr/caad199b-81a7-4323-a25a-4fa64691e630_1.59dc710f33f31749e3992f1698cfd0ce.jpeg,champion,Jacket,winter,no,yes,Color,Blue,Material,Cotton
"Champion Men's Powerblend Fleece Pullover Hoodie, up to Size 4XL",Cotton/polyester blend helps reduce pilling and shrinkage.,#cotton,113287,5,enable,1230,300,50,10,https://i5.walmartimages.com/asr/caad199b-81a7-4323-a25a-4fa64691e630_1.59dc710f33f31749e3992f1698cfd0ce.jpeg,champion,Jacket,winter,no,yes,Color,Blue,Material,Cotton
"Champion Men's Powerblend Fleece Pullover Hoodie, up to Size 4XL",Cotton/polyester blend helps reduce pilling and shrinkage.,#cotton,113288,5,enable,1230,300,50,10,https://i5.walmartimages.com/asr/caad199b-81a7-4323-a25a-4fa64691e630_1.59dc710f33f31749e3992f1698cfd0ce.jpeg,champion,Jacket,winter,no,yes,Color,Blue,Material,Cotton
"Champion Men's Powerblend Fleece Pullover Hoodie, up to Size 4XL",Cotton/polyester blend helps reduce pilling and shrinkage.,#cotton,113289,5,enable,1230,300,50,10,https://i5.walmartimages.com/asr/caad199b-81a7-4323-a25a-4fa64691e630_1.59dc710f33f31749e3992f1698cfd0ce.jpeg,champion,Jacket,winter,no,yes,Color,Blue,Material,Cotton
"Champion Men's Powerblend Fleece Pullover Hoodie, up to Size 4XL",Cotton/polyester blend helps reduce pilling and shrinkage.,#cotton,113290,5,enable,1230,300,50,10,https://i5.walmartimages.com/asr/caad199b-81a7-4323-a25a-4fa64691e630_1.59dc710f33f31749e3992f1698cfd0ce.jpeg,champion,Jacket,winter,no,yes,Color,Blue,Material,Cotton
"Champion Men's Powerblend Fleece Pullover Hoodie, up to Size 4XL",Cotton/polyester blend helps reduce pilling and shrinkage.,#cotton,113291,5,enable,1230,300,50,10,https://i5.walmartimages.com/asr/caad199b-81a7-4323-a25a-4fa64691e630_1.59dc710f33f31749e3992f1698cfd0ce.jpeg,champion,Jacket,winter,no,yes,Color,Blue,Material,Cotton
"Champion Men's Powerblend Fleece Pullover Hoodie, up to Size 4XL",Cotton/polyester blend helps reduce pilling and shrinkage.,#cotton,113292,5,enable,1230,300,50,10,https://i5.walmartimages.com/asr/caad199b-81a7-4323-a25a-4fa64691e630_1.59dc710f33f31749e3992f1698cfd0ce.jpeg,champion,Jacket,winter,no,yes,Color,Blue,Material,Cotton
"Champion Men's Powerblend Fleece Pullover Hoodie, up to Size 4XL",Cotton/polyester blend helps reduce pilling and shrinkage.,#cotton,113293,5,enable,1230,300,50,10,https://i5.walmartimages.com/asr/caad199b-81a7-4323-a25a-4fa64691e630_1.59dc710f33f31749e3992f1698cfd0ce.jpeg,champion,Jacket,winter,no,yes,Color,Blue,Material,Cotton
"Champion Men's Powerblend Fleece Pullover Hoodie, up to Size 4XL",Cotton/polyester blend helps reduce pilling and shrinkage.,#cotton,113294,5,enable,1230,300,50,10,https://i5.walmartimages.com/asr/caad199b-81a7-4323-a25a-4fa64691e630_1.59dc710f33f31749e3992f1698cfd0ce.jpeg,champion,Jacket,winter,no,yes,Color,Blue,Material,Cotton
"Champion Men's Powerblend Fleece Pullover Hoodie, up to Size 4XL",Cotton/polyester blend helps reduce pilling and shrinkage.,#cotton,113295,5,enable,1230,300,50,10,https://i5.walmartimages.com/asr/caad199b-81a7-4323-a25a-4fa64691e630_1.59dc710f33f31749e3992f1698cfd0ce.jpeg,champion,Jacket,winter,no,yes,Color,Blue,Material,Cotton
"Champion Men's Powerblend Fleece Pullover Hoodie, up to Size 4XL",Cotton/polyester blend helps reduce pilling and shrinkage.,#cotton,113296,5,enable,1230,300,50,10,https://i5.walmartimages.com/asr/caad199b-81a7-4323-a25a-4fa64691e630_1.59dc710f33f31749e3992f1698cfd0ce.jpeg,champion,Jacket,winter,no,yes,Color,Blue,Material,Cotton
"Champion Men's Powerblend Fleece Pullover Hoodie, up to Size 4XL",Cotton/polyester blend helps reduce pilling and shrinkage.,#cotton,113297,5,enable,1230,300,50,10,https://i5.walmartimages.com/asr/caad199b-81a7-4323-a25a-4fa64691e630_1.59dc710f33f31749e3992f1698cfd0ce.jpeg,champion,Jacket,winter,no,yes,Color,Blue,Material,Cotton
"Champion Men's Powerblend Fleece Pullover Hoodie, up to Size 4XL",Cotton/polyester blend helps reduce pilling and shrinkage.,#cotton,113298,5,enable,1230,300,50,10,https://i5.walmartimages.com/asr/caad199b-81a7-4323-a25a-4fa64691e630_1.59dc710f33f31749e3992f1698cfd0ce.jpeg,champion,Jacket,winter,no,yes,Color,Blue,Material,Cotton
"Champion Men's Powerblend Fleece Pullover Hoodie, up to Size 4XL",Cotton/polyester blend helps reduce pilling and shrinkage.,#cotton,113299,5,enable,1230,300,50,10,https://i5.walmartimages.com/asr/caad199b-81a7-4323-a25a-4fa64691e630_1.59dc710f33f31749e3992f1698cfd0ce.jpeg,champion,Jacket,winter,no,yes,Color,Blue,Material,Cotton
"Champion Men's Powerblend Fleece Pullover Hoodie, up to Size 4XL",Cotton/polyester blend helps reduce pilling and shrinkage.,#cotton,113300,5,enable,1230,300,50,10,https://i5.walmartimages.com/asr/caad199b-81a7-4323-a25a-4fa64691e630_1.59dc710f33f31749e3992f1698cfd0ce.jpeg,champion,Jacket,winter,no,yes,Color,Blue,Material,Cotton
"Champion Men's Powerblend Fleece Pullover Hoodie, up to Size 4XL",Cotton/polyester blend helps reduce pilling and shrinkage.,#cotton,113301,5,enable,1230,300,50,10,https://i5.walmartimages.com/asr/caad199b-81a7-4323-a25a-4fa64691e630_1.59dc710f33f31749e3992f1698cfd0ce.jpeg,champion,Jacket,winter,no,yes,Color,Blue,Material,Cotton
"Champion Men's Powerblend Fleece Pullover Hoodie, up to Size 4XL",Cotton/polyester blend helps reduce pilling and shrinkage.,#cotton,113302,5,enable,1230,300,50,10,https://i5.walmartimages.com/asr/caad199b-81a7-4323-a25a-4fa64691e630_1.59dc710f33f31749e3992f1698cfd0ce.jpeg,champion,Jacket,winter,no,yes,Color,Blue,Material,Cotton
"Champion Men's Powerblend Fleece Pullover Hoodie, up to Size 4XL",Cotton/polyester blend helps reduce pilling and shrinkage.,#cotton,113303,5,enable,1230,300,50,10,https://i5.walmartimages.com/asr/caad199b-81a7-4323-a25a-4fa64691e630_1.59dc710f33f31749e3992f1698cfd0ce.jpeg,champion,Jacket,winter,no,yes,Color,Blue,Material,Cotton
"Champion Men's Powerblend Fleece Pullover Hoodie, up to Size 4XL",Cotton/polyester blend helps reduce pilling and shrinkage.,#cotton,113304,5,enable,1230,300,50,10,https://i5.walmartimages.com/asr/caad199b-81a7-4323-a25a-4fa64691e630_1.59dc710f33f31749e3992f1698cfd0ce.jpeg,champion,Jacket,winter,no,yes,Color,Blue,Material,Cotton
"Champion Men's Powerblend Fleece Pullover Hoodie, up to Size 4XL",Cotton/polyester blend helps reduce pilling and shrinkage.,#cotton,113305,5,enable,1230,300,50,10,https://i5.walmartimages.com/asr/caad199b-81a7-4323-a25a-4fa64691e630_1.59dc710f33f31749e3992f1698cfd0ce.jpeg,champion,Jacket,winter,no,yes,Color,Blue,Material,Cotton
"Champion Men's Powerblend Fleece Pullover Hoodie, up to Size 4XL",Cotton/polyester blend helps reduce pilling and shrinkage.,#cotton,113306,5,enable,1230,300,50,10,https://i5.walmartimages.com/asr/caad199b-81a7-4323-a25a-4fa64691e630_1.59dc710f33f31749e3992f1698cfd0ce.jpeg,champion,Jacket,winter,no,yes,Color,Blue,Material,Cotton
"Champion Men's Powerblend Fleece Pullover Hoodie, up to Size 4XL",Cotton/polyester blend helps reduce pilling and shrinkage.,#cotton,113307,5,enable,1230,300,50,10,https://i5.walmartimages.com/asr/caad199b-81a7-4323-a25a-4fa64691e630_1.59dc710f33f31749e3992f1698cfd0ce.jpeg,champion,Jacket,winter,no,yes,Color,Blue,Material,Cotton
"Champion Men's Powerblend Fleece Pullover Hoodie, up to Size 4XL",Cotton/polyester blend helps reduce pilling and shrinkage.,#cotton,113308,5,enable,1230,300,50,10,https://i5.walmartimages.com/asr/caad199b-81a7-4323-a25a-4fa64691e630_1.59dc710f33f31749e3992f1698cfd0ce.jpeg,champion,Jacket,winter,no,yes,Color,Blue,Material,Cotton
"Champion Men's Powerblend Fleece Pullover Hoodie, up to Size 4XL",Cotton/polyester blend helps reduce pilling and shrinkage.,#cotton,113309,5,enable,1230,300,50,10,https://i5.walmartimages.com/asr/caad199b-81a7-4323-a25a-4fa64691e630_1.59dc710f33f31749e3992f1698cfd0ce.jpeg,champion,Jacket,winter,no,yes,Color,Blue,Material,Cotton
"Champion Men's Powerblend Fleece Pullover Hoodie, up to Size 4XL",Cotton/polyester blend helps reduce pilling and shrinkage.,#cotton,113310,5,enable,1230,300,50,10,https://i5.walmartimages.com/asr/caad199b-81a7-4323-a25a-4fa64691e630_1.59dc710f33f31749e3992f1698cfd0ce.jpeg,champion,Jacket,winter,no,yes,Color,Blue,Material,Cotton
"Champion Men's Powerblend Fleece Pullover Hoodie, up to Size 4XL",Cotton/polyester blend helps reduce pilling and shrinkage.,#cotton,113311,5,enable,1230,300,50,10,https://i5.walmartimages.com/asr/caad199b-81a7-4323-a25a-4fa64691e630_1.59dc710f33f31749e3992f1698cfd0ce.jpeg,champion,Jacket,winter,no,yes,Color,Blue,Material,Cotton
"Champion Men's Powerblend Fleece Pullover Hoodie, up to Size 4XL",Cotton/polyester blend helps reduce pilling and shrinkage.,#cotton,113312,5,enable,1230,300,50,10,https://i5.walmartimages.com/asr/caad199b-81a7-4323-a25a-4fa64691e630_1.59dc710f33f31749e3992f1698cfd0ce.jpeg,champion,Jacket,winter,no,yes,Color,Blue,Material,Cotton
"Champion Men's Powerblend Fleece Pullover Hoodie, up to Size 4XL",Cotton/polyester blend helps reduce pilling and shrinkage.,#cotton,113313,5,enable,1230,300,50,10,https://i5.walmartimages.com/asr/caad199b-81a7-4323-a25a-4fa64691e630_1.59dc710f33f31749e3992f1698cfd0ce.jpeg,champion,Jacket,winter,no,yes,Color,Blue,Material,Cotton
"Champion Men's Powerblend Fleece Pullover Hoodie, up to Size 4XL",Cotton/polyester blend helps reduce pilling and shrinkage.,#cotton,113314,5,enable,1230,300,50,10,https://i5.walmartimages.com/asr/caad199b-81a7-4323-a25a-4fa64691e630_1.59dc710f33f31749e3992f1698cfd0ce.jpeg,champion,Jacket,winter,no,yes,Color,Blue,Material,Cotton
"Champion Men's Powerblend Fleece Pullover Hoodie, up to Size 4XL",Cotton/polyester blend helps reduce pilling and shrinkage.,#cotton,113315,5,enable,1230,300,50,10,https://i5.walmartimages.com/asr/caad199b-81a7-4323-a25a-4fa64691e630_1.59dc710f33f31749e3992f1698cfd0ce.jpeg,champion,Jacket,winter,no,yes,Color,Blue,Material,Cotton
"Champion Men's Powerblend Fleece Pullover Hoodie, up to Size 4XL",Cotton/polyester blend helps reduce pilling and shrinkage.,#cotton,113316,5,enable,1230,300,50,10,https://i5.walmartimages.com/asr/caad199b-81a7-4323-a25a-4fa64691e630_1.59dc710f33f31749e3992f1698cfd0ce.jpeg,champion,Jacket,winter,no,yes,Color,Blue,Material,Cotton
"Champion Men's Powerblend Fleece Pullover Hoodie, up to Size 4XL",Cotton/polyester blend helps reduce pilling and shrinkage.,#cotton,113317,5,enable,1230,300,50,10,https://i5.walmartimages.com/asr/caad199b-81a7-4323-a25a-4fa64691e630_1.59dc710f33f31749e3992f1698cfd0ce.jpeg,champion,Jacket,winter,no,yes,Color,Blue,Material,Cotton
"Champion Men's Powerblend Fleece Pullover Hoodie, up to Size 4XL",Cotton/polyester blend helps reduce pilling and shrinkage.,#cotton,113318,5,enable,1230,300,50,10,https://i5.walmartimages.com/asr/caad199b-81a7-4323-a25a-4fa64691e630_1.59dc710f33f31749e3992f1698cfd0ce.jpeg,champion,Jacket,winter,no,yes,Color,Blue,Material,Cotton
"Champion Men's Powerblend Fleece Pullover Hoodie, up to Size 4XL",Cotton/polyester blend helps reduce pilling and shrinkage.,#cotton,113319,5,enable,1230,300,50,10,https://i5.walmartimages.com/asr/caad199b-81a7-4323-a25a-4fa64691e630_1.59dc710f33f31749e3992f1698cfd0ce.jpeg,champion,Jacket,winter,no,yes,Color,Blue,Material,Cotton
"Champion Men's Powerblend Fleece Pullover Hoodie, up to Size 4XL",Cotton/polyester blend helps reduce pilling and shrinkage.,#cotton,113320,5,enable,1230,300,50,10,https://i5.walmartimages.com/asr/caad199b-81a7-4323-a25a-4fa64691e630_1.59dc710f33f31749e3992f1698cfd0ce.jpeg,champion,Jacket,winter,no,yes,Color,Blue,Material,Cotton
"Champion Men's Powerblend Fleece Pullover Hoodie, up to Size 4XL",Cotton/polyester blend helps reduce pilling and shrinkage.,#cotton,113321,5,enable,1230,300,50,10,https://i5.walmartimages.com/asr/caad199b-81a7-4323-a25a-4fa64691e630_1.59dc710f33f31749e3992f1698cfd0ce.jpeg,champion,Jacket,winter,no,yes,Color,Blue,Material,Cotton
"Champion Men's Powerblend Fleece Pullover Hoodie, up to Size 4XL",Cotton/polyester blend helps reduce pilling and shrinkage.,#cotton,113322,5,enable,1230,300,50,10,https://i5.walmartimages.com/asr/caad199b-81a7-4323-a25a-4fa64691e630_1.59dc710f33f31749e3992f1698cfd0ce.jpeg,champion,Jacket,winter,no,yes,Color,Blue,Material,Cotton
"Champion Men's Powerblend Fleece Pullover Hoodie, up to Size 4XL",Cotton/polyester blend helps reduce pilling and shrinkage.,#cotton,113323,5,enable,1230,300,50,10,https://i5.walmartimages.com/asr/caad199b-81a7-4323-a25a-4fa64691e630_1.59dc710f33f31749e3992f1698cfd0ce.jpeg,champion,Jacket,winter,no,yes,Color,Blue,Material,Cotton
"Champion Men's Powerblend Fleece Pullover Hoodie, up to Size 4XL",Cotton/polyester blend helps reduce pilling and shrinkage.,#cotton,113324,5,enable,1230,300,50,10,https://i5.walmartimages.com/asr/caad199b-81a7-4323-a25a-4fa64691e630_1.59dc710f33f31749e3992f1698cfd0ce.jpeg,champion,Jacket,winter,no,yes,Color,Blue,Material,Cotton
"Champion Men's Powerblend Fleece Pullover Hoodie, up to Size 4XL",Cotton/polyester blend helps reduce pilling and shrinkage.,#cotton,113325,5,enable,1230,300,50,10,https://i5.walmartimages.com/asr/caad199b-81a7-4323-a25a-4fa64691e630_1.59dc710f33f31749e3992f1698cfd0ce.jpeg,champion,Jacket,winter,no,yes,Color,Blue,Material,Cotton
"Champion Men's Powerblend Fleece Pullover Hoodie, up to Size 4XL",Cotton/polyester blend helps reduce pilling and shrinkage.,#cotton,113326,5,enable,1230,300,50,10,https://i5.walmartimages.com/asr/caad199b-81a7-4323-a25a-4fa64691e630_1.59dc710f33f31749e3992f1698cfd0ce.jpeg,champion,Jacket,winter,no,yes,Color,Blue,Material,Cotton
"Champion Men's Powerblend Fleece Pullover Hoodie, up to Size 4XL",Cotton/polyester blend helps reduce pilling and shrinkage.,#cotton,113327,5,enable,1230,300,50,10,https://i5.walmartimages.com/asr/caad199b-81a7-4323-a25a-4fa64691e630_1.59dc710f33f31749e3992f1698cfd0ce.jpeg,champion,Jacket,winter,no,yes,Color,Blue,Material,Cotton
"Champion Men's Powerblend Fleece Pullover Hoodie, up to Size 4XL",Cotton/polyester blend helps reduce pilling and shrinkage.,#cotton,113328,5,enable,1230,300,50,10,https://i5.walmartimages.com/asr/caad199b-81a7-4323-a25a-4fa64691e630_1.59dc710f33f31749e3992f1698cfd0ce.jpeg,champion,Jacket,winter,no,yes,Color,Blue,Material,Cotton
"Champion Men's Powerblend Fleece Pullover Hoodie, up to Size 4XL",Cotton/polyester blend helps reduce pilling and shrinkage.,#cotton,113329,5,enable,1230,300,50,10,https://i5.walmartimages.com/asr/caad199b-81a7-4323-a25a-4fa64691e630_1.59dc710f33f31749e3992f1698cfd0ce.jpeg,champion,Jacket,winter,no,yes,Color,Blue,Material,Cotton
"Champion Men's Powerblend Fleece Pullover Hoodie, up to Size 4XL",Cotton/polyester blend helps reduce pilling and shrinkage.,#cotton,113330,5,enable,1230,300,50,10,https://i5.walmartimages.com/asr/caad199b-81a7-4323-a25a-4fa64691e630_1.59dc710f33f31749e3992f1698cfd0ce.jpeg,champion,Jacket,winter,no,yes,Color,Blue,Material,Cotton
"Champion Men's Powerblend Fleece Pullover Hoodie, up to Size 4XL",Cotton/polyester blend helps reduce pilling and shrinkage.,#cotton,113331,5,enable,1230,300,50,10,https://i5.walmartimages.com/asr/caad199b-81a7-4323-a25a-4fa64691e630_1.59dc710f33f31749e3992f1698cfd0ce.jpeg,champion,Jacket,winter,no,yes,Color,Blue,Material,Cotton
"Champion Men's Powerblend Fleece Pullover Hoodie, up to Size 4XL",Cotton/polyester blend helps reduce pilling and shrinkage.,#cotton,113332,5,enable,1230,300,50,10,https://i5.walmartimages.com/asr/caad199b-81a7-4323-a25a-4fa64691e630_1.59dc710f33f31749e3992f1698cfd0ce.jpeg,champion,Jacket,winter,no,yes,Color,Blue,Material,Cotton
"Champion Men's Powerblend Fleece Pullover Hoodie, up to Size 4XL",Cotton/polyester blend helps reduce pilling and shrinkage.,#cotton,113333,5,enable,1230,300,50,10,https://i5.walmartimages.com/asr/caad199b-81a7-4323-a25a-4fa64691e630_1.59dc710f33f31749e3992f1698cfd0ce.jpeg,champion,Jacket,winter,no,yes,Color,Blue,Material,Cotton
"Champion Men's Powerblend Fleece Pullover Hoodie, up to Size 4XL",Cotton/polyester blend helps reduce pilling and shrinkage.,#cotton,113334,5,enable,1230,300,50,10,https://i5.walmartimages.com/asr/caad199b-81a7-4323-a25a-4fa64691e630_1.59dc710f33f31749e3992f1698cfd0ce.jpeg,champion,Jacket,winter,no,yes,Color,Blue,Material,Cotton
"Champion Men's Powerblend Fleece Pullover Hoodie, up to Size 4XL",Cotton/polyester blend helps reduce pilling and shrinkage.,#cotton,113335,5,enable,1230,300,50,10,https://i5.walmartimages.com/asr/caad199b-81a7-4323-a25a-4fa64691e630_1.59dc710f33f31749e3992f1698cfd0ce.jpeg,champion,Jacket,winter,no,yes,Color,Blue,Material,Cotton
"Champion Men's Powerblend Fleece Pullover Hoodie, up to Size 4XL",Cotton/polyester blend helps reduce pilling and shrinkage.,#cotton,113336,5,enable,1230,300,50,10,https://i5.walmartimages.com/asr/caad199b-81a7-4323-a25a-4fa64691e630_1.59dc710f33f31749e3992f1698cfd0ce.jpeg,champion,Jacket,winter,no,yes,Color,Blue,Material,Cotton
"Champion Men's Powerblend Fleece Pullover Hoodie, up to Size 4XL",Cotton/polyester blend helps reduce pilling and shrinkage.,#cotton,113337,5,enable,1230,300,50,10,https://i5.walmartimages.com/asr/caad199b-81a7-4323-a25a-4fa64691e630_1.59dc710f33f31749e3992f1698cfd0ce.jpeg,champion,Jacket,winter,no,yes,Color,Blue,Material,Cotton
"Champion Men's Powerblend Fleece Pullover Hoodie, up to Size 4XL",Cotton/polyester blend helps reduce pilling and shrinkage.,#cotton,113338,5,enable,1230,300,50,10,https://i5.walmartimages.com/asr/caad199b-81a7-4323-a25a-4fa64691e630_1.59dc710f33f31749e3992f1698cfd0ce.jpeg,champion,Jacket,winter,no,yes,Color,Blue,Material,Cotton
"Champion Men's Powerblend Fleece Pullover Hoodie, up to Size 4XL",Cotton/polyester blend helps reduce pilling and shrinkage.,#cotton,113339,5,enable,1230,300,50,10,https://i5.walmartimages.com/asr/caad199b-81a7-4323-a25a-4fa64691e630_1.59dc710f33f31749e3992f1698cfd0ce.jpeg,champion,Jacket,winter,no,yes,Color,Blue,Material,Cotton
"Champion Men's Powerblend Fleece Pullover Hoodie, up to Size 4XL",Cotton/polyester blend helps reduce pilling and shrinkage.,#cotton,113340,5,enable,1230,300,50,10,https://i5.walmartimages.com/asr/caad199b-81a7-4323-a25a-4fa64691e630_1.59dc710f33f31749e3992f1698cfd0ce.jpeg,champion,Jacket,winter,no,yes,Color,Blue,Material,Cotton
"Champion Men's Powerblend Fleece Pullover Hoodie, up to Size 4XL",Cotton/polyester blend helps reduce pilling and shrinkage.,#cotton,113341,5,enable,1230,300,50,10,https://i5.walmartimages.com/asr/caad199b-81a7-4323-a25a-4fa64691e630_1.59dc710f33f31749e3992f1698cfd0ce.jpeg,champion,Jacket,winter,no,yes,Color,Blue,Material,Cotton
"Champion Men's Powerblend Fleece Pullover Hoodie, up to Size 4XL",Cotton/polyester blend helps reduce pilling and shrinkage.,#cotton,113342,5,enable,1230,300,50,10,https://i5.walmartimages.com/asr/caad199b-81a7-4323-a25a-4fa64691e630_1.59dc710f33f31749e3992f1698cfd0ce.jpeg,champion,Jacket,winter,no,yes,Color,Blue,Material,Cotton
"Champion Men's Powerblend Fleece Pullover Hoodie, up to Size 4XL",Cotton/polyester blend helps reduce pilling and shrinkage.,#cotton,113343,5,enable,1230,300,50,10,https://i5.walmartimages.com/asr/caad199b-81a7-4323-a25a-4fa64691e630_1.59dc710f33f31749e3992f1698cfd0ce.jpeg,champion,Jacket,winter,no,yes,Color,Blue,Material,Cotton
"Champion Men's Powerblend Fleece Pullover Hoodie, up to Size 4XL",Cotton/polyester blend helps reduce pilling and shrinkage.,#cotton,113344,5,enable,1230,300,50,10,https://i5.walmartimages.com/asr/caad199b-81a7-4323-a25a-4fa64691e630_1.59dc710f33f31749e3992f1698cfd0ce.jpeg,champion,Jacket,winter,no,yes,Color,Blue,Material,Cotton
"Champion Men's Powerblend Fleece Pullover Hoodie, up to Size 4XL",Cotton/polyester blend helps reduce pilling and shrinkage.,#cotton,113345,5,enable,1230,300,50,10,https://i5.walmartimages.com/asr/caad199b-81a7-4323-a25a-4fa64691e630_1.59dc710f33f31749e3992f1698cfd0ce.jpeg,champion,Jacket,winter,no,yes,Color,Blue,Material,Cotton
"Champion Men's Powerblend Fleece Pullover Hoodie, up to Size 4XL",Cotton/polyester blend helps reduce pilling and shrinkage.,#cotton,113346,5,enable,1230,300,50,10,https://i5.walmartimages.com/asr/caad199b-81a7-4323-a25a-4fa64691e630_1.59dc710f33f31749e3992f1698cfd0ce.jpeg,champion,Jacket,winter,no,yes,Color,Blue,Material,Cotton
"Champion Men's Powerblend Fleece Pullover Hoodie, up to Size 4XL",Cotton/polyester blend helps reduce pilling and shrinkage.,#cotton,113347,5,enable,1230,300,50,10,https://i5.walmartimages.com/asr/caad199b-81a7-4323-a25a-4fa64691e630_1.59dc710f33f31749e3992f1698cfd0ce.jpeg,champion,Jacket,winter,no,yes,Color,Blue,Material,Cotton
"Champion Men's Powerblend Fleece Pullover Hoodie, up to Size 4XL",Cotton/polyester blend helps reduce pilling and shrinkage.,#cotton,113348,5,enable,1230,300,50,10,https://i5.walmartimages.com/asr/caad199b-81a7-4323-a25a-4fa64691e630_1.59dc710f33f31749e3992f1698cfd0ce.jpeg,champion,Jacket,winter,no,yes,Color,Blue,Material,Cotton
"Champion Men's Powerblend Fleece Pullover Hoodie, up to Size 4XL",Cotton/polyester blend helps reduce pilling and shrinkage.,#cotton,113349,5,enable,1230,300,50,10,https://i5.walmartimages.com/asr/caad199b-81a7-4323-a25a-4fa64691e630_1.59dc710f33f31749e3992f1698cfd0ce.jpeg,champion,Jacket,winter,no,yes,Color,Blue,Material,Cotton
"Champion Men's Powerblend Fleece Pullover Hoodie, up to Size 4XL",Cotton/polyester blend helps reduce pilling and shrinkage.,#cotton,113350,5,enable,1230,300,50,10,https://i5.walmartimages.com/asr/caad199b-81a7-4323-a25a-4fa64691e630_1.59dc710f33f31749e3992f1698cfd0ce.jpeg,champion,Jacket,winter,no,yes,Color,Blue,Material,Cotton
"Champion Men's Powerblend Fleece Pullover Hoodie, up to Size 4XL",Cotton/polyester blend helps reduce pilling and shrinkage.,#cotton,113351,5,enable,1230,300,50,10,https://i5.walmartimages.com/asr/caad199b-81a7-4323-a25a-4fa64691e630_1.59dc710f33f31749e3992f1698cfd0ce.jpeg,champion,Jacket,winter,no,yes,Color,Blue,Material,Cotton
"Champion Men's Powerblend Fleece Pullover Hoodie, up to Size 4XL",Cotton/polyester blend helps reduce pilling and shrinkage.,#cotton,113352,5,enable,1230,300,50,10,https://i5.walmartimages.com/asr/caad199b-81a7-4323-a25a-4fa64691e630_1.59dc710f33f31749e3992f1698cfd0ce.jpeg,champion,Jacket,winter,no,yes,Color,Blue,Material,Cotton
"Champion Men's Powerblend Fleece Pullover Hoodie, up to Size 4XL",Cotton/polyester blend helps reduce pilling and shrinkage.,#cotton,113353,5,enable,1230,300,50,10,https://i5.walmartimages.com/asr/caad199b-81a7-4323-a25a-4fa64691e630_1.59dc710f33f31749e3992f1698cfd0ce.jpeg,champion,Jacket,winter,no,yes,Color,Blue,Material,Cotton
"Champion Men's Powerblend Fleece Pullover Hoodie, up to Size 4XL",Cotton/polyester blend helps reduce pilling and shrinkage.,#cotton,113354,5,enable,1230,300,50,10,https://i5.walmartimages.com/asr/caad199b-81a7-4323-a25a-4fa64691e630_1.59dc710f33f31749e3992f1698cfd0ce.jpeg,champion,Jacket,winter,no,yes,Color,Blue,Material,Cotton
"Champion Men's Powerblend Fleece Pullover Hoodie, up to Size 4XL",Cotton/polyester blend helps reduce pilling and shrinkage.,#cotton,113355,5,enable,1230,300,50,10,https://i5.walmartimages.com/asr/caad199b-81a7-4323-a25a-4fa64691e630_1.59dc710f33f31749e3992f1698cfd0ce.jpeg,champion,Jacket,winter,no,yes,Color,Blue,Material,Cotton
"Champion Men's Powerblend Fleece Pullover Hoodie, up to Size 4XL",Cotton/polyester blend helps reduce pilling and shrinkage.,#cotton,113356,5,enable,1230,300,50,10,https://i5.walmartimages.com/asr/caad199b-81a7-4323-a25a-4fa64691e630_1.59dc710f33f31749e3992f1698cfd0ce.jpeg,champion,Jacket,winter,no,yes,Color,Blue,Material,Cotton
"Champion Men's Powerblend Fleece Pullover Hoodie, up to Size 4XL",Cotton/polyester blend helps reduce pilling and shrinkage.,#cotton,113357,5,enable,1230,300,50,10,https://i5.walmartimages.com/asr/caad199b-81a7-4323-a25a-4fa64691e630_1.59dc710f33f31749e3992f1698cfd0ce.jpeg,champion,Jacket,winter,no,yes,Color,Blue,Material,Cotton
"Champion Men's Powerblend Fleece Pullover Hoodie, up to Size 4XL",Cotton/polyester blend helps reduce pilling and shrinkage.,#cotton,113358,5,enable,1230,300,50,10,https://i5.walmartimages.com/asr/caad199b-81a7-4323-a25a-4fa64691e630_1.59dc710f33f31749e3992f1698cfd0ce.jpeg,champion,Jacket,winter,no,yes,Color,Blue,Material,Cotton
"Champion Men's Powerblend Fleece Pullover Hoodie, up to Size 4XL",Cotton/polyester blend helps reduce pilling and shrinkage.,#cotton,113359,5,enable,1230,300,50,10,https://i5.walmartimages.com/asr/caad199b-81a7-4323-a25a-4fa64691e630_1.59dc710f33f31749e3992f1698cfd0ce.jpeg,champion,Jacket,winter,no,yes,Color,Blue,Material,Cotton
"Champion Men's Powerblend Fleece Pullover Hoodie, up to Size 4XL",Cotton/polyester blend helps reduce pilling and shrinkage.,#cotton,113360,5,enable,1230,300,50,10,https://i5.walmartimages.com/asr/caad199b-81a7-4323-a25a-4fa64691e630_1.59dc710f33f31749e3992f1698cfd0ce.jpeg,champion,Jacket,winter,no,yes,Color,Blue,Material,Cotton
"Champion Men's Powerblend Fleece Pullover Hoodie, up to Size 4XL",Cotton/polyester blend helps reduce pilling and shrinkage.,#cotton,113361,5,enable,1230,300,50,10,https://i5.walmartimages.com/asr/caad199b-81a7-4323-a25a-4fa64691e630_1.59dc710f33f31749e3992f1698cfd0ce.jpeg,champion,Jacket,winter,no,yes,Color,Blue,Material,Cotton
"Champion Men's Powerblend Fleece Pullover Hoodie, up to Size 4XL",Cotton/polyester blend helps reduce pilling and shrinkage.,#cotton,113362,5,enable,1230,300,50,10,https://i5.walmartimages.com/asr/caad199b-81a7-4323-a25a-4fa64691e630_1.59dc710f33f31749e3992f1698cfd0ce.jpeg,champion,Jacket,winter,no,yes,Color,Blue,Material,Cotton
"Champion Men's Powerblend Fleece Pullover Hoodie, up to Size 4XL",Cotton/polyester blend helps reduce pilling and shrinkage.,#cotton,113363,5,enable,1230,300,50,10,https://i5.walmartimages.com/asr/caad199b-81a7-4323-a25a-4fa64691e630_1.59dc710f33f31749e3992f1698cfd0ce.jpeg,champion,Jacket,winter,no,yes,Color,Blue,Material,Cotton
"Champion Men's Powerblend Fleece Pullover Hoodie, up to Size 4XL",Cotton/polyester blend helps reduce pilling and shrinkage.,#cotton,113364,5,enable,1230,300,50,10,https://i5.walmartimages.com/asr/caad199b-81a7-4323-a25a-4fa64691e630_1.59dc710f33f31749e3992f1698cfd0ce.jpeg,champion,Jacket,winter,no,yes,Color,Blue,Material,Cotton
"Champion Men's Powerblend Fleece Pullover Hoodie, up to Size 4XL",Cotton/polyester blend helps reduce pilling and shrinkage.,#cotton,113365,5,enable,1230,300,50,10,https://i5.walmartimages.com/asr/caad199b-81a7-4323-a25a-4fa64691e630_1.59dc710f33f31749e3992f1698cfd0ce.jpeg,champion,Jacket,winter,no,yes,Color,Blue,Material,Cotton
"Champion Men's Powerblend Fleece Pullover Hoodie, up to Size 4XL",Cotton/polyester blend helps reduce pilling and shrinkage.,#cotton,113366,5,enable,1230,300,50,10,https://i5.walmartimages.com/asr/caad199b-81a7-4323-a25a-4fa64691e630_1.59dc710f33f31749e3992f1698cfd0ce.jpeg,champion,Jacket,winter,no,yes,Color,Blue,Material,Cotton
"Champion Men's Powerblend Fleece Pullover Hoodie, up to Size 4XL",Cotton/polyester blend helps reduce pilling and shrinkage.,#cotton,113367,5,enable,1230,300,50,10,https://i5.walmartimages.com/asr/caad199b-81a7-4323-a25a-4fa64691e630_1.59dc710f33f31749e3992f1698cfd0ce.jpeg,champion,Jacket,winter,no,yes,Color,Blue,Material,Cotton
"Champion Men's Powerblend Fleece Pullover Hoodie, up to Size 4XL",Cotton/polyester blend helps reduce pilling and shrinkage.,#cotton,113368,5,enable,1230,300,50,10,https://i5.walmartimages.com/asr/caad199b-81a7-4323-a25a-4fa64691e630_1.59dc710f33f31749e3992f1698cfd0ce.jpeg,champion,Jacket,winter,no,yes,Color,Blue,Material,Cotton
"Champion Men's Powerblend Fleece Pullover Hoodie, up to Size 4XL",Cotton/polyester blend helps reduce pilling and shrinkage.,#cotton,113369,5,enable,1230,300,50,10,https://i5.walmartimages.com/asr/caad199b-81a7-4323-a25a-4fa64691e630_1.59dc710f33f31749e3992f1698cfd0ce.jpeg,champion,Jacket,winter,no,yes,Color,Blue,Material,Cotton
"Champion Men's Powerblend Fleece Pullover Hoodie, up to Size 4XL",Cotton/polyester blend helps reduce pilling and shrinkage.,#cotton,113370,5,enable,1230,300,50,10,https://i5.walmartimages.com/asr/caad199b-81a7-4323-a25a-4fa64691e630_1.59dc710f33f31749e3992f1698cfd0ce.jpeg,champion,Jacket,winter,no,yes,Color,Blue,Material,Cotton
"Champion Men's Powerblend Fleece Pullover Hoodie, up to Size 4XL",Cotton/polyester blend helps reduce pilling and shrinkage.,#cotton,113371,5,enable,1230,300,50,10,https://i5.walmartimages.com/asr/caad199b-81a7-4323-a25a-4fa64691e630_1.59dc710f33f31749e3992f1698cfd0ce.jpeg,champion,Jacket,winter,no,yes,Color,Blue,Material,Cotton
"Champion Men's Powerblend Fleece Pullover Hoodie, up to Size 4XL",Cotton/polyester blend helps reduce pilling and shrinkage.,#cotton,113372,5,enable,1230,300,50,10,https://i5.walmartimages.com/asr/caad199b-81a7-4323-a25a-4fa64691e630_1.59dc710f33f31749e3992f1698cfd0ce.jpeg,champion,Jacket,winter,no,yes,Color,Blue,Material,Cotton
"Champion Men's Powerblend Fleece Pullover Hoodie, up to Size 4XL",Cotton/polyester blend helps reduce pilling and shrinkage.,#cotton,113373,5,enable,1230,300,50,10,https://i5.walmartimages.com/asr/caad199b-81a7-4323-a25a-4fa64691e630_1.59dc710f33f31749e3992f1698cfd0ce.jpeg,champion,Jacket,winter,no,yes,Color,Blue,Material,Cotton
"Champion Men's Powerblend Fleece Pullover Hoodie, up to Size 4XL",Cotton/polyester blend helps reduce pilling and shrinkage.,#cotton,113374,5,enable,1230,300,50,10,https://i5.walmartimages.com/asr/caad199b-81a7-4323-a25a-4fa64691e630_1.59dc710f33f31749e3992f1698cfd0ce.jpeg,champion,Jacket,winter,no,yes,Color,Blue,Material,Cotton
"Champion Men's Powerblend Fleece Pullover Hoodie, up to Size 4XL",Cotton/polyester blend helps reduce pilling and shrinkage.,#cotton,113375,5,enable,1230,300,50,10,https://i5.walmartimages.com/asr/caad199b-81a7-4323-a25a-4fa64691e630_1.59dc710f33f31749e3992f1698cfd0ce.jpeg,champion,Jacket,winter,no,yes,Color,Blue,Material,Cotton
"Champion Men's Powerblend Fleece Pullover Hoodie, up to Size 4XL",Cotton/polyester blend helps reduce pilling and shrinkage.,#cotton,113376,5,enable,1230,300,50,10,https://i5.walmartimages.com/asr/caad199b-81a7-4323-a25a-4fa64691e630_1.59dc710f33f31749e3992f1698cfd0ce.jpeg,champion,Jacket,winter,no,yes,Color,Blue,Material,Cotton
"Champion Men's Powerblend Fleece Pullover Hoodie, up to Size 4XL",Cotton/polyester blend helps reduce pilling and shrinkage.,#cotton,113377,5,enable,1230,300,50,10,https://i5.walmartimages.com/asr/caad199b-81a7-4323-a25a-4fa64691e630_1.59dc710f33f31749e3992f1698cfd0ce.jpeg,champion,Jacket,winter,no,yes,Color,Blue,Material,Cotton
"Champion Men's Powerblend Fleece Pullover Hoodie, up to Size 4XL",Cotton/polyester blend helps reduce pilling and shrinkage.,#cotton,113378,5,enable,1230,300,50,10,https://i5.walmartimages.com/asr/caad199b-81a7-4323-a25a-4fa64691e630_1.59dc710f33f31749e3992f1698cfd0ce.jpeg,champion,Jacket,winter,no,yes,Color,Blue,Material,Cotton
"Champion Men's Powerblend Fleece Pullover Hoodie, up to Size 4XL",Cotton/polyester blend helps reduce pilling and shrinkage.,#cotton,113379,5,enable,1230,300,50,10,https://i5.walmartimages.com/asr/caad199b-81a7-4323-a25a-4fa64691e630_1.59dc710f33f31749e3992f1698cfd0ce.jpeg,champion,Jacket,winter,no,yes,Color,Blue,Material,Cotton
"Champion Men's Powerblend Fleece Pullover Hoodie, up to Size 4XL",Cotton/polyester blend helps reduce pilling and shrinkage.,#cotton,113380,5,enable,1230,300,50,10,https://i5.walmartimages.com/asr/caad199b-81a7-4323-a25a-4fa64691e630_1.59dc710f33f31749e3992f1698cfd0ce.jpeg,champion,Jacket,winter,no,yes,Color,Blue,Material,Cotton
"Champion Men's Powerblend Fleece Pullover Hoodie, up to Size 4XL",Cotton/polyester blend helps reduce pilling and shrinkage.,#cotton,113381,5,enable,1230,300,50,10,https://i5.walmartimages.com/asr/caad199b-81a7-4323-a25a-4fa64691e630_1.59dc710f33f31749e3992f1698cfd0ce.jpeg,champion,Jacket,winter,no,yes,Color,Blue,Material,Cotton
"Champion Men's Powerblend Fleece Pullover Hoodie, up to Size 4XL",Cotton/polyester blend helps reduce pilling and shrinkage.,#cotton,113382,5,enable,1230,300,50,10,https://i5.walmartimages.com/asr/caad199b-81a7-4323-a25a-4fa64691e630_1.59dc710f33f31749e3992f1698cfd0ce.jpeg,champion,Jacket,winter,no,yes,Color,Blue,Material,Cotton
"Champion Men's Powerblend Fleece Pullover Hoodie, up to Size 4XL",Cotton/polyester blend helps reduce pilling and shrinkage.,#cotton,113383,5,enable,1230,300,50,10,https://i5.walmartimages.com/asr/caad199b-81a7-4323-a25a-4fa64691e630_1.59dc710f33f31749e3992f1698cfd0ce.jpeg,champion,Jacket,winter,no,yes,Color,Blue,Material,Cotton
"Champion Men's Powerblend Fleece Pullover Hoodie, up to Size 4XL",Cotton/polyester blend helps reduce pilling and shrinkage.,#cotton,113384,5,enable,1230,300,50,10,https://i5.walmartimages.com/asr/caad199b-81a7-4323-a25a-4fa64691e630_1.59dc710f33f31749e3992f1698cfd0ce.jpeg,champion,Jacket,winter,no,yes,Color,Blue,Material,Cotton
"Champion Men's Powerblend Fleece Pullover Hoodie, up to Size 4XL",Cotton/polyester blend helps reduce pilling and shrinkage.,#cotton,113385,5,enable,1230,300,50,10,https://i5.walmartimages.com/asr/caad199b-81a7-4323-a25a-4fa64691e630_1.59dc710f33f31749e3992f1698cfd0ce.jpeg,champion,Jacket,winter,no,yes,Color,Blue,Material,Cotton
"Champion Men's Powerblend Fleece Pullover Hoodie, up to Size 4XL",Cotton/polyester blend helps reduce pilling and shrinkage.,#cotton,113386,5,enable,1230,300,50,10,https://i5.walmartimages.com/asr/caad199b-81a7-4323-a25a-4fa64691e630_1.59dc710f33f31749e3992f1698cfd0ce.jpeg,champion,Jacket,winter,no,yes,Color,Blue,Material,Cotton
"Champion Men's Powerblend Fleece Pullover Hoodie, up to Size 4XL",Cotton/polyester blend helps reduce pilling and shrinkage.,#cotton,113387,5,enable,1230,300,50,10,https://i5.walmartimages.com/asr/caad199b-81a7-4323-a25a-4fa64691e630_1.59dc710f33f31749e3992f1698cfd0ce.jpeg,champion,Jacket,winter,no,yes,Color,Blue,Material,Cotton
"Champion Men's Powerblend Fleece Pullover Hoodie, up to Size 4XL",Cotton/polyester blend helps reduce pilling and shrinkage.,#cotton,113388,5,enable,1230,300,50,10,https://i5.walmartimages.com/asr/caad199b-81a7-4323-a25a-4fa64691e630_1.59dc710f33f31749e3992f1698cfd0ce.jpeg,champion,Jacket,winter,no,yes,Color,Blue,Material,Cotton
"Champion Men's Powerblend Fleece Pullover Hoodie, up to Size 4XL",Cotton/polyester blend helps reduce pilling and shrinkage.,#cotton,113389,5,enable,1230,300,50,10,https://i5.walmartimages.com/asr/caad199b-81a7-4323-a25a-4fa64691e630_1.59dc710f33f31749e3992f1698cfd0ce.jpeg,champion,Jacket,winter,no,yes,Color,Blue,Material,Cotton
"Champion Men's Powerblend Fleece Pullover Hoodie, up to Size 4XL",Cotton/polyester blend helps reduce pilling and shrinkage.,#cotton,113390,5,enable,1230,300,50,10,https://i5.walmartimages.com/asr/caad199b-81a7-4323-a25a-4fa64691e630_1.59dc710f33f31749e3992f1698cfd0ce.jpeg,champion,Jacket,winter,no,yes,Color,Blue,Material,Cotton
"Champion Men's Powerblend Fleece Pullover Hoodie, up to Size 4XL",Cotton/polyester blend helps reduce pilling and shrinkage.,#cotton,113391,5,enable,1230,300,50,10,https://i5.walmartimages.com/asr/caad199b-81a7-4323-a25a-4fa64691e630_1.59dc710f33f31749e3992f1698cfd0ce.jpeg,champion,Jacket,winter,no,yes,Color,Blue,Material,Cotton
"Champion Men's Powerblend Fleece Pullover Hoodie, up to Size 4XL",Cotton/polyester blend helps reduce pilling and shrinkage.,#cotton,113392,5,enable,1230,300,50,10,https://i5.walmartimages.com/asr/caad199b-81a7-4323-a25a-4fa64691e630_1.59dc710f33f31749e3992f1698cfd0ce.jpeg,champion,Jacket,winter,no,yes,Color,Blue,Material,Cotton
"Champion Men's Powerblend Fleece Pullover Hoodie, up to Size 4XL",Cotton/polyester blend helps reduce pilling and shrinkage.,#cotton,113393,5,enable,1230,300,50,10,https://i5.walmartimages.com/asr/caad199b-81a7-4323-a25a-4fa64691e630_1.59dc710f33f31749e3992f1698cfd0ce.jpeg,champion,Jacket,winter,no,yes,Color,Blue,Material,Cotton
"Champion Men's Powerblend Fleece Pullover Hoodie, up to Size 4XL",Cotton/polyester blend helps reduce pilling and shrinkage.,#cotton,113394,5,enable,1230,300,50,10,https://i5.walmartimages.com/asr/caad199b-81a7-4323-a25a-4fa64691e630_1.59dc710f33f31749e3992f1698cfd0ce.jpeg,champion,Jacket,winter,no,yes,Color,Blue,Material,Cotton
"Champion Men's Powerblend Fleece Pullover Hoodie, up to Size 4XL",Cotton/polyester blend helps reduce pilling and shrinkage.,#cotton,113395,5,enable,1230,300,50,10,https://i5.walmartimages.com/asr/caad199b-81a7-4323-a25a-4fa64691e630_1.59dc710f33f31749e3992f1698cfd0ce.jpeg,champion,Jacket,winter,no,yes,Color,Blue,Material,Cotton
"Champion Men's Powerblend Fleece Pullover Hoodie, up to Size 4XL",Cotton/polyester blend helps reduce pilling and shrinkage.,#cotton,113396,5,enable,1230,300,50,10,https://i5.walmartimages.com/asr/caad199b-81a7-4323-a25a-4fa64691e630_1.59dc710f33f31749e3992f1698cfd0ce.jpeg,champion,Jacket,winter,no,yes,Color,Blue,Material,Cotton
"Champion Men's Powerblend Fleece Pullover Hoodie, up to Size 4XL",Cotton/polyester blend helps reduce pilling and shrinkage.,#cotton,113397,5,enable,1230,300,50,10,https://i5.walmartimages.com/asr/caad199b-81a7-4323-a25a-4fa64691e630_1.59dc710f33f31749e3992f1698cfd0ce.jpeg,champion,Jacket,winter,no,yes,Color,Blue,Material,Cotton
"Champion Men's Powerblend Fleece Pullover Hoodie, up to Size 4XL",Cotton/polyester blend helps reduce pilling and shrinkage.,#cotton,113398,5,enable,1230,300,50,10,https://i5.walmartimages.com/asr/caad199b-81a7-4323-a25a-4fa64691e630_1.59dc710f33f31749e3992f1698cfd0ce.jpeg,champion,Jacket,winter,no,yes,Color,Blue,Material,Cotton
"Champion Men's Powerblend Fleece Pullover Hoodie, up to Size 4XL",Cotton/polyester blend helps reduce pilling and shrinkage.,#cotton,113399,5,enable,1230,300,50,10,https://i5.walmartimages.com/asr/caad199b-81a7-4323-a25a-4fa64691e630_1.59dc710f33f31749e3992f1698cfd0ce.jpeg,champion,Jacket,winter,no,yes,Color,Blue,Material,Cotton
"Champion Men's Powerblend Fleece Pullover Hoodie, up to Size 4XL",Cotton/polyester blend helps reduce pilling and shrinkage.,#cotton,113400,5,enable,1230,300,50,10,https://i5.walmartimages.com/asr/caad199b-81a7-4323-a25a-4fa64691e630_1.59dc710f33f31749e3992f1698cfd0ce.jpeg,champion,Jacket,winter,no,yes,Color,Blue,Material,Cotton
"Champion Men's Powerblend Fleece Pullover Hoodie, up to Size 4XL",Cotton/polyester blend helps reduce pilling and shrinkage.,#cotton,113401,5,enable,1230,300,50,10,https://i5.walmartimages.com/asr/caad199b-81a7-4323-a25a-4fa64691e630_1.59dc710f33f31749e3992f1698cfd0ce.jpeg,champion,Jacket,winter,no,yes,Color,Blue,Material,Cotton
"Champion Men's Powerblend Fleece Pullover Hoodie, up to Size 4XL",Cotton/polyester blend helps reduce pilling and shrinkage.,#cotton,113402,5,enable,1230,300,50,10,https://i5.walmartimages.com/asr/caad199b-81a7-4323-a25a-4fa64691e630_1.59dc710f33f31749e3992f1698cfd0ce.jpeg,champion,Jacket,winter,no,yes,Color,Blue,Material,Cotton
"Champion Men's Powerblend Fleece Pullover Hoodie, up to Size 4XL",Cotton/polyester blend helps reduce pilling and shrinkage.,#cotton,113403,5,enable,1230,300,50,10,https://i5.walmartimages.com/asr/caad199b-81a7-4323-a25a-4fa64691e630_1.59dc710f33f31749e3992f1698cfd0ce.jpeg,champion,Jacket,winter,no,yes,Color,Blue,Material,Cotton
"Champion Men's Powerblend Fleece Pullover Hoodie, up to Size 4XL",Cotton/polyester blend helps reduce pilling and shrinkage.,#cotton,113404,5,enable,1230,300,50,10,https://i5.walmartimages.com/asr/caad199b-81a7-4323-a25a-4fa64691e630_1.59dc710f33f31749e3992f1698cfd0ce.jpeg,champion,Jacket,winter,no,yes,Color,Blue,Material,Cotton
"Champion Men's Powerblend Fleece Pullover Hoodie, up to Size 4XL",Cotton/polyester blend helps reduce pilling and shrinkage.,#cotton,113405,5,enable,1230,300,50,10,https://i5.walmartimages.com/asr/caad199b-81a7-4323-a25a-4fa64691e630_1.59dc710f33f31749e3992f1698cfd0ce.jpeg,champion,Jacket,winter,no,yes,Color,Blue,Material,Cotton
"Champion Men's Powerblend Fleece Pullover Hoodie, up to Size 4XL",Cotton/polyester blend helps reduce pilling and shrinkage.,#cotton,113406,5,enable,1230,300,50,10,https://i5.walmartimages.com/asr/caad199b-81a7-4323-a25a-4fa64691e630_1.59dc710f33f31749e3992f1698cfd0ce.jpeg,champion,Jacket,winter,no,yes,Color,Blue,Material,Cotton
"Champion Men's Powerblend Fleece Pullover Hoodie, up to Size 4XL",Cotton/polyester blend helps reduce pilling and shrinkage.,#cotton,113407,5,enable,1230,300,50,10,https://i5.walmartimages.com/asr/caad199b-81a7-4323-a25a-4fa64691e630_1.59dc710f33f31749e3992f1698cfd0ce.jpeg,champion,Jacket,winter,no,yes,Color,Blue,Material,Cotton
"Champion Men's Powerblend Fleece Pullover Hoodie, up to Size 4XL",Cotton/polyester blend helps reduce pilling and shrinkage.,#cotton,113408,5,enable,1230,300,50,10,https://i5.walmartimages.com/asr/caad199b-81a7-4323-a25a-4fa64691e630_1.59dc710f33f31749e3992f1698cfd0ce.jpeg,champion,Jacket,winter,no,yes,Color,Blue,Material,Cotton
"Champion Men's Powerblend Fleece Pullover Hoodie, up to Size 4XL",Cotton/polyester blend helps reduce pilling and shrinkage.,#cotton,113409,5,enable,1230,300,50,10,https://i5.walmartimages.com/asr/caad199b-81a7-4323-a25a-4fa64691e630_1.59dc710f33f31749e3992f1698cfd0ce.jpeg,champion,Jacket,winter,no,yes,Color,Blue,Material,Cotton
"Champion Men's Powerblend Fleece Pullover Hoodie, up to Size 4XL",Cotton/polyester blend helps reduce pilling and shrinkage.,#cotton,113410,5,enable,1230,300,50,10,https://i5.walmartimages.com/asr/caad199b-81a7-4323-a25a-4fa64691e630_1.59dc710f33f31749e3992f1698cfd0ce.jpeg,champion,Jacket,winter,no,yes,Color,Blue,Material,Cotton
"Champion Men's Powerblend Fleece Pullover Hoodie, up to Size 4XL",Cotton/polyester blend helps reduce pilling and shrinkage.,#cotton,113411,5,enable,1230,300,50,10,https://i5.walmartimages.com/asr/caad199b-81a7-4323-a25a-4fa64691e630_1.59dc710f33f31749e3992f1698cfd0ce.jpeg,champion,Jacket,winter,no,yes,Color,Blue,Material,Cotton
"Champion Men's Powerblend Fleece Pullover Hoodie, up to Size 4XL",Cotton/polyester blend helps reduce pilling and shrinkage.,#cotton,113412,5,enable,1230,300,50,10,https://i5.walmartimages.com/asr/caad199b-81a7-4323-a25a-4fa64691e630_1.59dc710f33f31749e3992f1698cfd0ce.jpeg,champion,Jacket,winter,no,yes,Color,Blue,Material,Cotton
"Champion Men's Powerblend Fleece Pullover Hoodie, up to Size 4XL",Cotton/polyester blend helps reduce pilling and shrinkage.,#cotton,113413,5,enable,1230,300,50,10,https://i5.walmartimages.com/asr/caad199b-81a7-4323-a25a-4fa64691e630_1.59dc710f33f31749e3992f1698cfd0ce.jpeg,champion,Jacket,winter,no,yes,Color,Blue,Material,Cotton
"Champion Men's Powerblend Fleece Pullover Hoodie, up to Size 4XL",Cotton/polyester blend helps reduce pilling and shrinkage.,#cotton,113414,5,enable,1230,300,50,10,https://i5.walmartimages.com/asr/caad199b-81a7-4323-a25a-4fa64691e630_1.59dc710f33f31749e3992f1698cfd0ce.jpeg,champion,Jacket,winter,no,yes,Color,Blue,Material,Cotton
"Champion Men's Powerblend Fleece Pullover Hoodie, up to Size 4XL",Cotton/polyester blend helps reduce pilling and shrinkage.,#cotton,113415,5,enable,1230,300,50,10,https://i5.walmartimages.com/asr/caad199b-81a7-4323-a25a-4fa64691e630_1.59dc710f33f31749e3992f1698cfd0ce.jpeg,champion,Jacket,winter,no,yes,Color,Blue,Material,Cotton
"Champion Men's Powerblend Fleece Pullover Hoodie, up to Size 4XL",Cotton/polyester blend helps reduce pilling and shrinkage.,#cotton,113416,5,enable,1230,300,50,10,https://i5.walmartimages.com/asr/caad199b-81a7-4323-a25a-4fa64691e630_1.59dc710f33f31749e3992f1698cfd0ce.jpeg,champion,Jacket,winter,no,yes,Color,Blue,Material,Cotton
"Champion Men's Powerblend Fleece Pullover Hoodie, up to Size 4XL",Cotton/polyester blend helps reduce pilling and shrinkage.,#cotton,113417,5,enable,1230,300,50,10,https://i5.walmartimages.com/asr/caad199b-81a7-4323-a25a-4fa64691e630_1.59dc710f33f31749e3992f1698cfd0ce.jpeg,champion,Jacket,winter,no,yes,Color,Blue,Material,Cotton
"Champion Men's Powerblend Fleece Pullover Hoodie, up to Size 4XL",Cotton/polyester blend helps reduce pilling and shrinkage.,#cotton,113418,5,enable,1230,300,50,10,https://i5.walmartimages.com/asr/caad199b-81a7-4323-a25a-4fa64691e630_1.59dc710f33f31749e3992f1698cfd0ce.jpeg,champion,Jacket,winter,no,yes,Color,Blue,Material,Cotton
"Champion Men's Powerblend Fleece Pullover Hoodie, up to Size 4XL",Cotton/polyester blend helps reduce pilling and shrinkage.,#cotton,113419,5,enable,1230,300,50,10,https://i5.walmartimages.com/asr/caad199b-81a7-4323-a25a-4fa64691e630_1.59dc710f33f31749e3992f1698cfd0ce.jpeg,champion,Jacket,winter,no,yes,Color,Blue,Material,Cotton
"Champion Men's Powerblend Fleece Pullover Hoodie, up to Size 4XL",Cotton/polyester blend helps reduce pilling and shrinkage.,#cotton,113420,5,enable,1230,300,50,10,https://i5.walmartimages.com/asr/caad199b-81a7-4323-a25a-4fa64691e630_1.59dc710f33f31749e3992f1698cfd0ce.jpeg,champion,Jacket,winter,no,yes,Color,Blue,Material,Cotton
"Champion Men's Powerblend Fleece Pullover Hoodie, up to Size 4XL",Cotton/polyester blend helps reduce pilling and shrinkage.,#cotton,113421,5,enable,1230,300,50,10,https://i5.walmartimages.com/asr/caad199b-81a7-4323-a25a-4fa64691e630_1.59dc710f33f31749e3992f1698cfd0ce.jpeg,champion,Jacket,winter,no,yes,Color,Blue,Material,Cotton
"Champion Men's Powerblend Fleece Pullover Hoodie, up to Size 4XL",Cotton/polyester blend helps reduce pilling and shrinkage.,#cotton,113422,5,enable,1230,300,50,10,https://i5.walmartimages.com/asr/caad199b-81a7-4323-a25a-4fa64691e630_1.59dc710f33f31749e3992f1698cfd0ce.jpeg,champion,Jacket,winter,no,yes,Color,Blue,Material,Cotton
"Champion Men's Powerblend Fleece Pullover Hoodie, up to Size 4XL",Cotton/polyester blend helps reduce pilling and shrinkage.,#cotton,113423,5,enable,1230,300,50,10,https://i5.walmartimages.com/asr/caad199b-81a7-4323-a25a-4fa64691e630_1.59dc710f33f31749e3992f1698cfd0ce.jpeg,champion,Jacket,winter,no,yes,Color,Blue,Material,Cotton
"Champion Men's Powerblend Fleece Pullover Hoodie, up to Size 4XL",Cotton/polyester blend helps reduce pilling and shrinkage.,#cotton,113424,5,enable,1230,300,50,10,https://i5.walmartimages.com/asr/caad199b-81a7-4323-a25a-4fa64691e630_1.59dc710f33f31749e3992f1698cfd0ce.jpeg,champion,Jacket,winter,no,yes,Color,Blue,Material,Cotton
"Champion Men's Powerblend Fleece Pullover Hoodie, up to Size 4XL",Cotton/polyester blend helps reduce pilling and shrinkage.,#cotton,113425,5,enable,1230,300,50,10,https://i5.walmartimages.com/asr/caad199b-81a7-4323-a25a-4fa64691e630_1.59dc710f33f31749e3992f1698cfd0ce.jpeg,champion,Jacket,winter,no,yes,Color,Blue,Material,Cotton
"Champion Men's Powerblend Fleece Pullover Hoodie, up to Size 4XL",Cotton/polyester blend helps reduce pilling and shrinkage.,#cotton,113426,5,enable,1230,300,50,10,https://i5.walmartimages.com/asr/caad199b-81a7-4323-a25a-4fa64691e630_1.59dc710f33f31749e3992f1698cfd0ce.jpeg,champion,Jacket,winter,no,yes,Color,Blue,Material,Cotton
"Champion Men's Powerblend Fleece Pullover Hoodie, up to Size 4XL",Cotton/polyester blend helps reduce pilling and shrinkage.,#cotton,113427,5,enable,1230,300,50,10,https://i5.walmartimages.com/asr/caad199b-81a7-4323-a25a-4fa64691e630_1.59dc710f33f31749e3992f1698cfd0ce.jpeg,champion,Jacket,winter,no,yes,Color,Blue,Material,Cotton
"Champion Men's Powerblend Fleece Pullover Hoodie, up to Size 4XL",Cotton/polyester blend helps reduce pilling and shrinkage.,#cotton,113428,5,enable,1230,300,50,10,https://i5.walmartimages.com/asr/caad199b-81a7-4323-a25a-4fa64691e630_1.59dc710f33f31749e3992f1698cfd0ce.jpeg,champion,Jacket,winter,no,yes,Color,Blue,Material,Cotton
"Champion Men's Powerblend Fleece Pullover Hoodie, up to Size 4XL",Cotton/polyester blend helps reduce pilling and shrinkage.,#cotton,113429,5,enable,1230,300,50,10,https://i5.walmartimages.com/asr/caad199b-81a7-4323-a25a-4fa64691e630_1.59dc710f33f31749e3992f1698cfd0ce.jpeg,champion,Jacket,winter,no,yes,Color,Blue,Material,Cotton
"Champion Men's Powerblend Fleece Pullover Hoodie, up to Size 4XL",Cotton/polyester blend helps reduce pilling and shrinkage.,#cotton,113430,5,enable,1230,300,50,10,https://i5.walmartimages.com/asr/caad199b-81a7-4323-a25a-4fa64691e630_1.59dc710f33f31749e3992f1698cfd0ce.jpeg,champion,Jacket,winter,no,yes,Color,Blue,Material,Cotton
"Champion Men's Powerblend Fleece Pullover Hoodie, up to Size 4XL",Cotton/polyester blend helps reduce pilling and shrinkage.,#cotton,113431,5,enable,1230,300,50,10,https://i5.walmartimages.com/asr/caad199b-81a7-4323-a25a-4fa64691e630_1.59dc710f33f31749e3992f1698cfd0ce.jpeg,champion,Jacket,winter,no,yes,Color,Blue,Material,Cotton
"Champion Men's Powerblend Fleece Pullover Hoodie, up to Size 4XL",Cotton/polyester blend helps reduce pilling and shrinkage.,#cotton,113432,5,enable,1230,300,50,10,https://i5.walmartimages.com/asr/caad199b-81a7-4323-a25a-4fa64691e630_1.59dc710f33f31749e3992f1698cfd0ce.jpeg,champion,Jacket,winter,no,yes,Color,Blue,Material,Cotton
"Champion Men's Powerblend Fleece Pullover Hoodie, up to Size 4XL",Cotton/polyester blend helps reduce pilling and shrinkage.,#cotton,113433,5,enable,1230,300,50,10,https://i5.walmartimages.com/asr/caad199b-81a7-4323-a25a-4fa64691e630_1.59dc710f33f31749e3992f1698cfd0ce.jpeg,champion,Jacket,winter,no,yes,Color,Blue,Material,Cotton
"Champion Men's Powerblend Fleece Pullover Hoodie, up to Size 4XL",Cotton/polyester blend helps reduce pilling and shrinkage.,#cotton,113434,5,enable,1230,300,50,10,https://i5.walmartimages.com/asr/caad199b-81a7-4323-a25a-4fa64691e630_1.59dc710f33f31749e3992f1698cfd0ce.jpeg,champion,Jacket,winter,no,yes,Color,Blue,Material,Cotton
"Champion Men's Powerblend Fleece Pullover Hoodie, up to Size 4XL",Cotton/polyester blend helps reduce pilling and shrinkage.,#cotton,113435,5,enable,1230,300,50,10,https://i5.walmartimages.com/asr/caad199b-81a7-4323-a25a-4fa64691e630_1.59dc710f33f31749e3992f1698cfd0ce.jpeg,champion,Jacket,winter,no,yes,Color,Blue,Material,Cotton
"Champion Men's Powerblend Fleece Pullover Hoodie, up to Size 4XL",Cotton/polyester blend helps reduce pilling and shrinkage.,#cotton,113436,5,enable,1230,300,50,10,https://i5.walmartimages.com/asr/caad199b-81a7-4323-a25a-4fa64691e630_1.59dc710f33f31749e3992f1698cfd0ce.jpeg,champion,Jacket,winter,no,yes,Color,Blue,Material,Cotton
"Champion Men's Powerblend Fleece Pullover Hoodie, up to Size 4XL",Cotton/polyester blend helps reduce pilling and shrinkage.,#cotton,113437,5,enable,1230,300,50,10,https://i5.walmartimages.com/asr/caad199b-81a7-4323-a25a-4fa64691e630_1.59dc710f33f31749e3992f1698cfd0ce.jpeg,champion,Jacket,winter,no,yes,Color,Blue,Material,Cotton
"Champion Men's Powerblend Fleece Pullover Hoodie, up to Size 4XL",Cotton/polyester blend helps reduce pilling and shrinkage.,#cotton,113438,5,enable,1230,300,50,10,https://i5.walmartimages.com/asr/caad199b-81a7-4323-a25a-4fa64691e630_1.59dc710f33f31749e3992f1698cfd0ce.jpeg,champion,Jacket,winter,no,yes,Color,Blue,Material,Cotton
"Champion Men's Powerblend Fleece Pullover Hoodie, up to Size 4XL",Cotton/polyester blend helps reduce pilling and shrinkage.,#cotton,113439,5,enable,1230,300,50,10,https://i5.walmartimages.com/asr/caad199b-81a7-4323-a25a-4fa64691e630_1.59dc710f33f31749e3992f1698cfd0ce.jpeg,champion,Jacket,winter,no,yes,Color,Blue,Material,Cotton
"Champion Men's Powerblend Fleece Pullover Hoodie, up to Size 4XL",Cotton/polyester blend helps reduce pilling and shrinkage.,#cotton,113440,5,enable,1230,300,50,10,https://i5.walmartimages.com/asr/caad199b-81a7-4323-a25a-4fa64691e630_1.59dc710f33f31749e3992f1698cfd0ce.jpeg,champion,Jacket,winter,no,yes,Color,Blue,Material,Cotton
"Champion Men's Powerblend Fleece Pullover Hoodie, up to Size 4XL",Cotton/polyester blend helps reduce pilling and shrinkage.,#cotton,113441,5,enable,1230,300,50,10,https://i5.walmartimages.com/asr/caad199b-81a7-4323-a25a-4fa64691e630_1.59dc710f33f31749e3992f1698cfd0ce.jpeg,champion,Jacket,winter,no,yes,Color,Blue,Material,Cotton
"Champion Men's Powerblend Fleece Pullover Hoodie, up to Size 4XL",Cotton/polyester blend helps reduce pilling and shrinkage.,#cotton,113442,5,enable,1230,300,50,10,https://i5.walmartimages.com/asr/caad199b-81a7-4323-a25a-4fa64691e630_1.59dc710f33f31749e3992f1698cfd0ce.jpeg,champion,Jacket,winter,no,yes,Color,Blue,Material,Cotton
"Champion Men's Powerblend Fleece Pullover Hoodie, up to Size 4XL",Cotton/polyester blend helps reduce pilling and shrinkage.,#cotton,113443,5,enable,1230,300,50,10,https://i5.walmartimages.com/asr/caad199b-81a7-4323-a25a-4fa64691e630_1.59dc710f33f31749e3992f1698cfd0ce.jpeg,champion,Jacket,winter,no,yes,Color,Blue,Material,Cotton
"Champion Men's Powerblend Fleece Pullover Hoodie, up to Size 4XL",Cotton/polyester blend helps reduce pilling and shrinkage.,#cotton,113444,5,enable,1230,300,50,10,https://i5.walmartimages.com/asr/caad199b-81a7-4323-a25a-4fa64691e630_1.59dc710f33f31749e3992f1698cfd0ce.jpeg,champion,Jacket,winter,no,yes,Color,Blue,Material,Cotton
"Champion Men's Powerblend Fleece Pullover Hoodie, up to Size 4XL",Cotton/polyester blend helps reduce pilling and shrinkage.,#cotton,113445,5,enable,1230,300,50,10,https://i5.walmartimages.com/asr/caad199b-81a7-4323-a25a-4fa64691e630_1.59dc710f33f31749e3992f1698cfd0ce.jpeg,champion,Jacket,winter,no,yes,Color,Blue,Material,Cotton
"Champion Men's Powerblend Fleece Pullover Hoodie, up to Size 4XL",Cotton/polyester blend helps reduce pilling and shrinkage.,#cotton,113446,5,enable,1230,300,50,10,https://i5.walmartimages.com/asr/caad199b-81a7-4323-a25a-4fa64691e630_1.59dc710f33f31749e3992f1698cfd0ce.jpeg,champion,Jacket,winter,no,yes,Color,Blue,Material,Cotton
"Champion Men's Powerblend Fleece Pullover Hoodie, up to Size 4XL",Cotton/polyester blend helps reduce pilling and shrinkage.,#cotton,113447,5,enable,1230,300,50,10,https://i5.walmartimages.com/asr/caad199b-81a7-4323-a25a-4fa64691e630_1.59dc710f33f31749e3992f1698cfd0ce.jpeg,champion,Jacket,winter,no,yes,Color,Blue,Material,Cotton
"Champion Men's Powerblend Fleece Pullover Hoodie, up to Size 4XL",Cotton/polyester blend helps reduce pilling and shrinkage.,#cotton,113448,5,enable,1230,300,50,10,https://i5.walmartimages.com/asr/caad199b-81a7-4323-a25a-4fa64691e630_1.59dc710f33f31749e3992f1698cfd0ce.jpeg,champion,Jacket,winter,no,yes,Color,Blue,Material,Cotton
"Champion Men's Powerblend Fleece Pullover Hoodie, up to Size 4XL",Cotton/polyester blend helps reduce pilling and shrinkage.,#cotton,113449,5,enable,1230,300,50,10,https://i5.walmartimages.com/asr/caad199b-81a7-4323-a25a-4fa64691e630_1.59dc710f33f31749e3992f1698cfd0ce.jpeg,champion,Jacket,winter,no,yes,Color,Blue,Material,Cotton
"Champion Men's Powerblend Fleece Pullover Hoodie, up to Size 4XL",Cotton/polyester blend helps reduce pilling and shrinkage.,#cotton,113450,5,enable,1230,300,50,10,https://i5.walmartimages.com/asr/caad199b-81a7-4323-a25a-4fa64691e630_1.59dc710f33f31749e3992f1698cfd0ce.jpeg,champion,Jacket,winter,no,yes,Color,Blue,Material,Cotton
"Champion Men's Powerblend Fleece Pullover Hoodie, up to Size 4XL",Cotton/polyester blend helps reduce pilling and shrinkage.,#cotton,113451,5,enable,1230,300,50,10,https://i5.walmartimages.com/asr/caad199b-81a7-4323-a25a-4fa64691e630_1.59dc710f33f31749e3992f1698cfd0ce.jpeg,champion,Jacket,winter,no,yes,Color,Blue,Material,Cotton
"Champion Men's Powerblend Fleece Pullover Hoodie, up to Size 4XL",Cotton/polyester blend helps reduce pilling and shrinkage.,#cotton,113452,5,enable,1230,300,50,10,https://i5.walmartimages.com/asr/caad199b-81a7-4323-a25a-4fa64691e630_1.59dc710f33f31749e3992f1698cfd0ce.jpeg,champion,Jacket,winter,no,yes,Color,Blue,Material,Cotton
"Champion Men's Powerblend Fleece Pullover Hoodie, up to Size 4XL",Cotton/polyester blend helps reduce pilling and shrinkage.,#cotton,113453,5,enable,1230,300,50,10,https://i5.walmartimages.com/asr/caad199b-81a7-4323-a25a-4fa64691e630_1.59dc710f33f31749e3992f1698cfd0ce.jpeg,champion,Jacket,winter,no,yes,Color,Blue,Material,Cotton
"Champion Men's Powerblend Fleece Pullover Hoodie, up to Size 4XL",Cotton/polyester blend helps reduce pilling and shrinkage.,#cotton,113454,5,enable,1230,300,50,10,https://i5.walmartimages.com/asr/caad199b-81a7-4323-a25a-4fa64691e630_1.59dc710f33f31749e3992f1698cfd0ce.jpeg,champion,Jacket,winter,no,yes,Color,Blue,Material,Cotton
"Champion Men's Powerblend Fleece Pullover Hoodie, up to Size 4XL",Cotton/polyester blend helps reduce pilling and shrinkage.,#cotton,113455,5,enable,1230,300,50,10,https://i5.walmartimages.com/asr/caad199b-81a7-4323-a25a-4fa64691e630_1.59dc710f33f31749e3992f1698cfd0ce.jpeg,champion,Jacket,winter,no,yes,Color,Blue,Material,Cotton
"Champion Men's Powerblend Fleece Pullover Hoodie, up to Size 4XL",Cotton/polyester blend helps reduce pilling and shrinkage.,#cotton,113456,5,enable,1230,300,50,10,https://i5.walmartimages.com/asr/caad199b-81a7-4323-a25a-4fa64691e630_1.59dc710f33f31749e3992f1698cfd0ce.jpeg,champion,Jacket,winter,no,yes,Color,Blue,Material,Cotton
"Champion Men's Powerblend Fleece Pullover Hoodie, up to Size 4XL",Cotton/polyester blend helps reduce pilling and shrinkage.,#cotton,113457,5,enable,1230,300,50,10,https://i5.walmartimages.com/asr/caad199b-81a7-4323-a25a-4fa64691e630_1.59dc710f33f31749e3992f1698cfd0ce.jpeg,champion,Jacket,winter,no,yes,Color,Blue,Material,Cotton
"Champion Men's Powerblend Fleece Pullover Hoodie, up to Size 4XL",Cotton/polyester blend helps reduce pilling and shrinkage.,#cotton,113458,5,enable,1230,300,50,10,https://i5.walmartimages.com/asr/caad199b-81a7-4323-a25a-4fa64691e630_1.59dc710f33f31749e3992f1698cfd0ce.jpeg,champion,Jacket,winter,no,yes,Color,Blue,Material,Cotton
"Champion Men's Powerblend Fleece Pullover Hoodie, up to Size 4XL",Cotton/polyester blend helps reduce pilling and shrinkage.,#cotton,113459,5,enable,1230,300,50,10,https://i5.walmartimages.com/asr/caad199b-81a7-4323-a25a-4fa64691e630_1.59dc710f33f31749e3992f1698cfd0ce.jpeg,champion,Jacket,winter,no,yes,Color,Blue,Material,Cotton
"Champion Men's Powerblend Fleece Pullover Hoodie, up to Size 4XL",Cotton/polyester blend helps reduce pilling and shrinkage.,#cotton,113460,5,enable,1230,300,50,10,https://i5.walmartimages.com/asr/caad199b-81a7-4323-a25a-4fa64691e630_1.59dc710f33f31749e3992f1698cfd0ce.jpeg,champion,Jacket,winter,no,yes,Color,Blue,Material,Cotton
"Champion Men's Powerblend Fleece Pullover Hoodie, up to Size 4XL",Cotton/polyester blend helps reduce pilling and shrinkage.,#cotton,113461,5,enable,1230,300,50,10,https://i5.walmartimages.com/asr/caad199b-81a7-4323-a25a-4fa64691e630_1.59dc710f33f31749e3992f1698cfd0ce.jpeg,champion,Jacket,winter,no,yes,Color,Blue,Material,Cotton
"Champion Men's Powerblend Fleece Pullover Hoodie, up to Size 4XL",Cotton/polyester blend helps reduce pilling and shrinkage.,#cotton,113462,5,enable,1230,300,50,10,https://i5.walmartimages.com/asr/caad199b-81a7-4323-a25a-4fa64691e630_1.59dc710f33f31749e3992f1698cfd0ce.jpeg,champion,Jacket,winter,no,yes,Color,Blue,Material,Cotton
"Champion Men's Powerblend Fleece Pullover Hoodie, up to Size 4XL",Cotton/polyester blend helps reduce pilling and shrinkage.,#cotton,113463,5,enable,1230,300,50,10,https://i5.walmartimages.com/asr/caad199b-81a7-4323-a25a-4fa64691e630_1.59dc710f33f31749e3992f1698cfd0ce.jpeg,champion,Jacket,winter,no,yes,Color,Blue,Material,Cotton
"Champion Men's Powerblend Fleece Pullover Hoodie, up to Size 4XL",Cotton/polyester blend helps reduce pilling and shrinkage.,#cotton,113464,5,enable,1230,300,50,10,https://i5.walmartimages.com/asr/caad199b-81a7-4323-a25a-4fa64691e630_1.59dc710f33f31749e3992f1698cfd0ce.jpeg,champion,Jacket,winter,no,yes,Color,Blue,Material,Cotton
"Champion Men's Powerblend Fleece Pullover Hoodie, up to Size 4XL",Cotton/polyester blend helps reduce pilling and shrinkage.,#cotton,113465,5,enable,1230,300,50,10,https://i5.walmartimages.com/asr/caad199b-81a7-4323-a25a-4fa64691e630_1.59dc710f33f31749e3992f1698cfd0ce.jpeg,champion,Jacket,winter,no,yes,Color,Blue,Material,Cotton
"Champion Men's Powerblend Fleece Pullover Hoodie, up to Size 4XL",Cotton/polyester blend helps reduce pilling and shrinkage.,#cotton,113466,5,enable,1230,300,50,10,https://i5.walmartimages.com/asr/caad199b-81a7-4323-a25a-4fa64691e630_1.59dc710f33f31749e3992f1698cfd0ce.jpeg,champion,Jacket,winter,no,yes,Color,Blue,Material,Cotton
"Champion Men's Powerblend Fleece Pullover Hoodie, up to Size 4XL",Cotton/polyester blend helps reduce pilling and shrinkage.,#cotton,113467,5,enable,1230,300,50,10,https://i5.walmartimages.com/asr/caad199b-81a7-4323-a25a-4fa64691e630_1.59dc710f33f31749e3992f1698cfd0ce.jpeg,champion,Jacket,winter,no,yes,Color,Blue,Material,Cotton
"Champion Men's Powerblend Fleece Pullover Hoodie, up to Size 4XL",Cotton/polyester blend helps reduce pilling and shrinkage.,#cotton,113468,5,enable,1230,300,50,10,https://i5.walmartimages.com/asr/caad199b-81a7-4323-a25a-4fa64691e630_1.59dc710f33f31749e3992f1698cfd0ce.jpeg,champion,Jacket,winter,no,yes,Color,Blue,Material,Cotton
"Champion Men's Powerblend Fleece Pullover Hoodie, up to Size 4XL",Cotton/polyester blend helps reduce pilling and shrinkage.,#cotton,113469,5,enable,1230,300,50,10,https://i5.walmartimages.com/asr/caad199b-81a7-4323-a25a-4fa64691e630_1.59dc710f33f31749e3992f1698cfd0ce.jpeg,champion,Jacket,winter,no,yes,Color,Blue,Material,Cotton
"Champion Men's Powerblend Fleece Pullover Hoodie, up to Size 4XL",Cotton/polyester blend helps reduce pilling and shrinkage.,#cotton,113470,5,enable,1230,300,50,10,https://i5.walmartimages.com/asr/caad199b-81a7-4323-a25a-4fa64691e630_1.59dc710f33f31749e3992f1698cfd0ce.jpeg,champion,Jacket,winter,no,yes,Color,Blue,Material,Cotton
"Champion Men's Powerblend Fleece Pullover Hoodie, up to Size 4XL",Cotton/polyester blend helps reduce pilling and shrinkage.,#cotton,113471,5,enable,1230,300,50,10,https://i5.walmartimages.com/asr/caad199b-81a7-4323-a25a-4fa64691e630_1.59dc710f33f31749e3992f1698cfd0ce.jpeg,champion,Jacket,winter,no,yes,Color,Blue,Material,Cotton
"Champion Men's Powerblend Fleece Pullover Hoodie, up to Size 4XL",Cotton/polyester blend helps reduce pilling and shrinkage.,#cotton,113472,5,enable,1230,300,50,10,https://i5.walmartimages.com/asr/caad199b-81a7-4323-a25a-4fa64691e630_1.59dc710f33f31749e3992f1698cfd0ce.jpeg,champion,Jacket,winter,no,yes,Color,Blue,Material,Cotton
"Champion Men's Powerblend Fleece Pullover Hoodie, up to Size 4XL",Cotton/polyester blend helps reduce pilling and shrinkage.,#cotton,113473,5,enable,1230,300,50,10,https://i5.walmartimages.com/asr/caad199b-81a7-4323-a25a-4fa64691e630_1.59dc710f33f31749e3992f1698cfd0ce.jpeg,champion,Jacket,winter,no,yes,Color,Blue,Material,Cotton
"Champion Men's Powerblend Fleece Pullover Hoodie, up to Size 4XL",Cotton/polyester blend helps reduce pilling and shrinkage.,#cotton,113474,5,enable,1230,300,50,10,https://i5.walmartimages.com/asr/caad199b-81a7-4323-a25a-4fa64691e630_1.59dc710f33f31749e3992f1698cfd0ce.jpeg,champion,Jacket,winter,no,yes,Color,Blue,Material,Cotton
"Champion Men's Powerblend Fleece Pullover Hoodie, up to Size 4XL",Cotton/polyester blend helps reduce pilling and shrinkage.,#cotton,113475,5,enable,1230,300,50,10,https://i5.walmartimages.com/asr/caad199b-81a7-4323-a25a-4fa64691e630_1.59dc710f33f31749e3992f1698cfd0ce.jpeg,champion,Jacket,winter,no,yes,Color,Blue,Material,Cotton
"Champion Men's Powerblend Fleece Pullover Hoodie, up to Size 4XL",Cotton/polyester blend helps reduce pilling and shrinkage.,#cotton,113476,5,enable,1230,300,50,10,https://i5.walmartimages.com/asr/caad199b-81a7-4323-a25a-4fa64691e630_1.59dc710f33f31749e3992f1698cfd0ce.jpeg,champion,Jacket,winter,no,yes,Color,Blue,Material,Cotton
"Champion Men's Powerblend Fleece Pullover Hoodie, up to Size 4XL",Cotton/polyester blend helps reduce pilling and shrinkage.,#cotton,113477,5,enable,1230,300,50,10,https://i5.walmartimages.com/asr/caad199b-81a7-4323-a25a-4fa64691e630_1.59dc710f33f31749e3992f1698cfd0ce.jpeg,champion,Jacket,winter,no,yes,Color,Blue,Material,Cotton
"Champion Men's Powerblend Fleece Pullover Hoodie, up to Size 4XL",Cotton/polyester blend helps reduce pilling and shrinkage.,#cotton,113478,5,enable,1230,300,50,10,https://i5.walmartimages.com/asr/caad199b-81a7-4323-a25a-4fa64691e630_1.59dc710f33f31749e3992f1698cfd0ce.jpeg,champion,Jacket,winter,no,yes,Color,Blue,Material,Cotton
"Champion Men's Powerblend Fleece Pullover Hoodie, up to Size 4XL",Cotton/polyester blend helps reduce pilling and shrinkage.,#cotton,113479,5,enable,1230,300,50,10,https://i5.walmartimages.com/asr/caad199b-81a7-4323-a25a-4fa64691e630_1.59dc710f33f31749e3992f1698cfd0ce.jpeg,champion,Jacket,winter,no,yes,Color,Blue,Material,Cotton
"Champion Men's Powerblend Fleece Pullover Hoodie, up to Size 4XL",Cotton/polyester blend helps reduce pilling and shrinkage.,#cotton,113480,5,enable,1230,300,50,10,https://i5.walmartimages.com/asr/caad199b-81a7-4323-a25a-4fa64691e630_1.59dc710f33f31749e3992f1698cfd0ce.jpeg,champion,Jacket,winter,no,yes,Color,Blue,Material,Cotton
"Champion Men's Powerblend Fleece Pullover Hoodie, up to Size 4XL",Cotton/polyester blend helps reduce pilling and shrinkage.,#cotton,113481,5,enable,1230,300,50,10,https://i5.walmartimages.com/asr/caad199b-81a7-4323-a25a-4fa64691e630_1.59dc710f33f31749e3992f1698cfd0ce.jpeg,champion,Jacket,winter,no,yes,Color,Blue,Material,Cotton
"Champion Men's Powerblend Fleece Pullover Hoodie, up to Size 4XL",Cotton/polyester blend helps reduce pilling and shrinkage.,#cotton,113482,5,enable,1230,300,50,10,https://i5.walmartimages.com/asr/caad199b-81a7-4323-a25a-4fa64691e630_1.59dc710f33f31749e3992f1698cfd0ce.jpeg,champion,Jacket,winter,no,yes,Color,Blue,Material,Cotton
"Champion Men's Powerblend Fleece Pullover Hoodie, up to Size 4XL",Cotton/polyester blend helps reduce pilling and shrinkage.,#cotton,113483,5,enable,1230,300,50,10,https://i5.walmartimages.com/asr/caad199b-81a7-4323-a25a-4fa64691e630_1.59dc710f33f31749e3992f1698cfd0ce.jpeg,champion,Jacket,winter,no,yes,Color,Blue,Material,Cotton
"Champion Men's Powerblend Fleece Pullover Hoodie, up to Size 4XL",Cotton/polyester blend helps reduce pilling and shrinkage.,#cotton,113484,5,enable,1230,300,50,10,https://i5.walmartimages.com/asr/caad199b-81a7-4323-a25a-4fa64691e630_1.59dc710f33f31749e3992f1698cfd0ce.jpeg,champion,Jacket,winter,no,yes,Color,Blue,Material,Cotton
"Champion Men's Powerblend Fleece Pullover Hoodie, up to Size 4XL",Cotton/polyester blend helps reduce pilling and shrinkage.,#cotton,113485,5,enable,1230,300,50,10,https://i5.walmartimages.com/asr/caad199b-81a7-4323-a25a-4fa64691e630_1.59dc710f33f31749e3992f1698cfd0ce.jpeg,champion,Jacket,winter,no,yes,Color,Blue,Material,Cotton
"Champion Men's Powerblend Fleece Pullover Hoodie, up to Size 4XL",Cotton/polyester blend helps reduce pilling and shrinkage.,#cotton,113486,5,enable,1230,300,50,10,https://i5.walmartimages.com/asr/caad199b-81a7-4323-a25a-4fa64691e630_1.59dc710f33f31749e3992f1698cfd0ce.jpeg,champion,Jacket,winter,no,yes,Color,Blue,Material,Cotton
"Champion Men's Powerblend Fleece Pullover Hoodie, up to Size 4XL",Cotton/polyester blend helps reduce pilling and shrinkage.,#cotton,113487,5,enable,1230,300,50,10,https://i5.walmartimages.com/asr/caad199b-81a7-4323-a25a-4fa64691e630_1.59dc710f33f31749e3992f1698cfd0ce.jpeg,champion,Jacket,winter,no,yes,Color,Blue,Material,Cotton
"Champion Men's Powerblend Fleece Pullover Hoodie, up to Size 4XL",Cotton/polyester blend helps reduce pilling and shrinkage.,#cotton,113488,5,enable,1230,300,50,10,https://i5.walmartimages.com/asr/caad199b-81a7-4323-a25a-4fa64691e630_1.59dc710f33f31749e3992f1698cfd0ce.jpeg,champion,Jacket,winter,no,yes,Color,Blue,Material,Cotton
"Champion Men's Powerblend Fleece Pullover Hoodie, up to Size 4XL",Cotton/polyester blend helps reduce pilling and shrinkage.,#cotton,113489,5,enable,1230,300,50,10,https://i5.walmartimages.com/asr/caad199b-81a7-4323-a25a-4fa64691e630_1.59dc710f33f31749e3992f1698cfd0ce.jpeg,champion,Jacket,winter,no,yes,Color,Blue,Material,Cotton
"Champion Men's Powerblend Fleece Pullover Hoodie, up to Size 4XL",Cotton/polyester blend helps reduce pilling and shrinkage.,#cotton,113490,5,enable,1230,300,50,10,https://i5.walmartimages.com/asr/caad199b-81a7-4323-a25a-4fa64691e630_1.59dc710f33f31749e3992f1698cfd0ce.jpeg,champion,Jacket,winter,no,yes,Color,Blue,Material,Cotton
"Champion Men's Powerblend Fleece Pullover Hoodie, up to Size 4XL",Cotton/polyester blend helps reduce pilling and shrinkage.,#cotton,113491,5,enable,1230,300,50,10,https://i5.walmartimages.com/asr/caad199b-81a7-4323-a25a-4fa64691e630_1.59dc710f33f31749e3992f1698cfd0ce.jpeg,champion,Jacket,winter,no,yes,Color,Blue,Material,Cotton
"Champion Men's Powerblend Fleece Pullover Hoodie, up to Size 4XL",Cotton/polyester blend helps reduce pilling and shrinkage.,#cotton,113492,5,enable,1230,300,50,10,https://i5.walmartimages.com/asr/caad199b-81a7-4323-a25a-4fa64691e630_1.59dc710f33f31749e3992f1698cfd0ce.jpeg,champion,Jacket,winter,no,yes,Color,Blue,Material,Cotton
"Champion Men's Powerblend Fleece Pullover Hoodie, up to Size 4XL",Cotton/polyester blend helps reduce pilling and shrinkage.,#cotton,113493,5,enable,1230,300,50,10,https://i5.walmartimages.com/asr/caad199b-81a7-4323-a25a-4fa64691e630_1.59dc710f33f31749e3992f1698cfd0ce.jpeg,champion,Jacket,winter,no,yes,Color,Blue,Material,Cotton
"Champion Men's Powerblend Fleece Pullover Hoodie, up to Size 4XL",Cotton/polyester blend helps reduce pilling and shrinkage.,#cotton,113494,5,enable,1230,300,50,10,https://i5.walmartimages.com/asr/caad199b-81a7-4323-a25a-4fa64691e630_1.59dc710f33f31749e3992f1698cfd0ce.jpeg,champion,Jacket,winter,no,yes,Color,Blue,Material,Cotton
"Champion Men's Powerblend Fleece Pullover Hoodie, up to Size 4XL",Cotton/polyester blend helps reduce pilling and shrinkage.,#cotton,113495,5,enable,1230,300,50,10,https://i5.walmartimages.com/asr/caad199b-81a7-4323-a25a-4fa64691e630_1.59dc710f33f31749e3992f1698cfd0ce.jpeg,champion,Jacket,winter,no,yes,Color,Blue,Material,Cotton
"Champion Men's Powerblend Fleece Pullover Hoodie, up to Size 4XL",Cotton/polyester blend helps reduce pilling and shrinkage.,#cotton,113496,5,enable,1230,300,50,10,https://i5.walmartimages.com/asr/caad199b-81a7-4323-a25a-4fa64691e630_1.59dc710f33f31749e3992f1698cfd0ce.jpeg,champion,Jacket,winter,no,yes,Color,Blue,Material,Cotton
"Champion Men's Powerblend Fleece Pullover Hoodie, up to Size 4XL",Cotton/polyester blend helps reduce pilling and shrinkage.,#cotton,113497,5,enable,1230,300,50,10,https://i5.walmartimages.com/asr/caad199b-81a7-4323-a25a-4fa64691e630_1.59dc710f33f31749e3992f1698cfd0ce.jpeg,champion,Jacket,winter,no,yes,Color,Blue,Material,Cotton
"Champion Men's Powerblend Fleece Pullover Hoodie, up to Size 4XL",Cotton/polyester blend helps reduce pilling and shrinkage.,#cotton,113498,5,enable,1230,300,50,10,https://i5.walmartimages.com/asr/caad199b-81a7-4323-a25a-4fa64691e630_1.59dc710f33f31749e3992f1698cfd0ce.jpeg,champion,Jacket,winter,no,yes,Color,Blue,Material,Cotton
"Champion Men's Powerblend Fleece Pullover Hoodie, up to Size 4XL",Cotton/polyester blend helps reduce pilling and shrinkage.,#cotton,113499,5,enable,1230,300,50,10,https://i5.walmartimages.com/asr/caad199b-81a7-4323-a25a-4fa64691e630_1.59dc710f33f31749e3992f1698cfd0ce.jpeg,champion,Jacket,winter,no,yes,Color,Blue,Material,Cotton
"Champion Men's Powerblend Fleece Pullover Hoodie, up to Size 4XL",Cotton/polyester blend helps reduce pilling and shrinkage.,#cotton,113500,5,enable,1230,300,50,10,https://i5.walmartimages.com/asr/caad199b-81a7-4323-a25a-4fa64691e630_1.59dc710f33f31749e3992f1698cfd0ce.jpeg,champion,Jacket,winter,no,yes,Color,Blue,Material,Cotton
"Champion Men's Powerblend Fleece Pullover Hoodie, up to Size 4XL",Cotton/polyester blend helps reduce pilling and shrinkage.,#cotton,113501,5,enable,1230,300,50,10,https://i5.walmartimages.com/asr/caad199b-81a7-4323-a25a-4fa64691e630_1.59dc710f33f31749e3992f1698cfd0ce.jpeg,champion,Jacket,winter,no,yes,Color,Blue,Material,Cotton
"Champion Men's Powerblend Fleece Pullover Hoodie, up to Size 4XL",Cotton/polyester blend helps reduce pilling and shrinkage.,#cotton,113502,5,enable,1230,300,50,10,https://i5.walmartimages.com/asr/caad199b-81a7-4323-a25a-4fa64691e630_1.59dc710f33f31749e3992f1698cfd0ce.jpeg,champion,Jacket,winter,no,yes,Color,Blue,Material,Cotton
"Champion Men's Powerblend Fleece Pullover Hoodie, up to Size 4XL",Cotton/polyester blend helps reduce pilling and shrinkage.,#cotton,113503,5,enable,1230,300,50,10,https://i5.walmartimages.com/asr/caad199b-81a7-4323-a25a-4fa64691e630_1.59dc710f33f31749e3992f1698cfd0ce.jpeg,champion,Jacket,winter,no,yes,Color,Blue,Material,Cotton
"Champion Men's Powerblend Fleece Pullover Hoodie, up to Size 4XL",Cotton/polyester blend helps reduce pilling and shrinkage.,#cotton,113504,5,enable,1230,300,50,10,https://i5.walmartimages.com/asr/caad199b-81a7-4323-a25a-4fa64691e630_1.59dc710f33f31749e3992f1698cfd0ce.jpeg,champion,Jacket,winter,no,yes,Color,Blue,Material,Cotton
"Champion Men's Powerblend Fleece Pullover Hoodie, up to Size 4XL",Cotton/polyester blend helps reduce pilling and shrinkage.,#cotton,113505,5,enable,1230,300,50,10,https://i5.walmartimages.com/asr/caad199b-81a7-4323-a25a-4fa64691e630_1.59dc710f33f31749e3992f1698cfd0ce.jpeg,champion,Jacket,winter,no,yes,Color,Blue,Material,Cotton
"Champion Men's Powerblend Fleece Pullover Hoodie, up to Size 4XL",Cotton/polyester blend helps reduce pilling and shrinkage.,#cotton,113506,5,enable,1230,300,50,10,https://i5.walmartimages.com/asr/caad199b-81a7-4323-a25a-4fa64691e630_1.59dc710f33f31749e3992f1698cfd0ce.jpeg,champion,Jacket,winter,no,yes,Color,Blue,Material,Cotton
"Champion Men's Powerblend Fleece Pullover Hoodie, up to Size 4XL",Cotton/polyester blend helps reduce pilling and shrinkage.,#cotton,113507,5,enable,1230,300,50,10,https://i5.walmartimages.com/asr/caad199b-81a7-4323-a25a-4fa64691e630_1.59dc710f33f31749e3992f1698cfd0ce.jpeg,champion,Jacket,winter,no,yes,Color,Blue,Material,Cotton
"Champion Men's Powerblend Fleece Pullover Hoodie, up to Size 4XL",Cotton/polyester blend helps reduce pilling and shrinkage.,#cotton,113508,5,enable,1230,300,50,10,https://i5.walmartimages.com/asr/caad199b-81a7-4323-a25a-4fa64691e630_1.59dc710f33f31749e3992f1698cfd0ce.jpeg,champion,Jacket,winter,no,yes,Color,Blue,Material,Cotton
"Champion Men's Powerblend Fleece Pullover Hoodie, up to Size 4XL",Cotton/polyester blend helps reduce pilling and shrinkage.,#cotton,113509,5,enable,1230,300,50,10,https://i5.walmartimages.com/asr/caad199b-81a7-4323-a25a-4fa64691e630_1.59dc710f33f31749e3992f1698cfd0ce.jpeg,champion,Jacket,winter,no,yes,Color,Blue,Material,Cotton
"Champion Men's Powerblend Fleece Pullover Hoodie, up to Size 4XL",Cotton/polyester blend helps reduce pilling and shrinkage.,#cotton,113510,5,enable,1230,300,50,10,https://i5.walmartimages.com/asr/caad199b-81a7-4323-a25a-4fa64691e630_1.59dc710f33f31749e3992f1698cfd0ce.jpeg,champion,Jacket,winter,no,yes,Color,Blue,Material,Cotton
