"Champion Men's Powerblend Fleece Pullover Hoodie, up to Size 4XL",Cotton/polyester blend helps reduce pilling and shrinkage.,#cotton,111411,5,enable,1230,300,50,10,https://i5.walmartimages.com/asr/caad199b-81a7-4323-a25a-4fa64691e630_1.59dc710f33f31749e3992f1698cfd0ce.jpeg,champion,Jacket,winter,no,yes,Color,Blue,Material,Cotton
"Champion Men's Powerblend Fleece Pullover Hoodie, up to Size 4XL",Cotton/polyester blend helps reduce pilling and shrinkage.,#cotton,111412,5,enable,1230,300,50,10,https://i5.walmartimages.com/asr/caad199b-81a7-4323-a25a-4fa64691e630_1.59dc710f33f31749e3992f1698cfd0ce.jpeg,champion,Jacket,winter,no,yes,Color,Blue,Material,Cotton
"Champion Men's Powerblend Fleece Pullover Hoodie, up to Size 4XL",Cotton/polyester blend helps reduce pilling and shrinkage.,#cotton,111413,5,enable,1230,300,50,10,https://i5.walmartimages.com/asr/caad199b-81a7-4323-a25a-4fa64691e630_1.59dc710f33f31749e3992f1698cfd0ce.jpeg,champion,Jacket,winter,no,yes,Color,Blue,Material,Cotton
"Champion Men's Powerblend Fleece Pullover Hoodie, up to Size 4XL",Cotton/polyester blend helps reduce pilling and shrinkage.,#cotton,111414,5,enable,1230,300,50,10,https://i5.walmartimages.com/asr/caad199b-81a7-4323-a25a-4fa64691e630_1.59dc710f33f31749e3992f1698cfd0ce.jpeg,champion,Jacket,winter,no,yes,Color,Blue,Material,Cotton
"Champion Men's Powerblend Fleece Pullover Hoodie, up to Size 4XL",Cotton/polyester blend helps reduce pilling and shrinkage.,#cotton,111415,5,enable,1230,300,50,10,https://i5.walmartimages.com/asr/caad199b-81a7-4323-a25a-4fa64691e630_1.59dc710f33f31749e3992f1698cfd0ce.jpeg,champion,Jacket,winter,no,yes,Color,Blue,Material,Cotton
"Champion Men's Powerblend Fleece Pullover Hoodie, up to Size 4XL",Cotton/polyester blend helps reduce pilling and shrinkage.,#cotton,111416,5,enable,1230,300,50,10,https://i5.walmartimages.com/asr/caad199b-81a7-4323-a25a-4fa64691e630_1.59dc710f33f31749e3992f1698cfd0ce.jpeg,champion,Jacket,winter,no,yes,Color,Blue,Material,Cotton
"Champion Men's Powerblend Fleece Pullover Hoodie, up to Size 4XL",Cotton/polyester blend helps reduce pilling and shrinkage.,#cotton,111417,5,enable,1230,300,50,10,https://i5.walmartimages.com/asr/caad199b-81a7-4323-a25a-4fa64691e630_1.59dc710f33f31749e3992f1698cfd0ce.jpeg,champion,Jacket,winter,no,yes,Color,Blue,Material,Cotton
"Champion Men's Powerblend Fleece Pullover Hoodie, up to Size 4XL",Cotton/polyester blend helps reduce pilling and shrinkage.,#cotton,111418,5,enable,1230,300,50,10,https://i5.walmartimages.com/asr/caad199b-81a7-4323-a25a-4fa64691e630_1.59dc710f33f31749e3992f1698cfd0ce.jpeg,champion,Jacket,winter,no,yes,Color,Blue,Material,Cotton
"Champion Men's Powerblend Fleece Pullover Hoodie, up to Size 4XL",Cotton/polyester blend helps reduce pilling and shrinkage.,#cotton,111419,5,enable,1230,300,50,10,https://i5.walmartimages.com/asr/caad199b-81a7-4323-a25a-4fa64691e630_1.59dc710f33f31749e3992f1698cfd0ce.jpeg,champion,Jacket,winter,no,yes,Color,Blue,Material,Cotton
"Champion Men's Powerblend Fleece Pullover Hoodie, up to Size 4XL",Cotton/polyester blend helps reduce pilling and shrinkage.,#cotton,111420,5,enable,1230,300,50,10,https://i5.walmartimages.com/asr/caad199b-81a7-4323-a25a-4fa64691e630_1.59dc710f33f31749e3992f1698cfd0ce.jpeg,champion,Jacket,winter,no,yes,Color,Blue,Material,Cotton
"Champion Men's Powerblend Fleece Pullover Hoodie, up to Size 4XL",Cotton/polyester blend helps reduce pilling and shrinkage.,#cotton,111421,5,enable,1230,300,50,10,https://i5.walmartimages.com/asr/caad199b-81a7-4323-a25a-4fa64691e630_1.59dc710f33f31749e3992f1698cfd0ce.jpeg,champion,Jacket,winter,no,yes,Color,Blue,Material,Cotton
"Champion Men's Powerblend Fleece Pullover Hoodie, up to Size 4XL",Cotton/polyester blend helps reduce pilling and shrinkage.,#cotton,111422,5,enable,1230,300,50,10,https://i5.walmartimages.com/asr/caad199b-81a7-4323-a25a-4fa64691e630_1.59dc710f33f31749e3992f1698cfd0ce.jpeg,champion,Jacket,winter,no,yes,Color,Blue,Material,Cotton
"Champion Men's Powerblend Fleece Pullover Hoodie, up to Size 4XL",Cotton/polyester blend helps reduce pilling and shrinkage.,#cotton,111423,5,enable,1230,300,50,10,https://i5.walmartimages.com/asr/caad199b-81a7-4323-a25a-4fa64691e630_1.59dc710f33f31749e3992f1698cfd0ce.jpeg,champion,Jacket,winter,no,yes,Color,Blue,Material,Cotton
"Champion Men's Powerblend Fleece Pullover Hoodie, up to Size 4XL",Cotton/polyester blend helps reduce pilling and shrinkage.,#cotton,111424,5,enable,1230,300,50,10,https://i5.walmartimages.com/asr/caad199b-81a7-4323-a25a-4fa64691e630_1.59dc710f33f31749e3992f1698cfd0ce.jpeg,champion,Jacket,winter,no,yes,Color,Blue,Material,Cotton
"Champion Men's Powerblend Fleece Pullover Hoodie, up to Size 4XL",Cotton/polyester blend helps reduce pilling and shrinkage.,#cotton,111425,5,enable,1230,300,50,10,https://i5.walmartimages.com/asr/caad199b-81a7-4323-a25a-4fa64691e630_1.59dc710f33f31749e3992f1698cfd0ce.jpeg,champion,Jacket,winter,no,yes,Color,Blue,Material,Cotton
"Champion Men's Powerblend Fleece Pullover Hoodie, up to Size 4XL",Cotton/polyester blend helps reduce pilling and shrinkage.,#cotton,111426,5,enable,1230,300,50,10,https://i5.walmartimages.com/asr/caad199b-81a7-4323-a25a-4fa64691e630_1.59dc710f33f31749e3992f1698cfd0ce.jpeg,champion,Jacket,winter,no,yes,Color,Blue,Material,Cotton
"Champion Men's Powerblend Fleece Pullover Hoodie, up to Size 4XL",Cotton/polyester blend helps reduce pilling and shrinkage.,#cotton,111427,5,enable,1230,300,50,10,https://i5.walmartimages.com/asr/caad199b-81a7-4323-a25a-4fa64691e630_1.59dc710f33f31749e3992f1698cfd0ce.jpeg,champion,Jacket,winter,no,yes,Color,Blue,Material,Cotton
"Champion Men's Powerblend Fleece Pullover Hoodie, up to Size 4XL",Cotton/polyester blend helps reduce pilling and shrinkage.,#cotton,111428,5,enable,1230,300,50,10,https://i5.walmartimages.com/asr/caad199b-81a7-4323-a25a-4fa64691e630_1.59dc710f33f31749e3992f1698cfd0ce.jpeg,champion,Jacket,winter,no,yes,Color,Blue,Material,Cotton
"Champion Men's Powerblend Fleece Pullover Hoodie, up to Size 4XL",Cotton/polyester blend helps reduce pilling and shrinkage.,#cotton,111429,5,enable,1230,300,50,10,https://i5.walmartimages.com/asr/caad199b-81a7-4323-a25a-4fa64691e630_1.59dc710f33f31749e3992f1698cfd0ce.jpeg,champion,Jacket,winter,no,yes,Color,Blue,Material,Cotton
"Champion Men's Powerblend Fleece Pullover Hoodie, up to Size 4XL",Cotton/polyester blend helps reduce pilling and shrinkage.,#cotton,111430,5,enable,1230,300,50,10,https://i5.walmartimages.com/asr/caad199b-81a7-4323-a25a-4fa64691e630_1.59dc710f33f31749e3992f1698cfd0ce.jpeg,champion,Jacket,winter,no,yes,Color,Blue,Material,Cotton
"Champion Men's Powerblend Fleece Pullover Hoodie, up to Size 4XL",Cotton/polyester blend helps reduce pilling and shrinkage.,#cotton,111431,5,enable,1230,300,50,10,https://i5.walmartimages.com/asr/caad199b-81a7-4323-a25a-4fa64691e630_1.59dc710f33f31749e3992f1698cfd0ce.jpeg,champion,Jacket,winter,no,yes,Color,Blue,Material,Cotton
"Champion Men's Powerblend Fleece Pullover Hoodie, up to Size 4XL",Cotton/polyester blend helps reduce pilling and shrinkage.,#cotton,111432,5,enable,1230,300,50,10,https://i5.walmartimages.com/asr/caad199b-81a7-4323-a25a-4fa64691e630_1.59dc710f33f31749e3992f1698cfd0ce.jpeg,champion,Jacket,winter,no,yes,Color,Blue,Material,Cotton
"Champion Men's Powerblend Fleece Pullover Hoodie, up to Size 4XL",Cotton/polyester blend helps reduce pilling and shrinkage.,#cotton,111433,5,enable,1230,300,50,10,https://i5.walmartimages.com/asr/caad199b-81a7-4323-a25a-4fa64691e630_1.59dc710f33f31749e3992f1698cfd0ce.jpeg,champion,Jacket,winter,no,yes,Color,Blue,Material,Cotton
"Champion Men's Powerblend Fleece Pullover Hoodie, up to Size 4XL",Cotton/polyester blend helps reduce pilling and shrinkage.,#cotton,111434,5,enable,1230,300,50,10,https://i5.walmartimages.com/asr/caad199b-81a7-4323-a25a-4fa64691e630_1.59dc710f33f31749e3992f1698cfd0ce.jpeg,champion,Jacket,winter,no,yes,Color,Blue,Material,Cotton
"Champion Men's Powerblend Fleece Pullover Hoodie, up to Size 4XL",Cotton/polyester blend helps reduce pilling and shrinkage.,#cotton,111435,5,enable,1230,300,50,10,https://i5.walmartimages.com/asr/caad199b-81a7-4323-a25a-4fa64691e630_1.59dc710f33f31749e3992f1698cfd0ce.jpeg,champion,Jacket,winter,no,yes,Color,Blue,Material,Cotton
"Champion Men's Powerblend Fleece Pullover Hoodie, up to Size 4XL",Cotton/polyester blend helps reduce pilling and shrinkage.,#cotton,111436,5,enable,1230,300,50,10,https://i5.walmartimages.com/asr/caad199b-81a7-4323-a25a-4fa64691e630_1.59dc710f33f31749e3992f1698cfd0ce.jpeg,champion,Jacket,winter,no,yes,Color,Blue,Material,Cotton
"Champion Men's Powerblend Fleece Pullover Hoodie, up to Size 4XL",Cotton/polyester blend helps reduce pilling and shrinkage.,#cotton,111437,5,enable,1230,300,50,10,https://i5.walmartimages.com/asr/caad199b-81a7-4323-a25a-4fa64691e630_1.59dc710f33f31749e3992f1698cfd0ce.jpeg,champion,Jacket,winter,no,yes,Color,Blue,Material,Cotton
"Champion Men's Powerblend Fleece Pullover Hoodie, up to Size 4XL",Cotton/polyester blend helps reduce pilling and shrinkage.,#cotton,111438,5,enable,1230,300,50,10,https://i5.walmartimages.com/asr/caad199b-81a7-4323-a25a-4fa64691e630_1.59dc710f33f31749e3992f1698cfd0ce.jpeg,champion,Jacket,winter,no,yes,Color,Blue,Material,Cotton
"Champion Men's Powerblend Fleece Pullover Hoodie, up to Size 4XL",Cotton/polyester blend helps reduce pilling and shrinkage.,#cotton,111439,5,enable,1230,300,50,10,https://i5.walmartimages.com/asr/caad199b-81a7-4323-a25a-4fa64691e630_1.59dc710f33f31749e3992f1698cfd0ce.jpeg,champion,Jacket,winter,no,yes,Color,Blue,Material,Cotton
"Champion Men's Powerblend Fleece Pullover Hoodie, up to Size 4XL",Cotton/polyester blend helps reduce pilling and shrinkage.,#cotton,111440,5,enable,1230,300,50,10,https://i5.walmartimages.com/asr/caad199b-81a7-4323-a25a-4fa64691e630_1.59dc710f33f31749e3992f1698cfd0ce.jpeg,champion,Jacket,winter,no,yes,Color,Blue,Material,Cotton
"Champion Men's Powerblend Fleece Pullover Hoodie, up to Size 4XL",Cotton/polyester blend helps reduce pilling and shrinkage.,#cotton,111441,5,enable,1230,300,50,10,https://i5.walmartimages.com/asr/caad199b-81a7-4323-a25a-4fa64691e630_1.59dc710f33f31749e3992f1698cfd0ce.jpeg,champion,Jacket,winter,no,yes,Color,Blue,Material,Cotton
"Champion Men's Powerblend Fleece Pullover Hoodie, up to Size 4XL",Cotton/polyester blend helps reduce pilling and shrinkage.,#cotton,111442,5,enable,1230,300,50,10,https://i5.walmartimages.com/asr/caad199b-81a7-4323-a25a-4fa64691e630_1.59dc710f33f31749e3992f1698cfd0ce.jpeg,champion,Jacket,winter,no,yes,Color,Blue,Material,Cotton
"Champion Men's Powerblend Fleece Pullover Hoodie, up to Size 4XL",Cotton/polyester blend helps reduce pilling and shrinkage.,#cotton,111443,5,enable,1230,300,50,10,https://i5.walmartimages.com/asr/caad199b-81a7-4323-a25a-4fa64691e630_1.59dc710f33f31749e3992f1698cfd0ce.jpeg,champion,Jacket,winter,no,yes,Color,Blue,Material,Cotton
"Champion Men's Powerblend Fleece Pullover Hoodie, up to Size 4XL",Cotton/polyester blend helps reduce pilling and shrinkage.,#cotton,111444,5,enable,1230,300,50,10,https://i5.walmartimages.com/asr/caad199b-81a7-4323-a25a-4fa64691e630_1.59dc710f33f31749e3992f1698cfd0ce.jpeg,champion,Jacket,winter,no,yes,Color,Blue,Material,Cotton
"Champion Men's Powerblend Fleece Pullover Hoodie, up to Size 4XL",Cotton/polyester blend helps reduce pilling and shrinkage.,#cotton,111445,5,enable,1230,300,50,10,https://i5.walmartimages.com/asr/caad199b-81a7-4323-a25a-4fa64691e630_1.59dc710f33f31749e3992f1698cfd0ce.jpeg,champion,Jacket,winter,no,yes,Color,Blue,Material,Cotton
"Champion Men's Powerblend Fleece Pullover Hoodie, up to Size 4XL",Cotton/polyester blend helps reduce pilling and shrinkage.,#cotton,111446,5,enable,1230,300,50,10,https://i5.walmartimages.com/asr/caad199b-81a7-4323-a25a-4fa64691e630_1.59dc710f33f31749e3992f1698cfd0ce.jpeg,champion,Jacket,winter,no,yes,Color,Blue,Material,Cotton
"Champion Men's Powerblend Fleece Pullover Hoodie, up to Size 4XL",Cotton/polyester blend helps reduce pilling and shrinkage.,#cotton,111447,5,enable,1230,300,50,10,https://i5.walmartimages.com/asr/caad199b-81a7-4323-a25a-4fa64691e630_1.59dc710f33f31749e3992f1698cfd0ce.jpeg,champion,Jacket,winter,no,yes,Color,Blue,Material,Cotton
"Champion Men's Powerblend Fleece Pullover Hoodie, up to Size 4XL",Cotton/polyester blend helps reduce pilling and shrinkage.,#cotton,111448,5,enable,1230,300,50,10,https://i5.walmartimages.com/asr/caad199b-81a7-4323-a25a-4fa64691e630_1.59dc710f33f31749e3992f1698cfd0ce.jpeg,champion,Jacket,winter,no,yes,Color,Blue,Material,Cotton
"Champion Men's Powerblend Fleece Pullover Hoodie, up to Size 4XL",Cotton/polyester blend helps reduce pilling and shrinkage.,#cotton,111449,5,enable,1230,300,50,10,https://i5.walmartimages.com/asr/caad199b-81a7-4323-a25a-4fa64691e630_1.59dc710f33f31749e3992f1698cfd0ce.jpeg,champion,Jacket,winter,no,yes,Color,Blue,Material,Cotton
"Champion Men's Powerblend Fleece Pullover Hoodie, up to Size 4XL",Cotton/polyester blend helps reduce pilling and shrinkage.,#cotton,111450,5,enable,1230,300,50,10,https://i5.walmartimages.com/asr/caad199b-81a7-4323-a25a-4fa64691e630_1.59dc710f33f31749e3992f1698cfd0ce.jpeg,champion,Jacket,winter,no,yes,Color,Blue,Material,Cotton
"Champion Men's Powerblend Fleece Pullover Hoodie, up to Size 4XL",Cotton/polyester blend helps reduce pilling and shrinkage.,#cotton,111451,5,enable,1230,300,50,10,https://i5.walmartimages.com/asr/caad199b-81a7-4323-a25a-4fa64691e630_1.59dc710f33f31749e3992f1698cfd0ce.jpeg,champion,Jacket,winter,no,yes,Color,Blue,Material,Cotton
"Champion Men's Powerblend Fleece Pullover Hoodie, up to Size 4XL",Cotton/polyester blend helps reduce pilling and shrinkage.,#cotton,111452,5,enable,1230,300,50,10,https://i5.walmartimages.com/asr/caad199b-81a7-4323-a25a-4fa64691e630_1.59dc710f33f31749e3992f1698cfd0ce.jpeg,champion,Jacket,winter,no,yes,Color,Blue,Material,Cotton
"Champion Men's Powerblend Fleece Pullover Hoodie, up to Size 4XL",Cotton/polyester blend helps reduce pilling and shrinkage.,#cotton,111453,5,enable,1230,300,50,10,https://i5.walmartimages.com/asr/caad199b-81a7-4323-a25a-4fa64691e630_1.59dc710f33f31749e3992f1698cfd0ce.jpeg,champion,Jacket,winter,no,yes,Color,Blue,Material,Cotton
"Champion Men's Powerblend Fleece Pullover Hoodie, up to Size 4XL",Cotton/polyester blend helps reduce pilling and shrinkage.,#cotton,111454,5,enable,1230,300,50,10,https://i5.walmartimages.com/asr/caad199b-81a7-4323-a25a-4fa64691e630_1.59dc710f33f31749e3992f1698cfd0ce.jpeg,champion,Jacket,winter,no,yes,Color,Blue,Material,Cotton
"Champion Men's Powerblend Fleece Pullover Hoodie, up to Size 4XL",Cotton/polyester blend helps reduce pilling and shrinkage.,#cotton,111455,5,enable,1230,300,50,10,https://i5.walmartimages.com/asr/caad199b-81a7-4323-a25a-4fa64691e630_1.59dc710f33f31749e3992f1698cfd0ce.jpeg,champion,Jacket,winter,no,yes,Color,Blue,Material,Cotton
"Champion Men's Powerblend Fleece Pullover Hoodie, up to Size 4XL",Cotton/polyester blend helps reduce pilling and shrinkage.,#cotton,111456,5,enable,1230,300,50,10,https://i5.walmartimages.com/asr/caad199b-81a7-4323-a25a-4fa64691e630_1.59dc710f33f31749e3992f1698cfd0ce.jpeg,champion,Jacket,winter,no,yes,Color,Blue,Material,Cotton
"Champion Men's Powerblend Fleece Pullover Hoodie, up to Size 4XL",Cotton/polyester blend helps reduce pilling and shrinkage.,#cotton,111457,5,enable,1230,300,50,10,https://i5.walmartimages.com/asr/caad199b-81a7-4323-a25a-4fa64691e630_1.59dc710f33f31749e3992f1698cfd0ce.jpeg,champion,Jacket,winter,no,yes,Color,Blue,Material,Cotton
"Champion Men's Powerblend Fleece Pullover Hoodie, up to Size 4XL",Cotton/polyester blend helps reduce pilling and shrinkage.,#cotton,111458,5,enable,1230,300,50,10,https://i5.walmartimages.com/asr/caad199b-81a7-4323-a25a-4fa64691e630_1.59dc710f33f31749e3992f1698cfd0ce.jpeg,champion,Jacket,winter,no,yes,Color,Blue,Material,Cotton
"Champion Men's Powerblend Fleece Pullover Hoodie, up to Size 4XL",Cotton/polyester blend helps reduce pilling and shrinkage.,#cotton,111459,5,enable,1230,300,50,10,https://i5.walmartimages.com/asr/caad199b-81a7-4323-a25a-4fa64691e630_1.59dc710f33f31749e3992f1698cfd0ce.jpeg,champion,Jacket,winter,no,yes,Color,Blue,Material,Cotton
"Champion Men's Powerblend Fleece Pullover Hoodie, up to Size 4XL",Cotton/polyester blend helps reduce pilling and shrinkage.,#cotton,111460,5,enable,1230,300,50,10,https://i5.walmartimages.com/asr/caad199b-81a7-4323-a25a-4fa64691e630_1.59dc710f33f31749e3992f1698cfd0ce.jpeg,champion,Jacket,winter,no,yes,Color,Blue,Material,Cotton
"Champion Men's Powerblend Fleece Pullover Hoodie, up to Size 4XL",Cotton/polyester blend helps reduce pilling and shrinkage.,#cotton,111461,5,enable,1230,300,50,10,https://i5.walmartimages.com/asr/caad199b-81a7-4323-a25a-4fa64691e630_1.59dc710f33f31749e3992f1698cfd0ce.jpeg,champion,Jacket,winter,no,yes,Color,Blue,Material,Cotton
"Champion Men's Powerblend Fleece Pullover Hoodie, up to Size 4XL",Cotton/polyester blend helps reduce pilling and shrinkage.,#cotton,111462,5,enable,1230,300,50,10,https://i5.walmartimages.com/asr/caad199b-81a7-4323-a25a-4fa64691e630_1.59dc710f33f31749e3992f1698cfd0ce.jpeg,champion,Jacket,winter,no,yes,Color,Blue,Material,Cotton
"Champion Men's Powerblend Fleece Pullover Hoodie, up to Size 4XL",Cotton/polyester blend helps reduce pilling and shrinkage.,#cotton,111463,5,enable,1230,300,50,10,https://i5.walmartimages.com/asr/caad199b-81a7-4323-a25a-4fa64691e630_1.59dc710f33f31749e3992f1698cfd0ce.jpeg,champion,Jacket,winter,no,yes,Color,Blue,Material,Cotton
"Champion Men's Powerblend Fleece Pullover Hoodie, up to Size 4XL",Cotton/polyester blend helps reduce pilling and shrinkage.,#cotton,111464,5,enable,1230,300,50,10,https://i5.walmartimages.com/asr/caad199b-81a7-4323-a25a-4fa64691e630_1.59dc710f33f31749e3992f1698cfd0ce.jpeg,champion,Jacket,winter,no,yes,Color,Blue,Material,Cotton
"Champion Men's Powerblend Fleece Pullover Hoodie, up to Size 4XL",Cotton/polyester blend helps reduce pilling and shrinkage.,#cotton,111465,5,enable,1230,300,50,10,https://i5.walmartimages.com/asr/caad199b-81a7-4323-a25a-4fa64691e630_1.59dc710f33f31749e3992f1698cfd0ce.jpeg,champion,Jacket,winter,no,yes,Color,Blue,Material,Cotton
"Champion Men's Powerblend Fleece Pullover Hoodie, up to Size 4XL",Cotton/polyester blend helps reduce pilling and shrinkage.,#cotton,111466,5,enable,1230,300,50,10,https://i5.walmartimages.com/asr/caad199b-81a7-4323-a25a-4fa64691e630_1.59dc710f33f31749e3992f1698cfd0ce.jpeg,champion,Jacket,winter,no,yes,Color,Blue,Material,Cotton
"Champion Men's Powerblend Fleece Pullover Hoodie, up to Size 4XL",Cotton/polyester blend helps reduce pilling and shrinkage.,#cotton,111467,5,enable,1230,300,50,10,https://i5.walmartimages.com/asr/caad199b-81a7-4323-a25a-4fa64691e630_1.59dc710f33f31749e3992f1698cfd0ce.jpeg,champion,Jacket,winter,no,yes,Color,Blue,Material,Cotton
"Champion Men's Powerblend Fleece Pullover Hoodie, up to Size 4XL",Cotton/polyester blend helps reduce pilling and shrinkage.,#cotton,111468,5,enable,1230,300,50,10,https://i5.walmartimages.com/asr/caad199b-81a7-4323-a25a-4fa64691e630_1.59dc710f33f31749e3992f1698cfd0ce.jpeg,champion,Jacket,winter,no,yes,Color,Blue,Material,Cotton
"Champion Men's Powerblend Fleece Pullover Hoodie, up to Size 4XL",Cotton/polyester blend helps reduce pilling and shrinkage.,#cotton,111469,5,enable,1230,300,50,10,https://i5.walmartimages.com/asr/caad199b-81a7-4323-a25a-4fa64691e630_1.59dc710f33f31749e3992f1698cfd0ce.jpeg,champion,Jacket,winter,no,yes,Color,Blue,Material,Cotton
"Champion Men's Powerblend Fleece Pullover Hoodie, up to Size 4XL",Cotton/polyester blend helps reduce pilling and shrinkage.,#cotton,111470,5,enable,1230,300,50,10,https://i5.walmartimages.com/asr/caad199b-81a7-4323-a25a-4fa64691e630_1.59dc710f33f31749e3992f1698cfd0ce.jpeg,champion,Jacket,winter,no,yes,Color,Blue,Material,Cotton
"Champion Men's Powerblend Fleece Pullover Hoodie, up to Size 4XL",Cotton/polyester blend helps reduce pilling and shrinkage.,#cotton,111471,5,enable,1230,300,50,10,https://i5.walmartimages.com/asr/caad199b-81a7-4323-a25a-4fa64691e630_1.59dc710f33f31749e3992f1698cfd0ce.jpeg,champion,Jacket,winter,no,yes,Color,Blue,Material,Cotton
"Champion Men's Powerblend Fleece Pullover Hoodie, up to Size 4XL",Cotton/polyester blend helps reduce pilling and shrinkage.,#cotton,111472,5,enable,1230,300,50,10,https://i5.walmartimages.com/asr/caad199b-81a7-4323-a25a-4fa64691e630_1.59dc710f33f31749e3992f1698cfd0ce.jpeg,champion,Jacket,winter,no,yes,Color,Blue,Material,Cotton
"Champion Men's Powerblend Fleece Pullover Hoodie, up to Size 4XL",Cotton/polyester blend helps reduce pilling and shrinkage.,#cotton,111473,5,enable,1230,300,50,10,https://i5.walmartimages.com/asr/caad199b-81a7-4323-a25a-4fa64691e630_1.59dc710f33f31749e3992f1698cfd0ce.jpeg,champion,Jacket,winter,no,yes,Color,Blue,Material,Cotton
"Champion Men's Powerblend Fleece Pullover Hoodie, up to Size 4XL",Cotton/polyester blend helps reduce pilling and shrinkage.,#cotton,111474,5,enable,1230,300,50,10,https://i5.walmartimages.com/asr/caad199b-81a7-4323-a25a-4fa64691e630_1.59dc710f33f31749e3992f1698cfd0ce.jpeg,champion,Jacket,winter,no,yes,Color,Blue,Material,Cotton
"Champion Men's Powerblend Fleece Pullover Hoodie, up to Size 4XL",Cotton/polyester blend helps reduce pilling and shrinkage.,#cotton,111475,5,enable,1230,300,50,10,https://i5.walmartimages.com/asr/caad199b-81a7-4323-a25a-4fa64691e630_1.59dc710f33f31749e3992f1698cfd0ce.jpeg,champion,Jacket,winter,no,yes,Color,Blue,Material,Cotton
"Champion Men's Powerblend Fleece Pullover Hoodie, up to Size 4XL",Cotton/polyester blend helps reduce pilling and shrinkage.,#cotton,111476,5,enable,1230,300,50,10,https://i5.walmartimages.com/asr/caad199b-81a7-4323-a25a-4fa64691e630_1.59dc710f33f31749e3992f1698cfd0ce.jpeg,champion,Jacket,winter,no,yes,Color,Blue,Material,Cotton
"Champion Men's Powerblend Fleece Pullover Hoodie, up to Size 4XL",Cotton/polyester blend helps reduce pilling and shrinkage.,#cotton,111477,5,enable,1230,300,50,10,https://i5.walmartimages.com/asr/caad199b-81a7-4323-a25a-4fa64691e630_1.59dc710f33f31749e3992f1698cfd0ce.jpeg,champion,Jacket,winter,no,yes,Color,Blue,Material,Cotton
"Champion Men's Powerblend Fleece Pullover Hoodie, up to Size 4XL",Cotton/polyester blend helps reduce pilling and shrinkage.,#cotton,111478,5,enable,1230,300,50,10,https://i5.walmartimages.com/asr/caad199b-81a7-4323-a25a-4fa64691e630_1.59dc710f33f31749e3992f1698cfd0ce.jpeg,champion,Jacket,winter,no,yes,Color,Blue,Material,Cotton
"Champion Men's Powerblend Fleece Pullover Hoodie, up to Size 4XL",Cotton/polyester blend helps reduce pilling and shrinkage.,#cotton,111479,5,enable,1230,300,50,10,https://i5.walmartimages.com/asr/caad199b-81a7-4323-a25a-4fa64691e630_1.59dc710f33f31749e3992f1698cfd0ce.jpeg,champion,Jacket,winter,no,yes,Color,Blue,Material,Cotton
"Champion Men's Powerblend Fleece Pullover Hoodie, up to Size 4XL",Cotton/polyester blend helps reduce pilling and shrinkage.,#cotton,111480,5,enable,1230,300,50,10,https://i5.walmartimages.com/asr/caad199b-81a7-4323-a25a-4fa64691e630_1.59dc710f33f31749e3992f1698cfd0ce.jpeg,champion,Jacket,winter,no,yes,Color,Blue,Material,Cotton
"Champion Men's Powerblend Fleece Pullover Hoodie, up to Size 4XL",Cotton/polyester blend helps reduce pilling and shrinkage.,#cotton,111481,5,enable,1230,300,50,10,https://i5.walmartimages.com/asr/caad199b-81a7-4323-a25a-4fa64691e630_1.59dc710f33f31749e3992f1698cfd0ce.jpeg,champion,Jacket,winter,no,yes,Color,Blue,Material,Cotton
"Champion Men's Powerblend Fleece Pullover Hoodie, up to Size 4XL",Cotton/polyester blend helps reduce pilling and shrinkage.,#cotton,111482,5,enable,1230,300,50,10,https://i5.walmartimages.com/asr/caad199b-81a7-4323-a25a-4fa64691e630_1.59dc710f33f31749e3992f1698cfd0ce.jpeg,champion,Jacket,winter,no,yes,Color,Blue,Material,Cotton
"Champion Men's Powerblend Fleece Pullover Hoodie, up to Size 4XL",Cotton/polyester blend helps reduce pilling and shrinkage.,#cotton,111483,5,enable,1230,300,50,10,https://i5.walmartimages.com/asr/caad199b-81a7-4323-a25a-4fa64691e630_1.59dc710f33f31749e3992f1698cfd0ce.jpeg,champion,Jacket,winter,no,yes,Color,Blue,Material,Cotton
"Champion Men's Powerblend Fleece Pullover Hoodie, up to Size 4XL",Cotton/polyester blend helps reduce pilling and shrinkage.,#cotton,111484,5,enable,1230,300,50,10,https://i5.walmartimages.com/asr/caad199b-81a7-4323-a25a-4fa64691e630_1.59dc710f33f31749e3992f1698cfd0ce.jpeg,champion,Jacket,winter,no,yes,Color,Blue,Material,Cotton
"Champion Men's Powerblend Fleece Pullover Hoodie, up to Size 4XL",Cotton/polyester blend helps reduce pilling and shrinkage.,#cotton,111485,5,enable,1230,300,50,10,https://i5.walmartimages.com/asr/caad199b-81a7-4323-a25a-4fa64691e630_1.59dc710f33f31749e3992f1698cfd0ce.jpeg,champion,Jacket,winter,no,yes,Color,Blue,Material,Cotton
"Champion Men's Powerblend Fleece Pullover Hoodie, up to Size 4XL",Cotton/polyester blend helps reduce pilling and shrinkage.,#cotton,111486,5,enable,1230,300,50,10,https://i5.walmartimages.com/asr/caad199b-81a7-4323-a25a-4fa64691e630_1.59dc710f33f31749e3992f1698cfd0ce.jpeg,champion,Jacket,winter,no,yes,Color,Blue,Material,Cotton
"Champion Men's Powerblend Fleece Pullover Hoodie, up to Size 4XL",Cotton/polyester blend helps reduce pilling and shrinkage.,#cotton,111487,5,enable,1230,300,50,10,https://i5.walmartimages.com/asr/caad199b-81a7-4323-a25a-4fa64691e630_1.59dc710f33f31749e3992f1698cfd0ce.jpeg,champion,Jacket,winter,no,yes,Color,Blue,Material,Cotton
"Champion Men's Powerblend Fleece Pullover Hoodie, up to Size 4XL",Cotton/polyester blend helps reduce pilling and shrinkage.,#cotton,111488,5,enable,1230,300,50,10,https://i5.walmartimages.com/asr/caad199b-81a7-4323-a25a-4fa64691e630_1.59dc710f33f31749e3992f1698cfd0ce.jpeg,champion,Jacket,winter,no,yes,Color,Blue,Material,Cotton
"Champion Men's Powerblend Fleece Pullover Hoodie, up to Size 4XL",Cotton/polyester blend helps reduce pilling and shrinkage.,#cotton,111489,5,enable,1230,300,50,10,https://i5.walmartimages.com/asr/caad199b-81a7-4323-a25a-4fa64691e630_1.59dc710f33f31749e3992f1698cfd0ce.jpeg,champion,Jacket,winter,no,yes,Color,Blue,Material,Cotton
"Champion Men's Powerblend Fleece Pullover Hoodie, up to Size 4XL",Cotton/polyester blend helps reduce pilling and shrinkage.,#cotton,111490,5,enable,1230,300,50,10,https://i5.walmartimages.com/asr/caad199b-81a7-4323-a25a-4fa64691e630_1.59dc710f33f31749e3992f1698cfd0ce.jpeg,champion,Jacket,winter,no,yes,Color,Blue,Material,Cotton
"Champion Men's Powerblend Fleece Pullover Hoodie, up to Size 4XL",Cotton/polyester blend helps reduce pilling and shrinkage.,#cotton,111491,5,enable,1230,300,50,10,https://i5.walmartimages.com/asr/caad199b-81a7-4323-a25a-4fa64691e630_1.59dc710f33f31749e3992f1698cfd0ce.jpeg,champion,Jacket,winter,no,yes,Color,Blue,Material,Cotton
"Champion Men's Powerblend Fleece Pullover Hoodie, up to Size 4XL",Cotton/polyester blend helps reduce pilling and shrinkage.,#cotton,111492,5,enable,1230,300,50,10,https://i5.walmartimages.com/asr/caad199b-81a7-4323-a25a-4fa64691e630_1.59dc710f33f31749e3992f1698cfd0ce.jpeg,champion,Jacket,winter,no,yes,Color,Blue,Material,Cotton
"Champion Men's Powerblend Fleece Pullover Hoodie, up to Size 4XL",Cotton/polyester blend helps reduce pilling and shrinkage.,#cotton,111493,5,enable,1230,300,50,10,https://i5.walmartimages.com/asr/caad199b-81a7-4323-a25a-4fa64691e630_1.59dc710f33f31749e3992f1698cfd0ce.jpeg,champion,Jacket,winter,no,yes,Color,Blue,Material,Cotton
"Champion Men's Powerblend Fleece Pullover Hoodie, up to Size 4XL",Cotton/polyester blend helps reduce pilling and shrinkage.,#cotton,111494,5,enable,1230,300,50,10,https://i5.walmartimages.com/asr/caad199b-81a7-4323-a25a-4fa64691e630_1.59dc710f33f31749e3992f1698cfd0ce.jpeg,champion,Jacket,winter,no,yes,Color,Blue,Material,Cotton
"Champion Men's Powerblend Fleece Pullover Hoodie, up to Size 4XL",Cotton/polyester blend helps reduce pilling and shrinkage.,#cotton,111495,5,enable,1230,300,50,10,https://i5.walmartimages.com/asr/caad199b-81a7-4323-a25a-4fa64691e630_1.59dc710f33f31749e3992f1698cfd0ce.jpeg,champion,Jacket,winter,no,yes,Color,Blue,Material,Cotton
"Champion Men's Powerblend Fleece Pullover Hoodie, up to Size 4XL",Cotton/polyester blend helps reduce pilling and shrinkage.,#cotton,111496,5,enable,1230,300,50,10,https://i5.walmartimages.com/asr/caad199b-81a7-4323-a25a-4fa64691e630_1.59dc710f33f31749e3992f1698cfd0ce.jpeg,champion,Jacket,winter,no,yes,Color,Blue,Material,Cotton
"Champion Men's Powerblend Fleece Pullover Hoodie, up to Size 4XL",Cotton/polyester blend helps reduce pilling and shrinkage.,#cotton,111497,5,enable,1230,300,50,10,https://i5.walmartimages.com/asr/caad199b-81a7-4323-a25a-4fa64691e630_1.59dc710f33f31749e3992f1698cfd0ce.jpeg,champion,Jacket,winter,no,yes,Color,Blue,Material,Cotton
"Champion Men's Powerblend Fleece Pullover Hoodie, up to Size 4XL",Cotton/polyester blend helps reduce pilling and shrinkage.,#cotton,111498,5,enable,1230,300,50,10,https://i5.walmartimages.com/asr/caad199b-81a7-4323-a25a-4fa64691e630_1.59dc710f33f31749e3992f1698cfd0ce.jpeg,champion,Jacket,winter,no,yes,Color,Blue,Material,Cotton
"Champion Men's Powerblend Fleece Pullover Hoodie, up to Size 4XL",Cotton/polyester blend helps reduce pilling and shrinkage.,#cotton,111499,5,enable,1230,300,50,10,https://i5.walmartimages.com/asr/caad199b-81a7-4323-a25a-4fa64691e630_1.59dc710f33f31749e3992f1698cfd0ce.jpeg,champion,Jacket,winter,no,yes,Color,Blue,Material,Cotton
"Champion Men's Powerblend Fleece Pullover Hoodie, up to Size 4XL",Cotton/polyester blend helps reduce pilling and shrinkage.,#cotton,111500,5,enable,1230,300,50,10,https://i5.walmartimages.com/asr/caad199b-81a7-4323-a25a-4fa64691e630_1.59dc710f33f31749e3992f1698cfd0ce.jpeg,champion,Jacket,winter,no,yes,Color,Blue,Material,Cotton
"Champion Men's Powerblend Fleece Pullover Hoodie, up to Size 4XL",Cotton/polyester blend helps reduce pilling and shrinkage.,#cotton,111501,5,enable,1230,300,50,10,https://i5.walmartimages.com/asr/caad199b-81a7-4323-a25a-4fa64691e630_1.59dc710f33f31749e3992f1698cfd0ce.jpeg,champion,Jacket,winter,no,yes,Color,Blue,Material,Cotton
"Champion Men's Powerblend Fleece Pullover Hoodie, up to Size 4XL",Cotton/polyester blend helps reduce pilling and shrinkage.,#cotton,111502,5,enable,1230,300,50,10,https://i5.walmartimages.com/asr/caad199b-81a7-4323-a25a-4fa64691e630_1.59dc710f33f31749e3992f1698cfd0ce.jpeg,champion,Jacket,winter,no,yes,Color,Blue,Material,Cotton
"Champion Men's Powerblend Fleece Pullover Hoodie, up to Size 4XL",Cotton/polyester blend helps reduce pilling and shrinkage.,#cotton,111503,5,enable,1230,300,50,10,https://i5.walmartimages.com/asr/caad199b-81a7-4323-a25a-4fa64691e630_1.59dc710f33f31749e3992f1698cfd0ce.jpeg,champion,Jacket,winter,no,yes,Color,Blue,Material,Cotton
"Champion Men's Powerblend Fleece Pullover Hoodie, up to Size 4XL",Cotton/polyester blend helps reduce pilling and shrinkage.,#cotton,111504,5,enable,1230,300,50,10,https://i5.walmartimages.com/asr/caad199b-81a7-4323-a25a-4fa64691e630_1.59dc710f33f31749e3992f1698cfd0ce.jpeg,champion,Jacket,winter,no,yes,Color,Blue,Material,Cotton
"Champion Men's Powerblend Fleece Pullover Hoodie, up to Size 4XL",Cotton/polyester blend helps reduce pilling and shrinkage.,#cotton,111505,5,enable,1230,300,50,10,https://i5.walmartimages.com/asr/caad199b-81a7-4323-a25a-4fa64691e630_1.59dc710f33f31749e3992f1698cfd0ce.jpeg,champion,Jacket,winter,no,yes,Color,Blue,Material,Cotton
"Champion Men's Powerblend Fleece Pullover Hoodie, up to Size 4XL",Cotton/polyester blend helps reduce pilling and shrinkage.,#cotton,111506,5,enable,1230,300,50,10,https://i5.walmartimages.com/asr/caad199b-81a7-4323-a25a-4fa64691e630_1.59dc710f33f31749e3992f1698cfd0ce.jpeg,champion,Jacket,winter,no,yes,Color,Blue,Material,Cotton
"Champion Men's Powerblend Fleece Pullover Hoodie, up to Size 4XL",Cotton/polyester blend helps reduce pilling and shrinkage.,#cotton,111507,5,enable,1230,300,50,10,https://i5.walmartimages.com/asr/caad199b-81a7-4323-a25a-4fa64691e630_1.59dc710f33f31749e3992f1698cfd0ce.jpeg,champion,Jacket,winter,no,yes,Color,Blue,Material,Cotton
"Champion Men's Powerblend Fleece Pullover Hoodie, up to Size 4XL",Cotton/polyester blend helps reduce pilling and shrinkage.,#cotton,111508,5,enable,1230,300,50,10,https://i5.walmartimages.com/asr/caad199b-81a7-4323-a25a-4fa64691e630_1.59dc710f33f31749e3992f1698cfd0ce.jpeg,champion,Jacket,winter,no,yes,Color,Blue,Material,Cotton
"Champion Men's Powerblend Fleece Pullover Hoodie, up to Size 4XL",Cotton/polyester blend helps reduce pilling and shrinkage.,#cotton,111509,5,enable,1230,300,50,10,https://i5.walmartimages.com/asr/caad199b-81a7-4323-a25a-4fa64691e630_1.59dc710f33f31749e3992f1698cfd0ce.jpeg,champion,Jacket,winter,no,yes,Color,Blue,Material,Cotton
"Champion Men's Powerblend Fleece Pullover Hoodie, up to Size 4XL",Cotton/polyester blend helps reduce pilling and shrinkage.,#cotton,111510,5,enable,1230,300,50,10,https://i5.walmartimages.com/asr/caad199b-81a7-4323-a25a-4fa64691e630_1.59dc710f33f31749e3992f1698cfd0ce.jpeg,champion,Jacket,winter,no,yes,Color,Blue,Material,Cotton
"Champion Men's Powerblend Fleece Pullover Hoodie, up to Size 4XL",Cotton/polyester blend helps reduce pilling and shrinkage.,#cotton,111511,5,enable,1230,300,50,10,https://i5.walmartimages.com/asr/caad199b-81a7-4323-a25a-4fa64691e630_1.59dc710f33f31749e3992f1698cfd0ce.jpeg,champion,Jacket,winter,no,yes,Color,Blue,Material,Cotton
"Champion Men's Powerblend Fleece Pullover Hoodie, up to Size 4XL",Cotton/polyester blend helps reduce pilling and shrinkage.,#cotton,111512,5,enable,1230,300,50,10,https://i5.walmartimages.com/asr/caad199b-81a7-4323-a25a-4fa64691e630_1.59dc710f33f31749e3992f1698cfd0ce.jpeg,champion,Jacket,winter,no,yes,Color,Blue,Material,Cotton
"Champion Men's Powerblend Fleece Pullover Hoodie, up to Size 4XL",Cotton/polyester blend helps reduce pilling and shrinkage.,#cotton,111513,5,enable,1230,300,50,10,https://i5.walmartimages.com/asr/caad199b-81a7-4323-a25a-4fa64691e630_1.59dc710f33f31749e3992f1698cfd0ce.jpeg,champion,Jacket,winter,no,yes,Color,Blue,Material,Cotton
"Champion Men's Powerblend Fleece Pullover Hoodie, up to Size 4XL",Cotton/polyester blend helps reduce pilling and shrinkage.,#cotton,111514,5,enable,1230,300,50,10,https://i5.walmartimages.com/asr/caad199b-81a7-4323-a25a-4fa64691e630_1.59dc710f33f31749e3992f1698cfd0ce.jpeg,champion,Jacket,winter,no,yes,Color,Blue,Material,Cotton
"Champion Men's Powerblend Fleece Pullover Hoodie, up to Size 4XL",Cotton/polyester blend helps reduce pilling and shrinkage.,#cotton,111515,5,enable,1230,300,50,10,https://i5.walmartimages.com/asr/caad199b-81a7-4323-a25a-4fa64691e630_1.59dc710f33f31749e3992f1698cfd0ce.jpeg,champion,Jacket,winter,no,yes,Color,Blue,Material,Cotton
"Champion Men's Powerblend Fleece Pullover Hoodie, up to Size 4XL",Cotton/polyester blend helps reduce pilling and shrinkage.,#cotton,111516,5,enable,1230,300,50,10,https://i5.walmartimages.com/asr/caad199b-81a7-4323-a25a-4fa64691e630_1.59dc710f33f31749e3992f1698cfd0ce.jpeg,champion,Jacket,winter,no,yes,Color,Blue,Material,Cotton
"Champion Men's Powerblend Fleece Pullover Hoodie, up to Size 4XL",Cotton/polyester blend helps reduce pilling and shrinkage.,#cotton,111517,5,enable,1230,300,50,10,https://i5.walmartimages.com/asr/caad199b-81a7-4323-a25a-4fa64691e630_1.59dc710f33f31749e3992f1698cfd0ce.jpeg,champion,Jacket,winter,no,yes,Color,Blue,Material,Cotton
"Champion Men's Powerblend Fleece Pullover Hoodie, up to Size 4XL",Cotton/polyester blend helps reduce pilling and shrinkage.,#cotton,111518,5,enable,1230,300,50,10,https://i5.walmartimages.com/asr/caad199b-81a7-4323-a25a-4fa64691e630_1.59dc710f33f31749e3992f1698cfd0ce.jpeg,champion,Jacket,winter,no,yes,Color,Blue,Material,Cotton
"Champion Men's Powerblend Fleece Pullover Hoodie, up to Size 4XL",Cotton/polyester blend helps reduce pilling and shrinkage.,#cotton,111519,5,enable,1230,300,50,10,https://i5.walmartimages.com/asr/caad199b-81a7-4323-a25a-4fa64691e630_1.59dc710f33f31749e3992f1698cfd0ce.jpeg,champion,Jacket,winter,no,yes,Color,Blue,Material,Cotton
"Champion Men's Powerblend Fleece Pullover Hoodie, up to Size 4XL",Cotton/polyester blend helps reduce pilling and shrinkage.,#cotton,111520,5,enable,1230,300,50,10,https://i5.walmartimages.com/asr/caad199b-81a7-4323-a25a-4fa64691e630_1.59dc710f33f31749e3992f1698cfd0ce.jpeg,champion,Jacket,winter,no,yes,Color,Blue,Material,Cotton
"Champion Men's Powerblend Fleece Pullover Hoodie, up to Size 4XL",Cotton/polyester blend helps reduce pilling and shrinkage.,#cotton,111521,5,enable,1230,300,50,10,https://i5.walmartimages.com/asr/caad199b-81a7-4323-a25a-4fa64691e630_1.59dc710f33f31749e3992f1698cfd0ce.jpeg,champion,Jacket,winter,no,yes,Color,Blue,Material,Cotton
"Champion Men's Powerblend Fleece Pullover Hoodie, up to Size 4XL",Cotton/polyester blend helps reduce pilling and shrinkage.,#cotton,111522,5,enable,1230,300,50,10,https://i5.walmartimages.com/asr/caad199b-81a7-4323-a25a-4fa64691e630_1.59dc710f33f31749e3992f1698cfd0ce.jpeg,champion,Jacket,winter,no,yes,Color,Blue,Material,Cotton
"Champion Men's Powerblend Fleece Pullover Hoodie, up to Size 4XL",Cotton/polyester blend helps reduce pilling and shrinkage.,#cotton,111523,5,enable,1230,300,50,10,https://i5.walmartimages.com/asr/caad199b-81a7-4323-a25a-4fa64691e630_1.59dc710f33f31749e3992f1698cfd0ce.jpeg,champion,Jacket,winter,no,yes,Color,Blue,Material,Cotton
"Champion Men's Powerblend Fleece Pullover Hoodie, up to Size 4XL",Cotton/polyester blend helps reduce pilling and shrinkage.,#cotton,111524,5,enable,1230,300,50,10,https://i5.walmartimages.com/asr/caad199b-81a7-4323-a25a-4fa64691e630_1.59dc710f33f31749e3992f1698cfd0ce.jpeg,champion,Jacket,winter,no,yes,Color,Blue,Material,Cotton
"Champion Men's Powerblend Fleece Pullover Hoodie, up to Size 4XL",Cotton/polyester blend helps reduce pilling and shrinkage.,#cotton,111525,5,enable,1230,300,50,10,https://i5.walmartimages.com/asr/caad199b-81a7-4323-a25a-4fa64691e630_1.59dc710f33f31749e3992f1698cfd0ce.jpeg,champion,Jacket,winter,no,yes,Color,Blue,Material,Cotton
"Champion Men's Powerblend Fleece Pullover Hoodie, up to Size 4XL",Cotton/polyester blend helps reduce pilling and shrinkage.,#cotton,111526,5,enable,1230,300,50,10,https://i5.walmartimages.com/asr/caad199b-81a7-4323-a25a-4fa64691e630_1.59dc710f33f31749e3992f1698cfd0ce.jpeg,champion,Jacket,winter,no,yes,Color,Blue,Material,Cotton
"Champion Men's Powerblend Fleece Pullover Hoodie, up to Size 4XL",Cotton/polyester blend helps reduce pilling and shrinkage.,#cotton,111527,5,enable,1230,300,50,10,https://i5.walmartimages.com/asr/caad199b-81a7-4323-a25a-4fa64691e630_1.59dc710f33f31749e3992f1698cfd0ce.jpeg,champion,Jacket,winter,no,yes,Color,Blue,Material,Cotton
"Champion Men's Powerblend Fleece Pullover Hoodie, up to Size 4XL",Cotton/polyester blend helps reduce pilling and shrinkage.,#cotton,111528,5,enable,1230,300,50,10,https://i5.walmartimages.com/asr/caad199b-81a7-4323-a25a-4fa64691e630_1.59dc710f33f31749e3992f1698cfd0ce.jpeg,champion,Jacket,winter,no,yes,Color,Blue,Material,Cotton
"Champion Men's Powerblend Fleece Pullover Hoodie, up to Size 4XL",Cotton/polyester blend helps reduce pilling and shrinkage.,#cotton,111529,5,enable,1230,300,50,10,https://i5.walmartimages.com/asr/caad199b-81a7-4323-a25a-4fa64691e630_1.59dc710f33f31749e3992f1698cfd0ce.jpeg,champion,Jacket,winter,no,yes,Color,Blue,Material,Cotton
"Champion Men's Powerblend Fleece Pullover Hoodie, up to Size 4XL",Cotton/polyester blend helps reduce pilling and shrinkage.,#cotton,111530,5,enable,1230,300,50,10,https://i5.walmartimages.com/asr/caad199b-81a7-4323-a25a-4fa64691e630_1.59dc710f33f31749e3992f1698cfd0ce.jpeg,champion,Jacket,winter,no,yes,Color,Blue,Material,Cotton
"Champion Men's Powerblend Fleece Pullover Hoodie, up to Size 4XL",Cotton/polyester blend helps reduce pilling and shrinkage.,#cotton,111531,5,enable,1230,300,50,10,https://i5.walmartimages.com/asr/caad199b-81a7-4323-a25a-4fa64691e630_1.59dc710f33f31749e3992f1698cfd0ce.jpeg,champion,Jacket,winter,no,yes,Color,Blue,Material,Cotton
"Champion Men's Powerblend Fleece Pullover Hoodie, up to Size 4XL",Cotton/polyester blend helps reduce pilling and shrinkage.,#cotton,111532,5,enable,1230,300,50,10,https://i5.walmartimages.com/asr/caad199b-81a7-4323-a25a-4fa64691e630_1.59dc710f33f31749e3992f1698cfd0ce.jpeg,champion,Jacket,winter,no,yes,Color,Blue,Material,Cotton
"Champion Men's Powerblend Fleece Pullover Hoodie, up to Size 4XL",Cotton/polyester blend helps reduce pilling and shrinkage.,#cotton,111533,5,enable,1230,300,50,10,https://i5.walmartimages.com/asr/caad199b-81a7-4323-a25a-4fa64691e630_1.59dc710f33f31749e3992f1698cfd0ce.jpeg,champion,Jacket,winter,no,yes,Color,Blue,Material,Cotton
"Champion Men's Powerblend Fleece Pullover Hoodie, up to Size 4XL",Cotton/polyester blend helps reduce pilling and shrinkage.,#cotton,111534,5,enable,1230,300,50,10,https://i5.walmartimages.com/asr/caad199b-81a7-4323-a25a-4fa64691e630_1.59dc710f33f31749e3992f1698cfd0ce.jpeg,champion,Jacket,winter,no,yes,Color,Blue,Material,Cotton
"Champion Men's Powerblend Fleece Pullover Hoodie, up to Size 4XL",Cotton/polyester blend helps reduce pilling and shrinkage.,#cotton,111535,5,enable,1230,300,50,10,https://i5.walmartimages.com/asr/caad199b-81a7-4323-a25a-4fa64691e630_1.59dc710f33f31749e3992f1698cfd0ce.jpeg,champion,Jacket,winter,no,yes,Color,Blue,Material,Cotton
"Champion Men's Powerblend Fleece Pullover Hoodie, up to Size 4XL",Cotton/polyester blend helps reduce pilling and shrinkage.,#cotton,111536,5,enable,1230,300,50,10,https://i5.walmartimages.com/asr/caad199b-81a7-4323-a25a-4fa64691e630_1.59dc710f33f31749e3992f1698cfd0ce.jpeg,champion,Jacket,winter,no,yes,Color,Blue,Material,Cotton
"Champion Men's Powerblend Fleece Pullover Hoodie, up to Size 4XL",Cotton/polyester blend helps reduce pilling and shrinkage.,#cotton,111537,5,enable,1230,300,50,10,https://i5.walmartimages.com/asr/caad199b-81a7-4323-a25a-4fa64691e630_1.59dc710f33f31749e3992f1698cfd0ce.jpeg,champion,Jacket,winter,no,yes,Color,Blue,Material,Cotton
"Champion Men's Powerblend Fleece Pullover Hoodie, up to Size 4XL",Cotton/polyester blend helps reduce pilling and shrinkage.,#cotton,111538,5,enable,1230,300,50,10,https://i5.walmartimages.com/asr/caad199b-81a7-4323-a25a-4fa64691e630_1.59dc710f33f31749e3992f1698cfd0ce.jpeg,champion,Jacket,winter,no,yes,Color,Blue,Material,Cotton
"Champion Men's Powerblend Fleece Pullover Hoodie, up to Size 4XL",Cotton/polyester blend helps reduce pilling and shrinkage.,#cotton,111539,5,enable,1230,300,50,10,https://i5.walmartimages.com/asr/caad199b-81a7-4323-a25a-4fa64691e630_1.59dc710f33f31749e3992f1698cfd0ce.jpeg,champion,Jacket,winter,no,yes,Color,Blue,Material,Cotton
"Champion Men's Powerblend Fleece Pullover Hoodie, up to Size 4XL",Cotton/polyester blend helps reduce pilling and shrinkage.,#cotton,111540,5,enable,1230,300,50,10,https://i5.walmartimages.com/asr/caad199b-81a7-4323-a25a-4fa64691e630_1.59dc710f33f31749e3992f1698cfd0ce.jpeg,champion,Jacket,winter,no,yes,Color,Blue,Material,Cotton
"Champion Men's Powerblend Fleece Pullover Hoodie, up to Size 4XL",Cotton/polyester blend helps reduce pilling and shrinkage.,#cotton,111541,5,enable,1230,300,50,10,https://i5.walmartimages.com/asr/caad199b-81a7-4323-a25a-4fa64691e630_1.59dc710f33f31749e3992f1698cfd0ce.jpeg,champion,Jacket,winter,no,yes,Color,Blue,Material,Cotton
"Champion Men's Powerblend Fleece Pullover Hoodie, up to Size 4XL",Cotton/polyester blend helps reduce pilling and shrinkage.,#cotton,111542,5,enable,1230,300,50,10,https://i5.walmartimages.com/asr/caad199b-81a7-4323-a25a-4fa64691e630_1.59dc710f33f31749e3992f1698cfd0ce.jpeg,champion,Jacket,winter,no,yes,Color,Blue,Material,Cotton
"Champion Men's Powerblend Fleece Pullover Hoodie, up to Size 4XL",Cotton/polyester blend helps reduce pilling and shrinkage.,#cotton,111543,5,enable,1230,300,50,10,https://i5.walmartimages.com/asr/caad199b-81a7-4323-a25a-4fa64691e630_1.59dc710f33f31749e3992f1698cfd0ce.jpeg,champion,Jacket,winter,no,yes,Color,Blue,Material,Cotton
"Champion Men's Powerblend Fleece Pullover Hoodie, up to Size 4XL",Cotton/polyester blend helps reduce pilling and shrinkage.,#cotton,111544,5,enable,1230,300,50,10,https://i5.walmartimages.com/asr/caad199b-81a7-4323-a25a-4fa64691e630_1.59dc710f33f31749e3992f1698cfd0ce.jpeg,champion,Jacket,winter,no,yes,Color,Blue,Material,Cotton
"Champion Men's Powerblend Fleece Pullover Hoodie, up to Size 4XL",Cotton/polyester blend helps reduce pilling and shrinkage.,#cotton,111545,5,enable,1230,300,50,10,https://i5.walmartimages.com/asr/caad199b-81a7-4323-a25a-4fa64691e630_1.59dc710f33f31749e3992f1698cfd0ce.jpeg,champion,Jacket,winter,no,yes,Color,Blue,Material,Cotton
"Champion Men's Powerblend Fleece Pullover Hoodie, up to Size 4XL",Cotton/polyester blend helps reduce pilling and shrinkage.,#cotton,111546,5,enable,1230,300,50,10,https://i5.walmartimages.com/asr/caad199b-81a7-4323-a25a-4fa64691e630_1.59dc710f33f31749e3992f1698cfd0ce.jpeg,champion,Jacket,winter,no,yes,Color,Blue,Material,Cotton
"Champion Men's Powerblend Fleece Pullover Hoodie, up to Size 4XL",Cotton/polyester blend helps reduce pilling and shrinkage.,#cotton,111547,5,enable,1230,300,50,10,https://i5.walmartimages.com/asr/caad199b-81a7-4323-a25a-4fa64691e630_1.59dc710f33f31749e3992f1698cfd0ce.jpeg,champion,Jacket,winter,no,yes,Color,Blue,Material,Cotton
"Champion Men's Powerblend Fleece Pullover Hoodie, up to Size 4XL",Cotton/polyester blend helps reduce pilling and shrinkage.,#cotton,111548,5,enable,1230,300,50,10,https://i5.walmartimages.com/asr/caad199b-81a7-4323-a25a-4fa64691e630_1.59dc710f33f31749e3992f1698cfd0ce.jpeg,champion,Jacket,winter,no,yes,Color,Blue,Material,Cotton
"Champion Men's Powerblend Fleece Pullover Hoodie, up to Size 4XL",Cotton/polyester blend helps reduce pilling and shrinkage.,#cotton,111549,5,enable,1230,300,50,10,https://i5.walmartimages.com/asr/caad199b-81a7-4323-a25a-4fa64691e630_1.59dc710f33f31749e3992f1698cfd0ce.jpeg,champion,Jacket,winter,no,yes,Color,Blue,Material,Cotton
"Champion Men's Powerblend Fleece Pullover Hoodie, up to Size 4XL",Cotton/polyester blend helps reduce pilling and shrinkage.,#cotton,111550,5,enable,1230,300,50,10,https://i5.walmartimages.com/asr/caad199b-81a7-4323-a25a-4fa64691e630_1.59dc710f33f31749e3992f1698cfd0ce.jpeg,champion,Jacket,winter,no,yes,Color,Blue,Material,Cotton
"Champion Men's Powerblend Fleece Pullover Hoodie, up to Size 4XL",Cotton/polyester blend helps reduce pilling and shrinkage.,#cotton,111551,5,enable,1230,300,50,10,https://i5.walmartimages.com/asr/caad199b-81a7-4323-a25a-4fa64691e630_1.59dc710f33f31749e3992f1698cfd0ce.jpeg,champion,Jacket,winter,no,yes,Color,Blue,Material,Cotton
"Champion Men's Powerblend Fleece Pullover Hoodie, up to Size 4XL",Cotton/polyester blend helps reduce pilling and shrinkage.,#cotton,111552,5,enable,1230,300,50,10,https://i5.walmartimages.com/asr/caad199b-81a7-4323-a25a-4fa64691e630_1.59dc710f33f31749e3992f1698cfd0ce.jpeg,champion,Jacket,winter,no,yes,Color,Blue,Material,Cotton
"Champion Men's Powerblend Fleece Pullover Hoodie, up to Size 4XL",Cotton/polyester blend helps reduce pilling and shrinkage.,#cotton,111553,5,enable,1230,300,50,10,https://i5.walmartimages.com/asr/caad199b-81a7-4323-a25a-4fa64691e630_1.59dc710f33f31749e3992f1698cfd0ce.jpeg,champion,Jacket,winter,no,yes,Color,Blue,Material,Cotton
"Champion Men's Powerblend Fleece Pullover Hoodie, up to Size 4XL",Cotton/polyester blend helps reduce pilling and shrinkage.,#cotton,111554,5,enable,1230,300,50,10,https://i5.walmartimages.com/asr/caad199b-81a7-4323-a25a-4fa64691e630_1.59dc710f33f31749e3992f1698cfd0ce.jpeg,champion,Jacket,winter,no,yes,Color,Blue,Material,Cotton
"Champion Men's Powerblend Fleece Pullover Hoodie, up to Size 4XL",Cotton/polyester blend helps reduce pilling and shrinkage.,#cotton,111555,5,enable,1230,300,50,10,https://i5.walmartimages.com/asr/caad199b-81a7-4323-a25a-4fa64691e630_1.59dc710f33f31749e3992f1698cfd0ce.jpeg,champion,Jacket,winter,no,yes,Color,Blue,Material,Cotton
"Champion Men's Powerblend Fleece Pullover Hoodie, up to Size 4XL",Cotton/polyester blend helps reduce pilling and shrinkage.,#cotton,111556,5,enable,1230,300,50,10,https://i5.walmartimages.com/asr/caad199b-81a7-4323-a25a-4fa64691e630_1.59dc710f33f31749e3992f1698cfd0ce.jpeg,champion,Jacket,winter,no,yes,Color,Blue,Material,Cotton
"Champion Men's Powerblend Fleece Pullover Hoodie, up to Size 4XL",Cotton/polyester blend helps reduce pilling and shrinkage.,#cotton,111557,5,enable,1230,300,50,10,https://i5.walmartimages.com/asr/caad199b-81a7-4323-a25a-4fa64691e630_1.59dc710f33f31749e3992f1698cfd0ce.jpeg,champion,Jacket,winter,no,yes,Color,Blue,Material,Cotton
"Champion Men's Powerblend Fleece Pullover Hoodie, up to Size 4XL",Cotton/polyester blend helps reduce pilling and shrinkage.,#cotton,111558,5,enable,1230,300,50,10,https://i5.walmartimages.com/asr/caad199b-81a7-4323-a25a-4fa64691e630_1.59dc710f33f31749e3992f1698cfd0ce.jpeg,champion,Jacket,winter,no,yes,Color,Blue,Material,Cotton
"Champion Men's Powerblend Fleece Pullover Hoodie, up to Size 4XL",Cotton/polyester blend helps reduce pilling and shrinkage.,#cotton,111559,5,enable,1230,300,50,10,https://i5.walmartimages.com/asr/caad199b-81a7-4323-a25a-4fa64691e630_1.59dc710f33f31749e3992f1698cfd0ce.jpeg,champion,Jacket,winter,no,yes,Color,Blue,Material,Cotton
"Champion Men's Powerblend Fleece Pullover Hoodie, up to Size 4XL",Cotton/polyester blend helps reduce pilling and shrinkage.,#cotton,111560,5,enable,1230,300,50,10,https://i5.walmartimages.com/asr/caad199b-81a7-4323-a25a-4fa64691e630_1.59dc710f33f31749e3992f1698cfd0ce.jpeg,champion,Jacket,winter,no,yes,Color,Blue,Material,Cotton
"Champion Men's Powerblend Fleece Pullover Hoodie, up to Size 4XL",Cotton/polyester blend helps reduce pilling and shrinkage.,#cotton,111561,5,enable,1230,300,50,10,https://i5.walmartimages.com/asr/caad199b-81a7-4323-a25a-4fa64691e630_1.59dc710f33f31749e3992f1698cfd0ce.jpeg,champion,Jacket,winter,no,yes,Color,Blue,Material,Cotton
"Champion Men's Powerblend Fleece Pullover Hoodie, up to Size 4XL",Cotton/polyester blend helps reduce pilling and shrinkage.,#cotton,111562,5,enable,1230,300,50,10,https://i5.walmartimages.com/asr/caad199b-81a7-4323-a25a-4fa64691e630_1.59dc710f33f31749e3992f1698cfd0ce.jpeg,champion,Jacket,winter,no,yes,Color,Blue,Material,Cotton
"Champion Men's Powerblend Fleece Pullover Hoodie, up to Size 4XL",Cotton/polyester blend helps reduce pilling and shrinkage.,#cotton,111563,5,enable,1230,300,50,10,https://i5.walmartimages.com/asr/caad199b-81a7-4323-a25a-4fa64691e630_1.59dc710f33f31749e3992f1698cfd0ce.jpeg,champion,Jacket,winter,no,yes,Color,Blue,Material,Cotton
"Champion Men's Powerblend Fleece Pullover Hoodie, up to Size 4XL",Cotton/polyester blend helps reduce pilling and shrinkage.,#cotton,111564,5,enable,1230,300,50,10,https://i5.walmartimages.com/asr/caad199b-81a7-4323-a25a-4fa64691e630_1.59dc710f33f31749e3992f1698cfd0ce.jpeg,champion,Jacket,winter,no,yes,Color,Blue,Material,Cotton
"Champion Men's Powerblend Fleece Pullover Hoodie, up to Size 4XL",Cotton/polyester blend helps reduce pilling and shrinkage.,#cotton,111565,5,enable,1230,300,50,10,https://i5.walmartimages.com/asr/caad199b-81a7-4323-a25a-4fa64691e630_1.59dc710f33f31749e3992f1698cfd0ce.jpeg,champion,Jacket,winter,no,yes,Color,Blue,Material,Cotton
"Champion Men's Powerblend Fleece Pullover Hoodie, up to Size 4XL",Cotton/polyester blend helps reduce pilling and shrinkage.,#cotton,111566,5,enable,1230,300,50,10,https://i5.walmartimages.com/asr/caad199b-81a7-4323-a25a-4fa64691e630_1.59dc710f33f31749e3992f1698cfd0ce.jpeg,champion,Jacket,winter,no,yes,Color,Blue,Material,Cotton
"Champion Men's Powerblend Fleece Pullover Hoodie, up to Size 4XL",Cotton/polyester blend helps reduce pilling and shrinkage.,#cotton,111567,5,enable,1230,300,50,10,https://i5.walmartimages.com/asr/caad199b-81a7-4323-a25a-4fa64691e630_1.59dc710f33f31749e3992f1698cfd0ce.jpeg,champion,Jacket,winter,no,yes,Color,Blue,Material,Cotton
"Champion Men's Powerblend Fleece Pullover Hoodie, up to Size 4XL",Cotton/polyester blend helps reduce pilling and shrinkage.,#cotton,111568,5,enable,1230,300,50,10,https://i5.walmartimages.com/asr/caad199b-81a7-4323-a25a-4fa64691e630_1.59dc710f33f31749e3992f1698cfd0ce.jpeg,champion,Jacket,winter,no,yes,Color,Blue,Material,Cotton
"Champion Men's Powerblend Fleece Pullover Hoodie, up to Size 4XL",Cotton/polyester blend helps reduce pilling and shrinkage.,#cotton,111569,5,enable,1230,300,50,10,https://i5.walmartimages.com/asr/caad199b-81a7-4323-a25a-4fa64691e630_1.59dc710f33f31749e3992f1698cfd0ce.jpeg,champion,Jacket,winter,no,yes,Color,Blue,Material,Cotton
"Champion Men's Powerblend Fleece Pullover Hoodie, up to Size 4XL",Cotton/polyester blend helps reduce pilling and shrinkage.,#cotton,111570,5,enable,1230,300,50,10,https://i5.walmartimages.com/asr/caad199b-81a7-4323-a25a-4fa64691e630_1.59dc710f33f31749e3992f1698cfd0ce.jpeg,champion,Jacket,winter,no,yes,Color,Blue,Material,Cotton
"Champion Men's Powerblend Fleece Pullover Hoodie, up to Size 4XL",Cotton/polyester blend helps reduce pilling and shrinkage.,#cotton,111571,5,enable,1230,300,50,10,https://i5.walmartimages.com/asr/caad199b-81a7-4323-a25a-4fa64691e630_1.59dc710f33f31749e3992f1698cfd0ce.jpeg,champion,Jacket,winter,no,yes,Color,Blue,Material,Cotton
"Champion Men's Powerblend Fleece Pullover Hoodie, up to Size 4XL",Cotton/polyester blend helps reduce pilling and shrinkage.,#cotton,111572,5,enable,1230,300,50,10,https://i5.walmartimages.com/asr/caad199b-81a7-4323-a25a-4fa64691e630_1.59dc710f33f31749e3992f1698cfd0ce.jpeg,champion,Jacket,winter,no,yes,Color,Blue,Material,Cotton
"Champion Men's Powerblend Fleece Pullover Hoodie, up to Size 4XL",Cotton/polyester blend helps reduce pilling and shrinkage.,#cotton,111573,5,enable,1230,300,50,10,https://i5.walmartimages.com/asr/caad199b-81a7-4323-a25a-4fa64691e630_1.59dc710f33f31749e3992f1698cfd0ce.jpeg,champion,Jacket,winter,no,yes,Color,Blue,Material,Cotton
"Champion Men's Powerblend Fleece Pullover Hoodie, up to Size 4XL",Cotton/polyester blend helps reduce pilling and shrinkage.,#cotton,111574,5,enable,1230,300,50,10,https://i5.walmartimages.com/asr/caad199b-81a7-4323-a25a-4fa64691e630_1.59dc710f33f31749e3992f1698cfd0ce.jpeg,champion,Jacket,winter,no,yes,Color,Blue,Material,Cotton
"Champion Men's Powerblend Fleece Pullover Hoodie, up to Size 4XL",Cotton/polyester blend helps reduce pilling and shrinkage.,#cotton,111575,5,enable,1230,300,50,10,https://i5.walmartimages.com/asr/caad199b-81a7-4323-a25a-4fa64691e630_1.59dc710f33f31749e3992f1698cfd0ce.jpeg,champion,Jacket,winter,no,yes,Color,Blue,Material,Cotton
"Champion Men's Powerblend Fleece Pullover Hoodie, up to Size 4XL",Cotton/polyester blend helps reduce pilling and shrinkage.,#cotton,111576,5,enable,1230,300,50,10,https://i5.walmartimages.com/asr/caad199b-81a7-4323-a25a-4fa64691e630_1.59dc710f33f31749e3992f1698cfd0ce.jpeg,champion,Jacket,winter,no,yes,Color,Blue,Material,Cotton
"Champion Men's Powerblend Fleece Pullover Hoodie, up to Size 4XL",Cotton/polyester blend helps reduce pilling and shrinkage.,#cotton,111577,5,enable,1230,300,50,10,https://i5.walmartimages.com/asr/caad199b-81a7-4323-a25a-4fa64691e630_1.59dc710f33f31749e3992f1698cfd0ce.jpeg,champion,Jacket,winter,no,yes,Color,Blue,Material,Cotton
"Champion Men's Powerblend Fleece Pullover Hoodie, up to Size 4XL",Cotton/polyester blend helps reduce pilling and shrinkage.,#cotton,111578,5,enable,1230,300,50,10,https://i5.walmartimages.com/asr/caad199b-81a7-4323-a25a-4fa64691e630_1.59dc710f33f31749e3992f1698cfd0ce.jpeg,champion,Jacket,winter,no,yes,Color,Blue,Material,Cotton
"Champion Men's Powerblend Fleece Pullover Hoodie, up to Size 4XL",Cotton/polyester blend helps reduce pilling and shrinkage.,#cotton,111579,5,enable,1230,300,50,10,https://i5.walmartimages.com/asr/caad199b-81a7-4323-a25a-4fa64691e630_1.59dc710f33f31749e3992f1698cfd0ce.jpeg,champion,Jacket,winter,no,yes,Color,Blue,Material,Cotton
"Champion Men's Powerblend Fleece Pullover Hoodie, up to Size 4XL",Cotton/polyester blend helps reduce pilling and shrinkage.,#cotton,111580,5,enable,1230,300,50,10,https://i5.walmartimages.com/asr/caad199b-81a7-4323-a25a-4fa64691e630_1.59dc710f33f31749e3992f1698cfd0ce.jpeg,champion,Jacket,winter,no,yes,Color,Blue,Material,Cotton
"Champion Men's Powerblend Fleece Pullover Hoodie, up to Size 4XL",Cotton/polyester blend helps reduce pilling and shrinkage.,#cotton,111581,5,enable,1230,300,50,10,https://i5.walmartimages.com/asr/caad199b-81a7-4323-a25a-4fa64691e630_1.59dc710f33f31749e3992f1698cfd0ce.jpeg,champion,Jacket,winter,no,yes,Color,Blue,Material,Cotton
"Champion Men's Powerblend Fleece Pullover Hoodie, up to Size 4XL",Cotton/polyester blend helps reduce pilling and shrinkage.,#cotton,111582,5,enable,1230,300,50,10,https://i5.walmartimages.com/asr/caad199b-81a7-4323-a25a-4fa64691e630_1.59dc710f33f31749e3992f1698cfd0ce.jpeg,champion,Jacket,winter,no,yes,Color,Blue,Material,Cotton
"Champion Men's Powerblend Fleece Pullover Hoodie, up to Size 4XL",Cotton/polyester blend helps reduce pilling and shrinkage.,#cotton,111583,5,enable,1230,300,50,10,https://i5.walmartimages.com/asr/caad199b-81a7-4323-a25a-4fa64691e630_1.59dc710f33f31749e3992f1698cfd0ce.jpeg,champion,Jacket,winter,no,yes,Color,Blue,Material,Cotton
"Champion Men's Powerblend Fleece Pullover Hoodie, up to Size 4XL",Cotton/polyester blend helps reduce pilling and shrinkage.,#cotton,111584,5,enable,1230,300,50,10,https://i5.walmartimages.com/asr/caad199b-81a7-4323-a25a-4fa64691e630_1.59dc710f33f31749e3992f1698cfd0ce.jpeg,champion,Jacket,winter,no,yes,Color,Blue,Material,Cotton
"Champion Men's Powerblend Fleece Pullover Hoodie, up to Size 4XL",Cotton/polyester blend helps reduce pilling and shrinkage.,#cotton,111585,5,enable,1230,300,50,10,https://i5.walmartimages.com/asr/caad199b-81a7-4323-a25a-4fa64691e630_1.59dc710f33f31749e3992f1698cfd0ce.jpeg,champion,Jacket,winter,no,yes,Color,Blue,Material,Cotton
"Champion Men's Powerblend Fleece Pullover Hoodie, up to Size 4XL",Cotton/polyester blend helps reduce pilling and shrinkage.,#cotton,111586,5,enable,1230,300,50,10,https://i5.walmartimages.com/asr/caad199b-81a7-4323-a25a-4fa64691e630_1.59dc710f33f31749e3992f1698cfd0ce.jpeg,champion,Jacket,winter,no,yes,Color,Blue,Material,Cotton
"Champion Men's Powerblend Fleece Pullover Hoodie, up to Size 4XL",Cotton/polyester blend helps reduce pilling and shrinkage.,#cotton,111587,5,enable,1230,300,50,10,https://i5.walmartimages.com/asr/caad199b-81a7-4323-a25a-4fa64691e630_1.59dc710f33f31749e3992f1698cfd0ce.jpeg,champion,Jacket,winter,no,yes,Color,Blue,Material,Cotton
"Champion Men's Powerblend Fleece Pullover Hoodie, up to Size 4XL",Cotton/polyester blend helps reduce pilling and shrinkage.,#cotton,111588,5,enable,1230,300,50,10,https://i5.walmartimages.com/asr/caad199b-81a7-4323-a25a-4fa64691e630_1.59dc710f33f31749e3992f1698cfd0ce.jpeg,champion,Jacket,winter,no,yes,Color,Blue,Material,Cotton
"Champion Men's Powerblend Fleece Pullover Hoodie, up to Size 4XL",Cotton/polyester blend helps reduce pilling and shrinkage.,#cotton,111589,5,enable,1230,300,50,10,https://i5.walmartimages.com/asr/caad199b-81a7-4323-a25a-4fa64691e630_1.59dc710f33f31749e3992f1698cfd0ce.jpeg,champion,Jacket,winter,no,yes,Color,Blue,Material,Cotton
"Champion Men's Powerblend Fleece Pullover Hoodie, up to Size 4XL",Cotton/polyester blend helps reduce pilling and shrinkage.,#cotton,111590,5,enable,1230,300,50,10,https://i5.walmartimages.com/asr/caad199b-81a7-4323-a25a-4fa64691e630_1.59dc710f33f31749e3992f1698cfd0ce.jpeg,champion,Jacket,winter,no,yes,Color,Blue,Material,Cotton
"Champion Men's Powerblend Fleece Pullover Hoodie, up to Size 4XL",Cotton/polyester blend helps reduce pilling and shrinkage.,#cotton,111591,5,enable,1230,300,50,10,https://i5.walmartimages.com/asr/caad199b-81a7-4323-a25a-4fa64691e630_1.59dc710f33f31749e3992f1698cfd0ce.jpeg,champion,Jacket,winter,no,yes,Color,Blue,Material,Cotton
"Champion Men's Powerblend Fleece Pullover Hoodie, up to Size 4XL",Cotton/polyester blend helps reduce pilling and shrinkage.,#cotton,111592,5,enable,1230,300,50,10,https://i5.walmartimages.com/asr/caad199b-81a7-4323-a25a-4fa64691e630_1.59dc710f33f31749e3992f1698cfd0ce.jpeg,champion,Jacket,winter,no,yes,Color,Blue,Material,Cotton
"Champion Men's Powerblend Fleece Pullover Hoodie, up to Size 4XL",Cotton/polyester blend helps reduce pilling and shrinkage.,#cotton,111593,5,enable,1230,300,50,10,https://i5.walmartimages.com/asr/caad199b-81a7-4323-a25a-4fa64691e630_1.59dc710f33f31749e3992f1698cfd0ce.jpeg,champion,Jacket,winter,no,yes,Color,Blue,Material,Cotton
"Champion Men's Powerblend Fleece Pullover Hoodie, up to Size 4XL",Cotton/polyester blend helps reduce pilling and shrinkage.,#cotton,111594,5,enable,1230,300,50,10,https://i5.walmartimages.com/asr/caad199b-81a7-4323-a25a-4fa64691e630_1.59dc710f33f31749e3992f1698cfd0ce.jpeg,champion,Jacket,winter,no,yes,Color,Blue,Material,Cotton
"Champion Men's Powerblend Fleece Pullover Hoodie, up to Size 4XL",Cotton/polyester blend helps reduce pilling and shrinkage.,#cotton,111595,5,enable,1230,300,50,10,https://i5.walmartimages.com/asr/caad199b-81a7-4323-a25a-4fa64691e630_1.59dc710f33f31749e3992f1698cfd0ce.jpeg,champion,Jacket,winter,no,yes,Color,Blue,Material,Cotton
"Champion Men's Powerblend Fleece Pullover Hoodie, up to Size 4XL",Cotton/polyester blend helps reduce pilling and shrinkage.,#cotton,111596,5,enable,1230,300,50,10,https://i5.walmartimages.com/asr/caad199b-81a7-4323-a25a-4fa64691e630_1.59dc710f33f31749e3992f1698cfd0ce.jpeg,champion,Jacket,winter,no,yes,Color,Blue,Material,Cotton
"Champion Men's Powerblend Fleece Pullover Hoodie, up to Size 4XL",Cotton/polyester blend helps reduce pilling and shrinkage.,#cotton,111597,5,enable,1230,300,50,10,https://i5.walmartimages.com/asr/caad199b-81a7-4323-a25a-4fa64691e630_1.59dc710f33f31749e3992f1698cfd0ce.jpeg,champion,Jacket,winter,no,yes,Color,Blue,Material,Cotton
"Champion Men's Powerblend Fleece Pullover Hoodie, up to Size 4XL",Cotton/polyester blend helps reduce pilling and shrinkage.,#cotton,111598,5,enable,1230,300,50,10,https://i5.walmartimages.com/asr/caad199b-81a7-4323-a25a-4fa64691e630_1.59dc710f33f31749e3992f1698cfd0ce.jpeg,champion,Jacket,winter,no,yes,Color,Blue,Material,Cotton
"Champion Men's Powerblend Fleece Pullover Hoodie, up to Size 4XL",Cotton/polyester blend helps reduce pilling and shrinkage.,#cotton,111599,5,enable,1230,300,50,10,https://i5.walmartimages.com/asr/caad199b-81a7-4323-a25a-4fa64691e630_1.59dc710f33f31749e3992f1698cfd0ce.jpeg,champion,Jacket,winter,no,yes,Color,Blue,Material,Cotton
"Champion Men's Powerblend Fleece Pullover Hoodie, up to Size 4XL",Cotton/polyester blend helps reduce pilling and shrinkage.,#cotton,111600,5,enable,1230,300,50,10,https://i5.walmartimages.com/asr/caad199b-81a7-4323-a25a-4fa64691e630_1.59dc710f33f31749e3992f1698cfd0ce.jpeg,champion,Jacket,winter,no,yes,Color,Blue,Material,Cotton
"Champion Men's Powerblend Fleece Pullover Hoodie, up to Size 4XL",Cotton/polyester blend helps reduce pilling and shrinkage.,#cotton,111601,5,enable,1230,300,50,10,https://i5.walmartimages.com/asr/caad199b-81a7-4323-a25a-4fa64691e630_1.59dc710f33f31749e3992f1698cfd0ce.jpeg,champion,Jacket,winter,no,yes,Color,Blue,Material,Cotton
"Champion Men's Powerblend Fleece Pullover Hoodie, up to Size 4XL",Cotton/polyester blend helps reduce pilling and shrinkage.,#cotton,111602,5,enable,1230,300,50,10,https://i5.walmartimages.com/asr/caad199b-81a7-4323-a25a-4fa64691e630_1.59dc710f33f31749e3992f1698cfd0ce.jpeg,champion,Jacket,winter,no,yes,Color,Blue,Material,Cotton
"Champion Men's Powerblend Fleece Pullover Hoodie, up to Size 4XL",Cotton/polyester blend helps reduce pilling and shrinkage.,#cotton,111603,5,enable,1230,300,50,10,https://i5.walmartimages.com/asr/caad199b-81a7-4323-a25a-4fa64691e630_1.59dc710f33f31749e3992f1698cfd0ce.jpeg,champion,Jacket,winter,no,yes,Color,Blue,Material,Cotton
"Champion Men's Powerblend Fleece Pullover Hoodie, up to Size 4XL",Cotton/polyester blend helps reduce pilling and shrinkage.,#cotton,111604,5,enable,1230,300,50,10,https://i5.walmartimages.com/asr/caad199b-81a7-4323-a25a-4fa64691e630_1.59dc710f33f31749e3992f1698cfd0ce.jpeg,champion,Jacket,winter,no,yes,Color,Blue,Material,Cotton
"Champion Men's Powerblend Fleece Pullover Hoodie, up to Size 4XL",Cotton/polyester blend helps reduce pilling and shrinkage.,#cotton,111605,5,enable,1230,300,50,10,https://i5.walmartimages.com/asr/caad199b-81a7-4323-a25a-4fa64691e630_1.59dc710f33f31749e3992f1698cfd0ce.jpeg,champion,Jacket,winter,no,yes,Color,Blue,Material,Cotton
"Champion Men's Powerblend Fleece Pullover Hoodie, up to Size 4XL",Cotton/polyester blend helps reduce pilling and shrinkage.,#cotton,111606,5,enable,1230,300,50,10,https://i5.walmartimages.com/asr/caad199b-81a7-4323-a25a-4fa64691e630_1.59dc710f33f31749e3992f1698cfd0ce.jpeg,champion,Jacket,winter,no,yes,Color,Blue,Material,Cotton
"Champion Men's Powerblend Fleece Pullover Hoodie, up to Size 4XL",Cotton/polyester blend helps reduce pilling and shrinkage.,#cotton,111607,5,enable,1230,300,50,10,https://i5.walmartimages.com/asr/caad199b-81a7-4323-a25a-4fa64691e630_1.59dc710f33f31749e3992f1698cfd0ce.jpeg,champion,Jacket,winter,no,yes,Color,Blue,Material,Cotton
"Champion Men's Powerblend Fleece Pullover Hoodie, up to Size 4XL",Cotton/polyester blend helps reduce pilling and shrinkage.,#cotton,111608,5,enable,1230,300,50,10,https://i5.walmartimages.com/asr/caad199b-81a7-4323-a25a-4fa64691e630_1.59dc710f33f31749e3992f1698cfd0ce.jpeg,champion,Jacket,winter,no,yes,Color,Blue,Material,Cotton
"Champion Men's Powerblend Fleece Pullover Hoodie, up to Size 4XL",Cotton/polyester blend helps reduce pilling and shrinkage.,#cotton,111609,5,enable,1230,300,50,10,https://i5.walmartimages.com/asr/caad199b-81a7-4323-a25a-4fa64691e630_1.59dc710f33f31749e3992f1698cfd0ce.jpeg,champion,Jacket,winter,no,yes,Color,Blue,Material,Cotton
"Champion Men's Powerblend Fleece Pullover Hoodie, up to Size 4XL",Cotton/polyester blend helps reduce pilling and shrinkage.,#cotton,111610,5,enable,1230,300,50,10,https://i5.walmartimages.com/asr/caad199b-81a7-4323-a25a-4fa64691e630_1.59dc710f33f31749e3992f1698cfd0ce.jpeg,champion,Jacket,winter,no,yes,Color,Blue,Material,Cotton
"Champion Men's Powerblend Fleece Pullover Hoodie, up to Size 4XL",Cotton/polyester blend helps reduce pilling and shrinkage.,#cotton,111611,5,enable,1230,300,50,10,https://i5.walmartimages.com/asr/caad199b-81a7-4323-a25a-4fa64691e630_1.59dc710f33f31749e3992f1698cfd0ce.jpeg,champion,Jacket,winter,no,yes,Color,Blue,Material,Cotton
"Champion Men's Powerblend Fleece Pullover Hoodie, up to Size 4XL",Cotton/polyester blend helps reduce pilling and shrinkage.,#cotton,111612,5,enable,1230,300,50,10,https://i5.walmartimages.com/asr/caad199b-81a7-4323-a25a-4fa64691e630_1.59dc710f33f31749e3992f1698cfd0ce.jpeg,champion,Jacket,winter,no,yes,Color,Blue,Material,Cotton
"Champion Men's Powerblend Fleece Pullover Hoodie, up to Size 4XL",Cotton/polyester blend helps reduce pilling and shrinkage.,#cotton,111613,5,enable,1230,300,50,10,https://i5.walmartimages.com/asr/caad199b-81a7-4323-a25a-4fa64691e630_1.59dc710f33f31749e3992f1698cfd0ce.jpeg,champion,Jacket,winter,no,yes,Color,Blue,Material,Cotton
"Champion Men's Powerblend Fleece Pullover Hoodie, up to Size 4XL",Cotton/polyester blend helps reduce pilling and shrinkage.,#cotton,111614,5,enable,1230,300,50,10,https://i5.walmartimages.com/asr/caad199b-81a7-4323-a25a-4fa64691e630_1.59dc710f33f31749e3992f1698cfd0ce.jpeg,champion,Jacket,winter,no,yes,Color,Blue,Material,Cotton
"Champion Men's Powerblend Fleece Pullover Hoodie, up to Size 4XL",Cotton/polyester blend helps reduce pilling and shrinkage.,#cotton,111615,5,enable,1230,300,50,10,https://i5.walmartimages.com/asr/caad199b-81a7-4323-a25a-4fa64691e630_1.59dc710f33f31749e3992f1698cfd0ce.jpeg,champion,Jacket,winter,no,yes,Color,Blue,Material,Cotton
"Champion Men's Powerblend Fleece Pullover Hoodie, up to Size 4XL",Cotton/polyester blend helps reduce pilling and shrinkage.,#cotton,111616,5,enable,1230,300,50,10,https://i5.walmartimages.com/asr/caad199b-81a7-4323-a25a-4fa64691e630_1.59dc710f33f31749e3992f1698cfd0ce.jpeg,champion,Jacket,winter,no,yes,Color,Blue,Material,Cotton
"Champion Men's Powerblend Fleece Pullover Hoodie, up to Size 4XL",Cotton/polyester blend helps reduce pilling and shrinkage.,#cotton,111617,5,enable,1230,300,50,10,https://i5.walmartimages.com/asr/caad199b-81a7-4323-a25a-4fa64691e630_1.59dc710f33f31749e3992f1698cfd0ce.jpeg,champion,Jacket,winter,no,yes,Color,Blue,Material,Cotton
"Champion Men's Powerblend Fleece Pullover Hoodie, up to Size 4XL",Cotton/polyester blend helps reduce pilling and shrinkage.,#cotton,111618,5,enable,1230,300,50,10,https://i5.walmartimages.com/asr/caad199b-81a7-4323-a25a-4fa64691e630_1.59dc710f33f31749e3992f1698cfd0ce.jpeg,champion,Jacket,winter,no,yes,Color,Blue,Material,Cotton
"Champion Men's Powerblend Fleece Pullover Hoodie, up to Size 4XL",Cotton/polyester blend helps reduce pilling and shrinkage.,#cotton,111619,5,enable,1230,300,50,10,https://i5.walmartimages.com/asr/caad199b-81a7-4323-a25a-4fa64691e630_1.59dc710f33f31749e3992f1698cfd0ce.jpeg,champion,Jacket,winter,no,yes,Color,Blue,Material,Cotton
"Champion Men's Powerblend Fleece Pullover Hoodie, up to Size 4XL",Cotton/polyester blend helps reduce pilling and shrinkage.,#cotton,111620,5,enable,1230,300,50,10,https://i5.walmartimages.com/asr/caad199b-81a7-4323-a25a-4fa64691e630_1.59dc710f33f31749e3992f1698cfd0ce.jpeg,champion,Jacket,winter,no,yes,Color,Blue,Material,Cotton
"Champion Men's Powerblend Fleece Pullover Hoodie, up to Size 4XL",Cotton/polyester blend helps reduce pilling and shrinkage.,#cotton,111621,5,enable,1230,300,50,10,https://i5.walmartimages.com/asr/caad199b-81a7-4323-a25a-4fa64691e630_1.59dc710f33f31749e3992f1698cfd0ce.jpeg,champion,Jacket,winter,no,yes,Color,Blue,Material,Cotton
"Champion Men's Powerblend Fleece Pullover Hoodie, up to Size 4XL",Cotton/polyester blend helps reduce pilling and shrinkage.,#cotton,111622,5,enable,1230,300,50,10,https://i5.walmartimages.com/asr/caad199b-81a7-4323-a25a-4fa64691e630_1.59dc710f33f31749e3992f1698cfd0ce.jpeg,champion,Jacket,winter,no,yes,Color,Blue,Material,Cotton
"Champion Men's Powerblend Fleece Pullover Hoodie, up to Size 4XL",Cotton/polyester blend helps reduce pilling and shrinkage.,#cotton,111623,5,enable,1230,300,50,10,https://i5.walmartimages.com/asr/caad199b-81a7-4323-a25a-4fa64691e630_1.59dc710f33f31749e3992f1698cfd0ce.jpeg,champion,Jacket,winter,no,yes,Color,Blue,Material,Cotton
"Champion Men's Powerblend Fleece Pullover Hoodie, up to Size 4XL",Cotton/polyester blend helps reduce pilling and shrinkage.,#cotton,111624,5,enable,1230,300,50,10,https://i5.walmartimages.com/asr/caad199b-81a7-4323-a25a-4fa64691e630_1.59dc710f33f31749e3992f1698cfd0ce.jpeg,champion,Jacket,winter,no,yes,Color,Blue,Material,Cotton
"Champion Men's Powerblend Fleece Pullover Hoodie, up to Size 4XL",Cotton/polyester blend helps reduce pilling and shrinkage.,#cotton,111625,5,enable,1230,300,50,10,https://i5.walmartimages.com/asr/caad199b-81a7-4323-a25a-4fa64691e630_1.59dc710f33f31749e3992f1698cfd0ce.jpeg,champion,Jacket,winter,no,yes,Color,Blue,Material,Cotton
"Champion Men's Powerblend Fleece Pullover Hoodie, up to Size 4XL",Cotton/polyester blend helps reduce pilling and shrinkage.,#cotton,111626,5,enable,1230,300,50,10,https://i5.walmartimages.com/asr/caad199b-81a7-4323-a25a-4fa64691e630_1.59dc710f33f31749e3992f1698cfd0ce.jpeg,champion,Jacket,winter,no,yes,Color,Blue,Material,Cotton
"Champion Men's Powerblend Fleece Pullover Hoodie, up to Size 4XL",Cotton/polyester blend helps reduce pilling and shrinkage.,#cotton,111627,5,enable,1230,300,50,10,https://i5.walmartimages.com/asr/caad199b-81a7-4323-a25a-4fa64691e630_1.59dc710f33f31749e3992f1698cfd0ce.jpeg,champion,Jacket,winter,no,yes,Color,Blue,Material,Cotton
"Champion Men's Powerblend Fleece Pullover Hoodie, up to Size 4XL",Cotton/polyester blend helps reduce pilling and shrinkage.,#cotton,111628,5,enable,1230,300,50,10,https://i5.walmartimages.com/asr/caad199b-81a7-4323-a25a-4fa64691e630_1.59dc710f33f31749e3992f1698cfd0ce.jpeg,champion,Jacket,winter,no,yes,Color,Blue,Material,Cotton
"Champion Men's Powerblend Fleece Pullover Hoodie, up to Size 4XL",Cotton/polyester blend helps reduce pilling and shrinkage.,#cotton,111629,5,enable,1230,300,50,10,https://i5.walmartimages.com/asr/caad199b-81a7-4323-a25a-4fa64691e630_1.59dc710f33f31749e3992f1698cfd0ce.jpeg,champion,Jacket,winter,no,yes,Color,Blue,Material,Cotton
"Champion Men's Powerblend Fleece Pullover Hoodie, up to Size 4XL",Cotton/polyester blend helps reduce pilling and shrinkage.,#cotton,111630,5,enable,1230,300,50,10,https://i5.walmartimages.com/asr/caad199b-81a7-4323-a25a-4fa64691e630_1.59dc710f33f31749e3992f1698cfd0ce.jpeg,champion,Jacket,winter,no,yes,Color,Blue,Material,Cotton
"Champion Men's Powerblend Fleece Pullover Hoodie, up to Size 4XL",Cotton/polyester blend helps reduce pilling and shrinkage.,#cotton,111631,5,enable,1230,300,50,10,https://i5.walmartimages.com/asr/caad199b-81a7-4323-a25a-4fa64691e630_1.59dc710f33f31749e3992f1698cfd0ce.jpeg,champion,Jacket,winter,no,yes,Color,Blue,Material,Cotton
"Champion Men's Powerblend Fleece Pullover Hoodie, up to Size 4XL",Cotton/polyester blend helps reduce pilling and shrinkage.,#cotton,111632,5,enable,1230,300,50,10,https://i5.walmartimages.com/asr/caad199b-81a7-4323-a25a-4fa64691e630_1.59dc710f33f31749e3992f1698cfd0ce.jpeg,champion,Jacket,winter,no,yes,Color,Blue,Material,Cotton
"Champion Men's Powerblend Fleece Pullover Hoodie, up to Size 4XL",Cotton/polyester blend helps reduce pilling and shrinkage.,#cotton,111633,5,enable,1230,300,50,10,https://i5.walmartimages.com/asr/caad199b-81a7-4323-a25a-4fa64691e630_1.59dc710f33f31749e3992f1698cfd0ce.jpeg,champion,Jacket,winter,no,yes,Color,Blue,Material,Cotton
"Champion Men's Powerblend Fleece Pullover Hoodie, up to Size 4XL",Cotton/polyester blend helps reduce pilling and shrinkage.,#cotton,111634,5,enable,1230,300,50,10,https://i5.walmartimages.com/asr/caad199b-81a7-4323-a25a-4fa64691e630_1.59dc710f33f31749e3992f1698cfd0ce.jpeg,champion,Jacket,winter,no,yes,Color,Blue,Material,Cotton
"Champion Men's Powerblend Fleece Pullover Hoodie, up to Size 4XL",Cotton/polyester blend helps reduce pilling and shrinkage.,#cotton,111635,5,enable,1230,300,50,10,https://i5.walmartimages.com/asr/caad199b-81a7-4323-a25a-4fa64691e630_1.59dc710f33f31749e3992f1698cfd0ce.jpeg,champion,Jacket,winter,no,yes,Color,Blue,Material,Cotton
"Champion Men's Powerblend Fleece Pullover Hoodie, up to Size 4XL",Cotton/polyester blend helps reduce pilling and shrinkage.,#cotton,111636,5,enable,1230,300,50,10,https://i5.walmartimages.com/asr/caad199b-81a7-4323-a25a-4fa64691e630_1.59dc710f33f31749e3992f1698cfd0ce.jpeg,champion,Jacket,winter,no,yes,Color,Blue,Material,Cotton
"Champion Men's Powerblend Fleece Pullover Hoodie, up to Size 4XL",Cotton/polyester blend helps reduce pilling and shrinkage.,#cotton,111637,5,enable,1230,300,50,10,https://i5.walmartimages.com/asr/caad199b-81a7-4323-a25a-4fa64691e630_1.59dc710f33f31749e3992f1698cfd0ce.jpeg,champion,Jacket,winter,no,yes,Color,Blue,Material,Cotton
"Champion Men's Powerblend Fleece Pullover Hoodie, up to Size 4XL",Cotton/polyester blend helps reduce pilling and shrinkage.,#cotton,111638,5,enable,1230,300,50,10,https://i5.walmartimages.com/asr/caad199b-81a7-4323-a25a-4fa64691e630_1.59dc710f33f31749e3992f1698cfd0ce.jpeg,champion,Jacket,winter,no,yes,Color,Blue,Material,Cotton
"Champion Men's Powerblend Fleece Pullover Hoodie, up to Size 4XL",Cotton/polyester blend helps reduce pilling and shrinkage.,#cotton,111639,5,enable,1230,300,50,10,https://i5.walmartimages.com/asr/caad199b-81a7-4323-a25a-4fa64691e630_1.59dc710f33f31749e3992f1698cfd0ce.jpeg,champion,Jacket,winter,no,yes,Color,Blue,Material,Cotton
"Champion Men's Powerblend Fleece Pullover Hoodie, up to Size 4XL",Cotton/polyester blend helps reduce pilling and shrinkage.,#cotton,111640,5,enable,1230,300,50,10,https://i5.walmartimages.com/asr/caad199b-81a7-4323-a25a-4fa64691e630_1.59dc710f33f31749e3992f1698cfd0ce.jpeg,champion,Jacket,winter,no,yes,Color,Blue,Material,Cotton
"Champion Men's Powerblend Fleece Pullover Hoodie, up to Size 4XL",Cotton/polyester blend helps reduce pilling and shrinkage.,#cotton,111641,5,enable,1230,300,50,10,https://i5.walmartimages.com/asr/caad199b-81a7-4323-a25a-4fa64691e630_1.59dc710f33f31749e3992f1698cfd0ce.jpeg,champion,Jacket,winter,no,yes,Color,Blue,Material,Cotton
"Champion Men's Powerblend Fleece Pullover Hoodie, up to Size 4XL",Cotton/polyester blend helps reduce pilling and shrinkage.,#cotton,111642,5,enable,1230,300,50,10,https://i5.walmartimages.com/asr/caad199b-81a7-4323-a25a-4fa64691e630_1.59dc710f33f31749e3992f1698cfd0ce.jpeg,champion,Jacket,winter,no,yes,Color,Blue,Material,Cotton
"Champion Men's Powerblend Fleece Pullover Hoodie, up to Size 4XL",Cotton/polyester blend helps reduce pilling and shrinkage.,#cotton,111643,5,enable,1230,300,50,10,https://i5.walmartimages.com/asr/caad199b-81a7-4323-a25a-4fa64691e630_1.59dc710f33f31749e3992f1698cfd0ce.jpeg,champion,Jacket,winter,no,yes,Color,Blue,Material,Cotton
"Champion Men's Powerblend Fleece Pullover Hoodie, up to Size 4XL",Cotton/polyester blend helps reduce pilling and shrinkage.,#cotton,111644,5,enable,1230,300,50,10,https://i5.walmartimages.com/asr/caad199b-81a7-4323-a25a-4fa64691e630_1.59dc710f33f31749e3992f1698cfd0ce.jpeg,champion,Jacket,winter,no,yes,Color,Blue,Material,Cotton
"Champion Men's Powerblend Fleece Pullover Hoodie, up to Size 4XL",Cotton/polyester blend helps reduce pilling and shrinkage.,#cotton,111645,5,enable,1230,300,50,10,https://i5.walmartimages.com/asr/caad199b-81a7-4323-a25a-4fa64691e630_1.59dc710f33f31749e3992f1698cfd0ce.jpeg,champion,Jacket,winter,no,yes,Color,Blue,Material,Cotton
"Champion Men's Powerblend Fleece Pullover Hoodie, up to Size 4XL",Cotton/polyester blend helps reduce pilling and shrinkage.,#cotton,111646,5,enable,1230,300,50,10,https://i5.walmartimages.com/asr/caad199b-81a7-4323-a25a-4fa64691e630_1.59dc710f33f31749e3992f1698cfd0ce.jpeg,champion,Jacket,winter,no,yes,Color,Blue,Material,Cotton
"Champion Men's Powerblend Fleece Pullover Hoodie, up to Size 4XL",Cotton/polyester blend helps reduce pilling and shrinkage.,#cotton,111647,5,enable,1230,300,50,10,https://i5.walmartimages.com/asr/caad199b-81a7-4323-a25a-4fa64691e630_1.59dc710f33f31749e3992f1698cfd0ce.jpeg,champion,Jacket,winter,no,yes,Color,Blue,Material,Cotton
"Champion Men's Powerblend Fleece Pullover Hoodie, up to Size 4XL",Cotton/polyester blend helps reduce pilling and shrinkage.,#cotton,111648,5,enable,1230,300,50,10,https://i5.walmartimages.com/asr/caad199b-81a7-4323-a25a-4fa64691e630_1.59dc710f33f31749e3992f1698cfd0ce.jpeg,champion,Jacket,winter,no,yes,Color,Blue,Material,Cotton
"Champion Men's Powerblend Fleece Pullover Hoodie, up to Size 4XL",Cotton/polyester blend helps reduce pilling and shrinkage.,#cotton,111649,5,enable,1230,300,50,10,https://i5.walmartimages.com/asr/caad199b-81a7-4323-a25a-4fa64691e630_1.59dc710f33f31749e3992f1698cfd0ce.jpeg,champion,Jacket,winter,no,yes,Color,Blue,Material,Cotton
"Champion Men's Powerblend Fleece Pullover Hoodie, up to Size 4XL",Cotton/polyester blend helps reduce pilling and shrinkage.,#cotton,111650,5,enable,1230,300,50,10,https://i5.walmartimages.com/asr/caad199b-81a7-4323-a25a-4fa64691e630_1.59dc710f33f31749e3992f1698cfd0ce.jpeg,champion,Jacket,winter,no,yes,Color,Blue,Material,Cotton
"Champion Men's Powerblend Fleece Pullover Hoodie, up to Size 4XL",Cotton/polyester blend helps reduce pilling and shrinkage.,#cotton,111651,5,enable,1230,300,50,10,https://i5.walmartimages.com/asr/caad199b-81a7-4323-a25a-4fa64691e630_1.59dc710f33f31749e3992f1698cfd0ce.jpeg,champion,Jacket,winter,no,yes,Color,Blue,Material,Cotton
"Champion Men's Powerblend Fleece Pullover Hoodie, up to Size 4XL",Cotton/polyester blend helps reduce pilling and shrinkage.,#cotton,111652,5,enable,1230,300,50,10,https://i5.walmartimages.com/asr/caad199b-81a7-4323-a25a-4fa64691e630_1.59dc710f33f31749e3992f1698cfd0ce.jpeg,champion,Jacket,winter,no,yes,Color,Blue,Material,Cotton
"Champion Men's Powerblend Fleece Pullover Hoodie, up to Size 4XL",Cotton/polyester blend helps reduce pilling and shrinkage.,#cotton,111653,5,enable,1230,300,50,10,https://i5.walmartimages.com/asr/caad199b-81a7-4323-a25a-4fa64691e630_1.59dc710f33f31749e3992f1698cfd0ce.jpeg,champion,Jacket,winter,no,yes,Color,Blue,Material,Cotton
"Champion Men's Powerblend Fleece Pullover Hoodie, up to Size 4XL",Cotton/polyester blend helps reduce pilling and shrinkage.,#cotton,111654,5,enable,1230,300,50,10,https://i5.walmartimages.com/asr/caad199b-81a7-4323-a25a-4fa64691e630_1.59dc710f33f31749e3992f1698cfd0ce.jpeg,champion,Jacket,winter,no,yes,Color,Blue,Material,Cotton
"Champion Men's Powerblend Fleece Pullover Hoodie, up to Size 4XL",Cotton/polyester blend helps reduce pilling and shrinkage.,#cotton,111655,5,enable,1230,300,50,10,https://i5.walmartimages.com/asr/caad199b-81a7-4323-a25a-4fa64691e630_1.59dc710f33f31749e3992f1698cfd0ce.jpeg,champion,Jacket,winter,no,yes,Color,Blue,Material,Cotton
"Champion Men's Powerblend Fleece Pullover Hoodie, up to Size 4XL",Cotton/polyester blend helps reduce pilling and shrinkage.,#cotton,111656,5,enable,1230,300,50,10,https://i5.walmartimages.com/asr/caad199b-81a7-4323-a25a-4fa64691e630_1.59dc710f33f31749e3992f1698cfd0ce.jpeg,champion,Jacket,winter,no,yes,Color,Blue,Material,Cotton
"Champion Men's Powerblend Fleece Pullover Hoodie, up to Size 4XL",Cotton/polyester blend helps reduce pilling and shrinkage.,#cotton,111657,5,enable,1230,300,50,10,https://i5.walmartimages.com/asr/caad199b-81a7-4323-a25a-4fa64691e630_1.59dc710f33f31749e3992f1698cfd0ce.jpeg,champion,Jacket,winter,no,yes,Color,Blue,Material,Cotton
"Champion Men's Powerblend Fleece Pullover Hoodie, up to Size 4XL",Cotton/polyester blend helps reduce pilling and shrinkage.,#cotton,111658,5,enable,1230,300,50,10,https://i5.walmartimages.com/asr/caad199b-81a7-4323-a25a-4fa64691e630_1.59dc710f33f31749e3992f1698cfd0ce.jpeg,champion,Jacket,winter,no,yes,Color,Blue,Material,Cotton
"Champion Men's Powerblend Fleece Pullover Hoodie, up to Size 4XL",Cotton/polyester blend helps reduce pilling and shrinkage.,#cotton,111659,5,enable,1230,300,50,10,https://i5.walmartimages.com/asr/caad199b-81a7-4323-a25a-4fa64691e630_1.59dc710f33f31749e3992f1698cfd0ce.jpeg,champion,Jacket,winter,no,yes,Color,Blue,Material,Cotton
"Champion Men's Powerblend Fleece Pullover Hoodie, up to Size 4XL",Cotton/polyester blend helps reduce pilling and shrinkage.,#cotton,111660,5,enable,1230,300,50,10,https://i5.walmartimages.com/asr/caad199b-81a7-4323-a25a-4fa64691e630_1.59dc710f33f31749e3992f1698cfd0ce.jpeg,champion,Jacket,winter,no,yes,Color,Blue,Material,Cotton
"Champion Men's Powerblend Fleece Pullover Hoodie, up to Size 4XL",Cotton/polyester blend helps reduce pilling and shrinkage.,#cotton,111661,5,enable,1230,300,50,10,https://i5.walmartimages.com/asr/caad199b-81a7-4323-a25a-4fa64691e630_1.59dc710f33f31749e3992f1698cfd0ce.jpeg,champion,Jacket,winter,no,yes,Color,Blue,Material,Cotton
"Champion Men's Powerblend Fleece Pullover Hoodie, up to Size 4XL",Cotton/polyester blend helps reduce pilling and shrinkage.,#cotton,111662,5,enable,1230,300,50,10,https://i5.walmartimages.com/asr/caad199b-81a7-4323-a25a-4fa64691e630_1.59dc710f33f31749e3992f1698cfd0ce.jpeg,champion,Jacket,winter,no,yes,Color,Blue,Material,Cotton
"Champion Men's Powerblend Fleece Pullover Hoodie, up to Size 4XL",Cotton/polyester blend helps reduce pilling and shrinkage.,#cotton,111663,5,enable,1230,300,50,10,https://i5.walmartimages.com/asr/caad199b-81a7-4323-a25a-4fa64691e630_1.59dc710f33f31749e3992f1698cfd0ce.jpeg,champion,Jacket,winter,no,yes,Color,Blue,Material,Cotton
"Champion Men's Powerblend Fleece Pullover Hoodie, up to Size 4XL",Cotton/polyester blend helps reduce pilling and shrinkage.,#cotton,111664,5,enable,1230,300,50,10,https://i5.walmartimages.com/asr/caad199b-81a7-4323-a25a-4fa64691e630_1.59dc710f33f31749e3992f1698cfd0ce.jpeg,champion,Jacket,winter,no,yes,Color,Blue,Material,Cotton
"Champion Men's Powerblend Fleece Pullover Hoodie, up to Size 4XL",Cotton/polyester blend helps reduce pilling and shrinkage.,#cotton,111665,5,enable,1230,300,50,10,https://i5.walmartimages.com/asr/caad199b-81a7-4323-a25a-4fa64691e630_1.59dc710f33f31749e3992f1698cfd0ce.jpeg,champion,Jacket,winter,no,yes,Color,Blue,Material,Cotton
"Champion Men's Powerblend Fleece Pullover Hoodie, up to Size 4XL",Cotton/polyester blend helps reduce pilling and shrinkage.,#cotton,111666,5,enable,1230,300,50,10,https://i5.walmartimages.com/asr/caad199b-81a7-4323-a25a-4fa64691e630_1.59dc710f33f31749e3992f1698cfd0ce.jpeg,champion,Jacket,winter,no,yes,Color,Blue,Material,Cotton
"Champion Men's Powerblend Fleece Pullover Hoodie, up to Size 4XL",Cotton/polyester blend helps reduce pilling and shrinkage.,#cotton,111667,5,enable,1230,300,50,10,https://i5.walmartimages.com/asr/caad199b-81a7-4323-a25a-4fa64691e630_1.59dc710f33f31749e3992f1698cfd0ce.jpeg,champion,Jacket,winter,no,yes,Color,Blue,Material,Cotton
"Champion Men's Powerblend Fleece Pullover Hoodie, up to Size 4XL",Cotton/polyester blend helps reduce pilling and shrinkage.,#cotton,111668,5,enable,1230,300,50,10,https://i5.walmartimages.com/asr/caad199b-81a7-4323-a25a-4fa64691e630_1.59dc710f33f31749e3992f1698cfd0ce.jpeg,champion,Jacket,winter,no,yes,Color,Blue,Material,Cotton
"Champion Men's Powerblend Fleece Pullover Hoodie, up to Size 4XL",Cotton/polyester blend helps reduce pilling and shrinkage.,#cotton,111669,5,enable,1230,300,50,10,https://i5.walmartimages.com/asr/caad199b-81a7-4323-a25a-4fa64691e630_1.59dc710f33f31749e3992f1698cfd0ce.jpeg,champion,Jacket,winter,no,yes,Color,Blue,Material,Cotton
"Champion Men's Powerblend Fleece Pullover Hoodie, up to Size 4XL",Cotton/polyester blend helps reduce pilling and shrinkage.,#cotton,111670,5,enable,1230,300,50,10,https://i5.walmartimages.com/asr/caad199b-81a7-4323-a25a-4fa64691e630_1.59dc710f33f31749e3992f1698cfd0ce.jpeg,champion,Jacket,winter,no,yes,Color,Blue,Material,Cotton
"Champion Men's Powerblend Fleece Pullover Hoodie, up to Size 4XL",Cotton/polyester blend helps reduce pilling and shrinkage.,#cotton,111671,5,enable,1230,300,50,10,https://i5.walmartimages.com/asr/caad199b-81a7-4323-a25a-4fa64691e630_1.59dc710f33f31749e3992f1698cfd0ce.jpeg,champion,Jacket,winter,no,yes,Color,Blue,Material,Cotton
"Champion Men's Powerblend Fleece Pullover Hoodie, up to Size 4XL",Cotton/polyester blend helps reduce pilling and shrinkage.,#cotton,111672,5,enable,1230,300,50,10,https://i5.walmartimages.com/asr/caad199b-81a7-4323-a25a-4fa64691e630_1.59dc710f33f31749e3992f1698cfd0ce.jpeg,champion,Jacket,winter,no,yes,Color,Blue,Material,Cotton
"Champion Men's Powerblend Fleece Pullover Hoodie, up to Size 4XL",Cotton/polyester blend helps reduce pilling and shrinkage.,#cotton,111673,5,enable,1230,300,50,10,https://i5.walmartimages.com/asr/caad199b-81a7-4323-a25a-4fa64691e630_1.59dc710f33f31749e3992f1698cfd0ce.jpeg,champion,Jacket,winter,no,yes,Color,Blue,Material,Cotton
"Champion Men's Powerblend Fleece Pullover Hoodie, up to Size 4XL",Cotton/polyester blend helps reduce pilling and shrinkage.,#cotton,111674,5,enable,1230,300,50,10,https://i5.walmartimages.com/asr/caad199b-81a7-4323-a25a-4fa64691e630_1.59dc710f33f31749e3992f1698cfd0ce.jpeg,champion,Jacket,winter,no,yes,Color,Blue,Material,Cotton
"Champion Men's Powerblend Fleece Pullover Hoodie, up to Size 4XL",Cotton/polyester blend helps reduce pilling and shrinkage.,#cotton,111675,5,enable,1230,300,50,10,https://i5.walmartimages.com/asr/caad199b-81a7-4323-a25a-4fa64691e630_1.59dc710f33f31749e3992f1698cfd0ce.jpeg,champion,Jacket,winter,no,yes,Color,Blue,Material,Cotton
"Champion Men's Powerblend Fleece Pullover Hoodie, up to Size 4XL",Cotton/polyester blend helps reduce pilling and shrinkage.,#cotton,111676,5,enable,1230,300,50,10,https://i5.walmartimages.com/asr/caad199b-81a7-4323-a25a-4fa64691e630_1.59dc710f33f31749e3992f1698cfd0ce.jpeg,champion,Jacket,winter,no,yes,Color,Blue,Material,Cotton
"Champion Men's Powerblend Fleece Pullover Hoodie, up to Size 4XL",Cotton/polyester blend helps reduce pilling and shrinkage.,#cotton,111677,5,enable,1230,300,50,10,https://i5.walmartimages.com/asr/caad199b-81a7-4323-a25a-4fa64691e630_1.59dc710f33f31749e3992f1698cfd0ce.jpeg,champion,Jacket,winter,no,yes,Color,Blue,Material,Cotton
"Champion Men's Powerblend Fleece Pullover Hoodie, up to Size 4XL",Cotton/polyester blend helps reduce pilling and shrinkage.,#cotton,111678,5,enable,1230,300,50,10,https://i5.walmartimages.com/asr/caad199b-81a7-4323-a25a-4fa64691e630_1.59dc710f33f31749e3992f1698cfd0ce.jpeg,champion,Jacket,winter,no,yes,Color,Blue,Material,Cotton
"Champion Men's Powerblend Fleece Pullover Hoodie, up to Size 4XL",Cotton/polyester blend helps reduce pilling and shrinkage.,#cotton,111679,5,enable,1230,300,50,10,https://i5.walmartimages.com/asr/caad199b-81a7-4323-a25a-4fa64691e630_1.59dc710f33f31749e3992f1698cfd0ce.jpeg,champion,Jacket,winter,no,yes,Color,Blue,Material,Cotton
"Champion Men's Powerblend Fleece Pullover Hoodie, up to Size 4XL",Cotton/polyester blend helps reduce pilling and shrinkage.,#cotton,111680,5,enable,1230,300,50,10,https://i5.walmartimages.com/asr/caad199b-81a7-4323-a25a-4fa64691e630_1.59dc710f33f31749e3992f1698cfd0ce.jpeg,champion,Jacket,winter,no,yes,Color,Blue,Material,Cotton
"Champion Men's Powerblend Fleece Pullover Hoodie, up to Size 4XL",Cotton/polyester blend helps reduce pilling and shrinkage.,#cotton,111681,5,enable,1230,300,50,10,https://i5.walmartimages.com/asr/caad199b-81a7-4323-a25a-4fa64691e630_1.59dc710f33f31749e3992f1698cfd0ce.jpeg,champion,Jacket,winter,no,yes,Color,Blue,Material,Cotton
"Champion Men's Powerblend Fleece Pullover Hoodie, up to Size 4XL",Cotton/polyester blend helps reduce pilling and shrinkage.,#cotton,111682,5,enable,1230,300,50,10,https://i5.walmartimages.com/asr/caad199b-81a7-4323-a25a-4fa64691e630_1.59dc710f33f31749e3992f1698cfd0ce.jpeg,champion,Jacket,winter,no,yes,Color,Blue,Material,Cotton
"Champion Men's Powerblend Fleece Pullover Hoodie, up to Size 4XL",Cotton/polyester blend helps reduce pilling and shrinkage.,#cotton,111683,5,enable,1230,300,50,10,https://i5.walmartimages.com/asr/caad199b-81a7-4323-a25a-4fa64691e630_1.59dc710f33f31749e3992f1698cfd0ce.jpeg,champion,Jacket,winter,no,yes,Color,Blue,Material,Cotton
"Champion Men's Powerblend Fleece Pullover Hoodie, up to Size 4XL",Cotton/polyester blend helps reduce pilling and shrinkage.,#cotton,111684,5,enable,1230,300,50,10,https://i5.walmartimages.com/asr/caad199b-81a7-4323-a25a-4fa64691e630_1.59dc710f33f31749e3992f1698cfd0ce.jpeg,champion,Jacket,winter,no,yes,Color,Blue,Material,Cotton
"Champion Men's Powerblend Fleece Pullover Hoodie, up to Size 4XL",Cotton/polyester blend helps reduce pilling and shrinkage.,#cotton,111685,5,enable,1230,300,50,10,https://i5.walmartimages.com/asr/caad199b-81a7-4323-a25a-4fa64691e630_1.59dc710f33f31749e3992f1698cfd0ce.jpeg,champion,Jacket,winter,no,yes,Color,Blue,Material,Cotton
"Champion Men's Powerblend Fleece Pullover Hoodie, up to Size 4XL",Cotton/polyester blend helps reduce pilling and shrinkage.,#cotton,111686,5,enable,1230,300,50,10,https://i5.walmartimages.com/asr/caad199b-81a7-4323-a25a-4fa64691e630_1.59dc710f33f31749e3992f1698cfd0ce.jpeg,champion,Jacket,winter,no,yes,Color,Blue,Material,Cotton
"Champion Men's Powerblend Fleece Pullover Hoodie, up to Size 4XL",Cotton/polyester blend helps reduce pilling and shrinkage.,#cotton,111687,5,enable,1230,300,50,10,https://i5.walmartimages.com/asr/caad199b-81a7-4323-a25a-4fa64691e630_1.59dc710f33f31749e3992f1698cfd0ce.jpeg,champion,Jacket,winter,no,yes,Color,Blue,Material,Cotton
"Champion Men's Powerblend Fleece Pullover Hoodie, up to Size 4XL",Cotton/polyester blend helps reduce pilling and shrinkage.,#cotton,111688,5,enable,1230,300,50,10,https://i5.walmartimages.com/asr/caad199b-81a7-4323-a25a-4fa64691e630_1.59dc710f33f31749e3992f1698cfd0ce.jpeg,champion,Jacket,winter,no,yes,Color,Blue,Material,Cotton
"Champion Men's Powerblend Fleece Pullover Hoodie, up to Size 4XL",Cotton/polyester blend helps reduce pilling and shrinkage.,#cotton,111689,5,enable,1230,300,50,10,https://i5.walmartimages.com/asr/caad199b-81a7-4323-a25a-4fa64691e630_1.59dc710f33f31749e3992f1698cfd0ce.jpeg,champion,Jacket,winter,no,yes,Color,Blue,Material,Cotton
"Champion Men's Powerblend Fleece Pullover Hoodie, up to Size 4XL",Cotton/polyester blend helps reduce pilling and shrinkage.,#cotton,111690,5,enable,1230,300,50,10,https://i5.walmartimages.com/asr/caad199b-81a7-4323-a25a-4fa64691e630_1.59dc710f33f31749e3992f1698cfd0ce.jpeg,champion,Jacket,winter,no,yes,Color,Blue,Material,Cotton
"Champion Men's Powerblend Fleece Pullover Hoodie, up to Size 4XL",Cotton/polyester blend helps reduce pilling and shrinkage.,#cotton,111691,5,enable,1230,300,50,10,https://i5.walmartimages.com/asr/caad199b-81a7-4323-a25a-4fa64691e630_1.59dc710f33f31749e3992f1698cfd0ce.jpeg,champion,Jacket,winter,no,yes,Color,Blue,Material,Cotton
"Champion Men's Powerblend Fleece Pullover Hoodie, up to Size 4XL",Cotton/polyester blend helps reduce pilling and shrinkage.,#cotton,111692,5,enable,1230,300,50,10,https://i5.walmartimages.com/asr/caad199b-81a7-4323-a25a-4fa64691e630_1.59dc710f33f31749e3992f1698cfd0ce.jpeg,champion,Jacket,winter,no,yes,Color,Blue,Material,Cotton
"Champion Men's Powerblend Fleece Pullover Hoodie, up to Size 4XL",Cotton/polyester blend helps reduce pilling and shrinkage.,#cotton,111693,5,enable,1230,300,50,10,https://i5.walmartimages.com/asr/caad199b-81a7-4323-a25a-4fa64691e630_1.59dc710f33f31749e3992f1698cfd0ce.jpeg,champion,Jacket,winter,no,yes,Color,Blue,Material,Cotton
"Champion Men's Powerblend Fleece Pullover Hoodie, up to Size 4XL",Cotton/polyester blend helps reduce pilling and shrinkage.,#cotton,111694,5,enable,1230,300,50,10,https://i5.walmartimages.com/asr/caad199b-81a7-4323-a25a-4fa64691e630_1.59dc710f33f31749e3992f1698cfd0ce.jpeg,champion,Jacket,winter,no,yes,Color,Blue,Material,Cotton
"Champion Men's Powerblend Fleece Pullover Hoodie, up to Size 4XL",Cotton/polyester blend helps reduce pilling and shrinkage.,#cotton,111695,5,enable,1230,300,50,10,https://i5.walmartimages.com/asr/caad199b-81a7-4323-a25a-4fa64691e630_1.59dc710f33f31749e3992f1698cfd0ce.jpeg,champion,Jacket,winter,no,yes,Color,Blue,Material,Cotton
"Champion Men's Powerblend Fleece Pullover Hoodie, up to Size 4XL",Cotton/polyester blend helps reduce pilling and shrinkage.,#cotton,111696,5,enable,1230,300,50,10,https://i5.walmartimages.com/asr/caad199b-81a7-4323-a25a-4fa64691e630_1.59dc710f33f31749e3992f1698cfd0ce.jpeg,champion,Jacket,winter,no,yes,Color,Blue,Material,Cotton
"Champion Men's Powerblend Fleece Pullover Hoodie, up to Size 4XL",Cotton/polyester blend helps reduce pilling and shrinkage.,#cotton,111697,5,enable,1230,300,50,10,https://i5.walmartimages.com/asr/caad199b-81a7-4323-a25a-4fa64691e630_1.59dc710f33f31749e3992f1698cfd0ce.jpeg,champion,Jacket,winter,no,yes,Color,Blue,Material,Cotton
"Champion Men's Powerblend Fleece Pullover Hoodie, up to Size 4XL",Cotton/polyester blend helps reduce pilling and shrinkage.,#cotton,111698,5,enable,1230,300,50,10,https://i5.walmartimages.com/asr/caad199b-81a7-4323-a25a-4fa64691e630_1.59dc710f33f31749e3992f1698cfd0ce.jpeg,champion,Jacket,winter,no,yes,Color,Blue,Material,Cotton
"Champion Men's Powerblend Fleece Pullover Hoodie, up to Size 4XL",Cotton/polyester blend helps reduce pilling and shrinkage.,#cotton,111699,5,enable,1230,300,50,10,https://i5.walmartimages.com/asr/caad199b-81a7-4323-a25a-4fa64691e630_1.59dc710f33f31749e3992f1698cfd0ce.jpeg,champion,Jacket,winter,no,yes,Color,Blue,Material,Cotton
"Champion Men's Powerblend Fleece Pullover Hoodie, up to Size 4XL",Cotton/polyester blend helps reduce pilling and shrinkage.,#cotton,111700,5,enable,1230,300,50,10,https://i5.walmartimages.com/asr/caad199b-81a7-4323-a25a-4fa64691e630_1.59dc710f33f31749e3992f1698cfd0ce.jpeg,champion,Jacket,winter,no,yes,Color,Blue,Material,Cotton
"Champion Men's Powerblend Fleece Pullover Hoodie, up to Size 4XL",Cotton/polyester blend helps reduce pilling and shrinkage.,#cotton,111701,5,enable,1230,300,50,10,https://i5.walmartimages.com/asr/caad199b-81a7-4323-a25a-4fa64691e630_1.59dc710f33f31749e3992f1698cfd0ce.jpeg,champion,Jacket,winter,no,yes,Color,Blue,Material,Cotton
"Champion Men's Powerblend Fleece Pullover Hoodie, up to Size 4XL",Cotton/polyester blend helps reduce pilling and shrinkage.,#cotton,111702,5,enable,1230,300,50,10,https://i5.walmartimages.com/asr/caad199b-81a7-4323-a25a-4fa64691e630_1.59dc710f33f31749e3992f1698cfd0ce.jpeg,champion,Jacket,winter,no,yes,Color,Blue,Material,Cotton
"Champion Men's Powerblend Fleece Pullover Hoodie, up to Size 4XL",Cotton/polyester blend helps reduce pilling and shrinkage.,#cotton,111703,5,enable,1230,300,50,10,https://i5.walmartimages.com/asr/caad199b-81a7-4323-a25a-4fa64691e630_1.59dc710f33f31749e3992f1698cfd0ce.jpeg,champion,Jacket,winter,no,yes,Color,Blue,Material,Cotton
"Champion Men's Powerblend Fleece Pullover Hoodie, up to Size 4XL",Cotton/polyester blend helps reduce pilling and shrinkage.,#cotton,111704,5,enable,1230,300,50,10,https://i5.walmartimages.com/asr/caad199b-81a7-4323-a25a-4fa64691e630_1.59dc710f33f31749e3992f1698cfd0ce.jpeg,champion,Jacket,winter,no,yes,Color,Blue,Material,Cotton
"Champion Men's Powerblend Fleece Pullover Hoodie, up to Size 4XL",Cotton/polyester blend helps reduce pilling and shrinkage.,#cotton,111705,5,enable,1230,300,50,10,https://i5.walmartimages.com/asr/caad199b-81a7-4323-a25a-4fa64691e630_1.59dc710f33f31749e3992f1698cfd0ce.jpeg,champion,Jacket,winter,no,yes,Color,Blue,Material,Cotton
"Champion Men's Powerblend Fleece Pullover Hoodie, up to Size 4XL",Cotton/polyester blend helps reduce pilling and shrinkage.,#cotton,111706,5,enable,1230,300,50,10,https://i5.walmartimages.com/asr/caad199b-81a7-4323-a25a-4fa64691e630_1.59dc710f33f31749e3992f1698cfd0ce.jpeg,champion,Jacket,winter,no,yes,Color,Blue,Material,Cotton
"Champion Men's Powerblend Fleece Pullover Hoodie, up to Size 4XL",Cotton/polyester blend helps reduce pilling and shrinkage.,#cotton,111707,5,enable,1230,300,50,10,https://i5.walmartimages.com/asr/caad199b-81a7-4323-a25a-4fa64691e630_1.59dc710f33f31749e3992f1698cfd0ce.jpeg,champion,Jacket,winter,no,yes,Color,Blue,Material,Cotton
"Champion Men's Powerblend Fleece Pullover Hoodie, up to Size 4XL",Cotton/polyester blend helps reduce pilling and shrinkage.,#cotton,111708,5,enable,1230,300,50,10,https://i5.walmartimages.com/asr/caad199b-81a7-4323-a25a-4fa64691e630_1.59dc710f33f31749e3992f1698cfd0ce.jpeg,champion,Jacket,winter,no,yes,Color,Blue,Material,Cotton
"Champion Men's Powerblend Fleece Pullover Hoodie, up to Size 4XL",Cotton/polyester blend helps reduce pilling and shrinkage.,#cotton,111709,5,enable,1230,300,50,10,https://i5.walmartimages.com/asr/caad199b-81a7-4323-a25a-4fa64691e630_1.59dc710f33f31749e3992f1698cfd0ce.jpeg,champion,Jacket,winter,no,yes,Color,Blue,Material,Cotton
"Champion Men's Powerblend Fleece Pullover Hoodie, up to Size 4XL",Cotton/polyester blend helps reduce pilling and shrinkage.,#cotton,111710,5,enable,1230,300,50,10,https://i5.walmartimages.com/asr/caad199b-81a7-4323-a25a-4fa64691e630_1.59dc710f33f31749e3992f1698cfd0ce.jpeg,champion,Jacket,winter,no,yes,Color,Blue,Material,Cotton
